record_id,company,date,laid_off,pct,industry,stage,country,location_hq,raised_mm,source_url,source_used,record_type,headcount_scope,causes,cause_details,context,denials,review,cause_status,reason,schema_version,affected_work,reported_workforce_change,explanation_review,generic_review,related_records,coverage_source,headcount_accounts
layoff-2026-002,Angi,2026-01-07,350,,Consumer,Post-IPO,United States,"[""Indianapolis""]",180,https://ir.angi.com/node/12951/html,https://www.sec.gov/Archives/edgar/data/1705110/000170511026000005/angi-20260107.htm,announcement,announced_reduction,"[""ai_productivity"", ""cost_cutting""]","{""ai_productivity"": {""summary"": ""The filing attributes the reduction in part to AI-driven efficiency improvements."", ""attribution"": ""company_stated"", ""scope"": ""event"", ""source_url"": ""https://www.sec.gov/Archives/edgar/data/1705110/000170511026000005/angi-20260107.htm"", ""specificity"": ""concrete""}, ""cost_cutting"": {""summary"": ""Company targets lower operating expenses and annual savings."", ""attribution"": ""company_stated"", ""scope"": ""event"", ""source_url"": ""https://www.sec.gov/Archives/edgar/data/1705110/000170511026000005/angi-20260107.htm"", ""specificity"": ""concrete""}}",[],[],"{""date"": ""2026-09-16"", ""status"": ""source_reviewed"", ""note"": ""The filing links cuts to AI efficiency and lower operating expenses; it does not identify specific jobs replaced by AI."", ""sources"": [""https://ir.angi.com/node/12951/html"", ""https://www.sec.gov/Archives/edgar/data/1705110/000170511026000005/angi-20260107.htm""], ""issues"": []}",specified,The filing links cuts to AI efficiency and lower operating expenses; it does not identify specific jobs replaced by AI.,2,"{""status"": ""not_identified"", ""functions"": [], ""details"": [], ""units"": [], ""levels"": [], ""review"": {""date"": ""2026-09-17"", ""method"": ""manual_review_of_retrieved_sources_and_existing_evidence"", ""note"": ""No explicit affected occupation identified in the material reviewed. This does not mean none were affected or that no other source can identify them."", ""sources"": [""https://ir.angi.com/node/12951/html"", ""https://www.sec.gov/Archives/edgar/data/1705110/000170511026000005/angi-20260107.htm""]}}",,,,,,
layoff-2026-003,Foretellix,2026-01-08,29,0.18,Transportation,Series C,Israel,"[""Tel Aviv"", ""Non-U.S.""]",132,https://www.calcalistech.com/ctechnews/article/hjjj7b6vzx,,announcement,announced_reduction,"[""ai_productivity""]","{""ai_productivity"": {""summary"": ""The company attributes part of the efficiency measures and staffing reduction to growing adoption of AI tools."", ""attribution"": ""company_stated"", ""scope"": ""event"", ""source_url"": ""https://www.calcalistech.com/ctechnews/article/hjjj7b6vzx"", ""specificity"": ""concrete""}}",[],[],"{""date"": ""2026-09-16"", ""status"": ""source_reviewed"", ""note"": ""Company-attributed AI productivity; retained from the earlier source review."", ""sources"": [""https://www.calcalistech.com/ctechnews/article/hjjj7b6vzx""], ""issues"": []}",specified,Company-attributed AI productivity; retained from the earlier source review.,2,"{""status"": ""not_identified"", ""functions"": [], ""details"": [], ""units"": [], ""levels"": [], ""review"": {""date"": ""2026-09-17"", ""method"": ""manual_review_of_retrieved_sources_and_existing_evidence"", ""note"": ""No explicit affected occupation identified in the material reviewed. This does not mean none were affected or that no other source can identify them."", ""sources"": [""https://www.calcalistech.com/ctechnews/article/hjjj7b6vzx""]}}",,,,,,
layoff-2026-004,Hailo,2026-01-08,30,0.1,Manufacturing,Series C,Israel,"[""Tel Aviv"", ""Non-U.S.""]",344,https://www.calcalistech.com/ctechnews/article/hyzk11etvwx,,announcement,announced_reduction,"[""strategic_pivot""]","{""strategic_pivot"": {""summary"": ""Company redirects effort toward robotics and Physical AI; this is a product-market pivot, not employee replacement."", ""attribution"": ""company_stated"", ""scope"": ""event"", ""source_url"": ""https://www.calcalistech.com/ctechnews/article/hyzk11etvwx"", ""specificity"": ""concrete""}}","[{""kind"": ""ai_product_strategy"", ""summary"": ""Physical AI is the destination of the product pivot, not a second layoff mechanism."", ""source_url"": ""https://www.calcalistech.com/ctechnews/article/hyzk11etvwx""}]",[],"{""date"": ""2026-09-16"", ""status"": ""source_reviewed"", ""note"": ""Company redirects effort toward robotics and Physical AI; this is a product-market pivot, not employee replacement."", ""sources"": [""https://www.calcalistech.com/ctechnews/article/hyzk11etvwx""], ""issues"": []}",specified,"Company redirects effort toward robotics and Physical AI; this is a product-market pivot, not employee replacement.",2,"{""status"": ""not_identified"", ""functions"": [], ""details"": [], ""units"": [], ""levels"": [], ""review"": {""date"": ""2026-09-17"", ""method"": ""manual_review_of_retrieved_sources_and_existing_evidence"", ""note"": ""No explicit affected occupation identified in the material reviewed. This does not mean none were affected or that no other source can identify them."", ""sources"": [""https://www.calcalistech.com/ctechnews/article/hyzk11etvwx""]}}",,,,,,
layoff-2026-005,Kaseya,2026-01-08,250,0.05,Security,Private Equity,United States,"[""Miami""]",547,https://www.crn.com/news/channel-news/2026/kaseya-lays-off-5-percent-of-workforce-to-align-our-go-to-market-teams?itc=refresh,https://www.crn.com/news/channel-news/2026/kaseya-lays-off-5-percent-of-workforce-to-align-our-go-to-market-teams,announcement,announced_reduction,"[""organizational_consolidation""]","{""organizational_consolidation"": {""summary"": ""Company reorganizes go-to-market teams around customer segments and account management."", ""attribution"": ""company_stated"", ""scope"": ""event"", ""source_url"": ""https://www.crn.com/news/channel-news/2026/kaseya-lays-off-5-percent-of-workforce-to-align-our-go-to-market-teams"", ""specificity"": ""concrete""}}",[],[],"{""date"": ""2026-09-16"", ""status"": ""source_reviewed"", ""note"": ""Company reorganizes go-to-market teams around customer segments and account management."", ""sources"": [""https://www.crn.com/news/channel-news/2026/kaseya-lays-off-5-percent-of-workforce-to-align-our-go-to-market-teams?itc=refresh"", ""https://www.crn.com/news/channel-news/2026/kaseya-lays-off-5-percent-of-workforce-to-align-our-go-to-market-teams""], ""issues"": []}",specified,Company reorganizes go-to-market teams around customer segments and account management.,2,"{""status"": ""identified"", ""functions"": [""sales""], ""details"": [{""functions"": [""sales""], ""summary"": ""Company identifies go-to-market roles and customer segmentation/account coverage."", ""attribution"": ""company_stated"", ""source_url"": ""https://www.crn.com/news/channel-news/2026/kaseya-lays-off-5-percent-of-workforce-to-align-our-go-to-market-teams"", ""evidence_access"": ""full""}], ""units"": [], ""levels"": [], ""review"": {""date"": ""2026-09-17"", ""method"": ""manual_review_of_retrieved_sources_and_existing_evidence"", ""note"": ""Functions explicitly identified for this event; the list is not necessarily exhaustive."", ""sources"": [""https://www.crn.com/news/channel-news/2026/kaseya-lays-off-5-percent-of-workforce-to-align-our-go-to-market-teams?itc=refresh"", ""https://www.crn.com/news/channel-news/2026/kaseya-lays-off-5-percent-of-workforce-to-align-our-go-to-market-teams""]}}",,,,,,
layoff-2026-006,Tailwind Labs,2026-01-08,3,,Product,Unknown,United States,"[""Oklahoma City""]",,https://www.businessinsider.com/tailwind-engineer-layoffs-ai-github-2026-1,,announcement,announced_reduction,"[""ai_market_disruption"", ""financial_distress""]","{""ai_market_disruption"": {""summary"": ""Founder attributes falling site traffic and paid conversions to AI."", ""attribution"": ""company_stated"", ""scope"": ""event"", ""source_url"": ""https://www.businessinsider.com/tailwind-engineer-layoffs-ai-github-2026-1"", ""specificity"": ""concrete""}, ""financial_distress"": {""summary"": ""Founder projects inadequate payroll funding after the revenue decline."", ""attribution"": ""company_stated"", ""scope"": ""event"", ""source_url"": ""https://www.businessinsider.com/tailwind-engineer-layoffs-ai-github-2026-1"", ""specificity"": ""concrete""}}",[],[],"{""date"": ""2026-09-16"", ""status"": ""source_reviewed"", ""note"": ""Founder links AI-driven traffic and revenue losses to insufficient future payroll funding; three of four engineers is not 75% of the entire company."", ""sources"": [""https://www.businessinsider.com/tailwind-engineer-layoffs-ai-github-2026-1""], ""issues"": [""percentage_denominator""]}",specified,Founder links AI-driven traffic and revenue losses to insufficient future payroll funding; three of four engineers is not 75% of the entire company.,2,"{""status"": ""identified"", ""functions"": [""engineering""], ""details"": [{""functions"": [""engineering""], ""summary"": ""The existing event review identifies three of four engineering staff, not three quarters of all staff."", ""attribution"": ""company_stated"", ""source_url"": ""https://www.businessinsider.com/tailwind-engineer-layoffs-ai-github-2026-1"", ""evidence_access"": ""prior_review""}], ""units"": [], ""levels"": [], ""review"": {""date"": ""2026-09-17"", ""method"": ""manual_review_of_retrieved_sources_and_existing_evidence"", ""note"": ""Functions explicitly identified for this event; the list is not necessarily exhaustive."", ""sources"": [""https://www.businessinsider.com/tailwind-engineer-layoffs-ai-github-2026-1""]}}",,,,,,
layoff-2026-007,FormFactor,2026-01-09,,,Manufacturing,Post-IPO,United States,"[""SF Bay Area""]",15,https://www.latimes.com/business/story/2026-01-09/bay-area-semiconductor-testing-company-to-lay-off-more-than-200-workers,https://www.sec.gov/Archives/edgar/data/1039399/000103939926000002/form-20260105.htm,announcement,affected_roles_not_gross_layoffs,"[""cost_cutting"", ""organizational_consolidation""]","{""cost_cutting"": {""summary"": ""Filing describes facility consolidation and margin improvement. Prior regulatory attribution is unsupported."", ""attribution"": ""company_stated"", ""scope"": ""event"", ""source_url"": ""https://www.sec.gov/Archives/edgar/data/1039399/000103939926000002/form-20260105.htm"", ""specificity"": ""concrete""}, ""organizational_consolidation"": {""summary"": ""Filing describes facility consolidation and margin improvement. Prior regulatory attribution is unsupported."", ""attribution"": ""company_stated"", ""scope"": ""event"", ""source_url"": ""https://www.sec.gov/Archives/edgar/data/1039399/000103939926000002/form-20260105.htm"", ""specificity"": ""concrete""}}",[],[],"{""date"": ""2026-09-16"", ""status"": ""source_reviewed"", ""note"": ""Filing describes facility consolidation and margin improvement. Prior regulatory attribution is unsupported."", ""sources"": [""https://www.latimes.com/business/story/2026-01-09/bay-area-semiconductor-testing-company-to-lay-off-more-than-200-workers"", ""https://www.sec.gov/Archives/edgar/data/1039399/000103939926000002/form-20260105.htm""], ""issues"": [""affected_roles_not_all_layoffs""]}",specified,Filing describes facility consolidation and margin improvement. Prior regulatory attribution is unsupported.,2,"{""status"": ""identified"", ""functions"": [""manufacturing""], ""details"": [{""functions"": [""manufacturing""], ""summary"": ""Manufacturing facilities and their workers are affected; some may be retained rather than laid off."", ""attribution"": ""company_stated"", ""source_url"": ""https://www.sec.gov/Archives/edgar/data/1039399/000103939926000002/form-20260105.htm"", ""evidence_access"": ""prior_review""}], ""units"": [], ""levels"": [], ""review"": {""date"": ""2026-09-17"", ""method"": ""manual_review_of_retrieved_sources_and_existing_evidence"", ""note"": ""Functions explicitly identified for this event; the list is not necessarily exhaustive."", ""sources"": [""https://www.latimes.com/business/story/2026-01-09/bay-area-semiconductor-testing-company-to-lay-off-more-than-200-workers"", ""https://www.sec.gov/Archives/edgar/data/1039399/000103939926000002/form-20260105.htm""]}}","{""value"": 220, ""metric"": ""tracker_estimate"", ""source_range"": [200, 300], ""period"": ""2026 consolidation"", ""source_url"": ""https://www.sec.gov/Archives/edgar/data/1039399/000103939926000002/form-20260105.htm"", ""note"": ""Filing says affected workers may be severed or retained.""}",,,,,
layoff-2026-008,MercadoLibre,2026-01-12,119,,Retail,Post-IPO,Brazil,"[""Buenos Aires"", ""Non-U.S.""]",5100,https://eleconomista.com.ar/economia/despidos-mercado-libre-entrenamos-ia-nos-reemplazo-n91871,https://economia.uol.com.br/noticias/estadao-conteudo/2026/01/13/correcao-mercado-livre-demite-119-pessoas-na-al-sendo-38-no-brasil-apos-avanco-da-ia.htm,announcement,announced_reduction,"[""ai_work_redesign"", ""organizational_consolidation""]","{""ai_work_redesign"": {""summary"": ""Reporter describes designers absorbing UX-writing work with AI tools; correction says this was not the official company statement."", ""attribution"": ""press_reported"", ""scope"": ""event"", ""source_url"": ""https://economia.uol.com.br/noticias/estadao-conteudo/2026/01/13/correcao-mercado-livre-demite-119-pessoas-na-al-sendo-38-no-brasil-apos-avanco-da-ia.htm"", ""specificity"": ""concrete""}, ""organizational_consolidation"": {""summary"": ""Company describes integrating content and design within user experience."", ""attribution"": ""company_stated"", ""scope"": ""event"", ""source_url"": ""https://economia.uol.com.br/noticias/estadao-conteudo/2026/01/13/correcao-mercado-livre-demite-119-pessoas-na-al-sendo-38-no-brasil-apos-avanco-da-ia.htm"", ""specificity"": ""concrete""}}",[],[],"{""date"": ""2026-09-16"", ""status"": ""source_reviewed"", ""note"": ""Correction explicitly attributes AI-enabled reassignment of UX writing to the reporter; company confirms integration of design and content."", ""sources"": [""https://eleconomista.com.ar/economia/despidos-mercado-libre-entrenamos-ia-nos-reemplazo-n91871"", ""https://economia.uol.com.br/noticias/estadao-conteudo/2026/01/13/correcao-mercado-livre-demite-119-pessoas-na-al-sendo-38-no-brasil-apos-avanco-da-ia.htm""], ""issues"": [""attribution_corrected"", ""date_uncertain"", ""headcount_corrected""]}",specified,Correction explicitly attributes AI-enabled reassignment of UX writing to the reporter; company confirms integration of design and content.,2,"{""status"": ""identified"", ""functions"": [""product_design"", ""content""], ""details"": [{""functions"": [""product_design"", ""content""], ""summary"": ""The corrected report identifies UX writing/content roles being integrated with design."", ""attribution"": ""press_reported"", ""source_url"": ""https://economia.uol.com.br/noticias/estadao-conteudo/2026/01/13/correcao-mercado-livre-demite-119-pessoas-na-al-sendo-38-no-brasil-apos-avanco-da-ia.htm"", ""evidence_access"": ""prior_review""}], ""units"": [], ""levels"": [], ""review"": {""date"": ""2026-09-17"", ""method"": ""manual_review_of_retrieved_sources_and_existing_evidence"", ""note"": ""Functions explicitly identified for this event; the list is not necessarily exhaustive."", ""sources"": [""https://eleconomista.com.ar/economia/despidos-mercado-libre-entrenamos-ia-nos-reemplazo-n91871"", ""https://economia.uol.com.br/noticias/estadao-conteudo/2026/01/13/correcao-mercado-livre-demite-119-pessoas-na-al-sendo-38-no-brasil-apos-avanco-da-ia.htm""]}}",,,,,,
layoff-2026-009,Meta,2026-01-13,1500,0.02,Consumer,Post-IPO,United States,"[""SF Bay Area""]",26000,https://www.nytimes.com/2026/01/12/technology/meta-layoffs-reality-labs.html?unlocked_article_code=1.D1A.ckee.3ANQhKMxi5Ld&smid=url-share,https://techcrunch.com/2026/01/14/meta-to-reportedly-lay-off-10-of-reality-labs-staff/,announcement,announced_reduction,"[""strategic_pivot"", ""cost_cutting""]","{""strategic_pivot"": {""summary"": ""Company prioritizes wearables over VR."", ""attribution"": ""company_stated"", ""scope"": ""event"", ""source_url"": ""https://techcrunch.com/2026/01/14/meta-to-reportedly-lay-off-10-of-reality-labs-staff/"", ""specificity"": ""concrete""}, ""cost_cutting"": {""summary"": ""Resources shift within Reality Labs."", ""attribution"": ""company_stated"", ""scope"": ""event"", ""source_url"": ""https://techcrunch.com/2026/01/14/meta-to-reportedly-lay-off-10-of-reality-labs-staff/"", ""specificity"": ""concrete""}}",[],[],"{""date"": ""2026-09-16"", ""status"": ""source_reviewed"", ""note"": ""Company shifts Reality Labs resources from VR toward wearables."", ""sources"": [""https://www.nytimes.com/2026/01/12/technology/meta-layoffs-reality-labs.html?unlocked_article_code=1.D1A.ckee.3ANQhKMxi5Ld&smid=url-share"", ""https://techcrunch.com/2026/01/14/meta-to-reportedly-lay-off-10-of-reality-labs-staff/""], ""issues"": []}",specified,Company shifts Reality Labs resources from VR toward wearables.,2,"{""status"": ""unit_only"", ""functions"": [], ""details"": [], ""units"": [{""name"": ""Reality Labs / VR"", ""summary"": ""Cuts concern the VR business; augmented-reality staff are reported outside the affected scope."", ""source_url"": ""https://techcrunch.com/2026/01/14/meta-to-reportedly-lay-off-10-of-reality-labs-staff/""}], ""levels"": [], ""review"": {""date"": ""2026-09-17"", ""method"": ""manual_review_of_retrieved_sources_and_existing_evidence"", ""note"": ""A business unit or broad scope is named; this does not supply a complete occupation breakdown."", ""sources"": [""https://www.nytimes.com/2026/01/12/technology/meta-layoffs-reality-labs.html?unlocked_article_code=1.D1A.ckee.3ANQhKMxi5Ld&smid=url-share"", ""https://techcrunch.com/2026/01/14/meta-to-reportedly-lay-off-10-of-reality-labs-staff/""]}}",,,,,,
layoff-2026-010,StoreDot,2026-01-13,,,Other,Series D,Israel,"[""Tel Aviv"", ""Non-U.S.""]",184,https://www.calcalistech.com/ctechnews/article/sjkqkmeb11x,,announcement,announced_reduction,[],{},[],[],"{""date"": ""2026-09-16"", ""status"": ""source_reviewed"", ""note"": ""Company declined comment. A possible SPAC transaction does not establish a layoff cause."", ""sources"": [""https://www.calcalistech.com/ctechnews/article/sjkqkmeb11x""], ""issues"": []}",unspecified,Company declined comment. A possible SPAC transaction does not establish a layoff cause.,2,"{""status"": ""not_identified"", ""functions"": [], ""details"": [], ""units"": [], ""levels"": [], ""review"": {""date"": ""2026-09-17"", ""method"": ""manual_review_of_retrieved_sources_and_existing_evidence"", ""note"": ""No explicit affected occupation identified in the material reviewed. This does not mean none were affected or that no other source can identify them."", ""sources"": [""https://www.calcalistech.com/ctechnews/article/sjkqkmeb11x""]}}",,"{""date"": ""2026-09-17"", ""outcome"": ""no_explanation_identified"", ""method"": ""individual_source_reread_and_alternative_source_search"", ""note"": ""Original reporting confirms cuts and a pending SPAC transaction but gives no attributed reason. Funding concerns found in later coverage do not establish why this January round occurred.""}",,,,
layoff-2026-011,eToro,2026-01-13,105,0.07,Finance,Unknown,Israel,"[""Tel Aviv"", ""Non-U.S.""]",322,https://www.calcalistech.com/ctechnews/article/sjedi1vh11x,,announcement,announced_reduction,"[""organizational_realignment""]","{""organizational_realignment"": {""summary"": ""Company links the reduction to aligning its organizational structure with business needs and long-term growth."", ""attribution"": ""company_stated"", ""scope"": ""event"", ""source_url"": ""https://www.calcalistech.com/ctechnews/article/sjedi1vh11x"", ""specificity"": ""generic"", ""evidence_access"": ""full""}}",[],[],"{""date"": ""2026-09-16"", ""status"": ""source_reviewed"", ""note"": ""Company describes organizational alignment without a specific mechanism. Explanation review: attributed reasons are recorded below with explicit specificity."", ""sources"": [""https://www.calcalistech.com/ctechnews/article/sjedi1vh11x""], ""issues"": []}",generic,Generic attributed reason: Company links the reduction to aligning its organizational structure with business needs and long-term growth.,2,"{""status"": ""not_identified"", ""functions"": [], ""details"": [], ""units"": [], ""levels"": [], ""review"": {""date"": ""2026-09-17"", ""method"": ""manual_review_of_retrieved_sources_and_existing_evidence"", ""note"": ""No explicit affected occupation identified in the material reviewed. This does not mean none were affected or that no other source can identify them."", ""sources"": [""https://www.calcalistech.com/ctechnews/article/sjedi1vh11x""]}}",,"{""date"": ""2026-09-17"", ""outcome"": ""generic"", ""note"": ""Event-specific attributed explanation retained at its stated level of detail. Generic language does not establish a concrete operating mechanism or verified causal effect.""}","{""review_date"": ""2026-09-17"", ""outcome"": ""published_reason_remains_general"", ""note_es"": ""La declaración vincula la estructura con las necesidades del negocio; no identifica duplicidades, procesos ni áreas abandonadas. La salida a bolsa no demuestra una causa del recorte."", ""open_question_es"": ""¿Qué proceso, actividad o criterio conecta la explicación publicada con estos puestos concretos?"", ""sources"": [""https://www.calcalistech.com/ctechnews/article/sjedi1vh11x""], ""search_scope"": ""Individual reread of event sources and search by company, announcement date and stated rationale; targeted primary-document checks where a relevant lead was found.""}",,,
layoff-2026-012,Aleph Alpha,2026-01-14,50,0.16,AI,Series B,Germany,"[""Frankfurt"", ""Non-U.S.""]",534,https://www.startbase.com/news/aleph-alpha-baut-rund-50-stellen-ab/,https://apps.eurofound.europa.eu/restructuring-events/detail/203961,announcement,announced_reduction,"[""strategic_priorities""]","{""strategic_priorities"": {""summary"": ""Company says the cuts concentrate capabilities and resources on customer priorities and areas with greater growth potential."", ""attribution"": ""company_stated"", ""scope"": ""event"", ""source_url"": ""https://apps.eurofound.europa.eu/restructuring-events/detail/203961"", ""specificity"": ""generic"", ""evidence_access"": ""full""}}","[{""kind"": ""ai_product_strategy"", ""summary"": ""The employer builds AI products; that alone does not establish an AI layoff cause."", ""source_url"": ""https://apps.eurofound.europa.eu/restructuring-events/detail/203961""}]",[],"{""date"": ""2026-09-16"", ""status"": ""source_reviewed"", ""note"": ""Customer focus and resources for growth remain too general to identify the mechanism. Explanation review: attributed reasons are recorded below with explicit specificity."", ""sources"": [""https://www.startbase.com/news/aleph-alpha-baut-rund-50-stellen-ab/"", ""https://apps.eurofound.europa.eu/restructuring-events/detail/203961""], ""issues"": [""headcount_denominator_uncertain""]}",generic,Generic attributed reason: Company says the cuts concentrate capabilities and resources on customer priorities and areas with greater growth potential.,2,"{""status"": ""not_identified"", ""functions"": [], ""details"": [], ""units"": [], ""levels"": [], ""review"": {""date"": ""2026-09-17"", ""method"": ""manual_review_of_retrieved_sources_and_existing_evidence"", ""note"": ""No explicit affected occupation identified in the material reviewed. This does not mean none were affected or that no other source can identify them."", ""sources"": [""https://www.startbase.com/news/aleph-alpha-baut-rund-50-stellen-ab/"", ""https://apps.eurofound.europa.eu/restructuring-events/detail/203961""]}}",,"{""date"": ""2026-09-17"", ""outcome"": ""generic"", ""note"": ""Event-specific attributed explanation retained at its stated level of detail. Generic language does not establish a concrete operating mechanism or verified causal effect.""}","{""review_date"": ""2026-09-17"", ""outcome"": ""investigation_limited"", ""note_es"": ""Eurofound conserva el anuncio, pero el enlace al comunicado original ahora redirige a la portada. La estrategia posterior de modelos especializados no basta para atribuir ese giro a los puestos eliminados en enero."", ""open_question_es"": ""¿Qué detalle contenía el comunicado original y qué áreas concretas perdieron recursos?"", ""sources"": [""https://www.startbase.com/news/aleph-alpha-baut-rund-50-stellen-ab/"", ""https://apps.eurofound.europa.eu/restructuring-events/detail/203961"", ""https://aleph-alpha.com/aleph-alpha-aligns-its-organization-with-strategic-priorities/""], ""search_scope"": ""Individual reread of event sources and search by company, announcement date and stated rationale; targeted primary-document checks where a relevant lead was found.""}",,,
layoff-2026-013,Playtika,2026-01-14,500,0.15,Consumer,Post-IPO,Israel,"[""Tel Aviv"", ""Non-U.S.""]",,https://www.calcalistech.com/ctechnews/article/bkl6xzhswe,,announcement,announced_reduction,"[""ai_productivity"", ""strategic_pivot""]","{""ai_productivity"": {""summary"": ""The CEO links the restructuring to smaller teams enabled by AI and automation; the gains are an expectation, not an independently measured result."", ""attribution"": ""company_stated"", ""scope"": ""event"", ""source_url"": ""https://www.calcalistech.com/ctechnews/article/bkl6xzhswe"", ""specificity"": ""concrete""}, ""strategic_pivot"": {""summary"": ""The restructuring concentrates development and resources on fewer games rather than broad portfolio expansion."", ""attribution"": ""company_stated"", ""scope"": ""event"", ""source_url"": ""https://www.calcalistech.com/ctechnews/article/bkl6xzhswe"", ""specificity"": ""concrete""}}",[],[],"{""date"": ""2026-09-16"", ""status"": ""source_reviewed"", ""note"": ""CEO links smaller teams to AI-enabled work and concentration on fewer games."", ""sources"": [""https://www.calcalistech.com/ctechnews/article/bkl6xzhswe""], ""issues"": []}",specified,CEO links smaller teams to AI-enabled work and concentration on fewer games.,2,"{""status"": ""not_identified"", ""functions"": [], ""details"": [], ""units"": [], ""levels"": [], ""review"": {""date"": ""2026-09-17"", ""method"": ""manual_review_of_retrieved_sources_and_existing_evidence"", ""note"": ""No explicit affected occupation identified in the material reviewed. This does not mean none were affected or that no other source can identify them."", ""sources"": [""https://www.calcalistech.com/ctechnews/article/bkl6xzhswe""]}}",,,,,,
layoff-2026-014,Ericsson,2026-01-15,1600,,Other,Post-IPO,Sweden,"[""Stockholm"", ""Non-U.S.""]",663,https://www.reuters.com/business/world-at-work/ericsson-shed-1600-jobs-sweden-2026-01-15/,https://www.ericsson.com/en/press-releases/2026/1/ericsson-announces-proposed-headcount-reduction-in-sweden,announcement,announced_reduction,"[""cost_cutting""]","{""cost_cutting"": {""summary"": ""Company release explicitly names cost position. Market stagnation is context, not evidence of collapsing demand."", ""attribution"": ""company_stated"", ""scope"": ""event"", ""source_url"": ""https://www.ericsson.com/en/press-releases/2026/1/ericsson-announces-proposed-headcount-reduction-in-sweden"", ""specificity"": ""concrete""}}",[],[],"{""date"": ""2026-09-16"", ""status"": ""source_reviewed"", ""note"": ""Company release explicitly names cost position. Market stagnation is context, not evidence of collapsing demand."", ""sources"": [""https://www.reuters.com/business/world-at-work/ericsson-shed-1600-jobs-sweden-2026-01-15/"", ""https://www.ericsson.com/en/press-releases/2026/1/ericsson-announces-proposed-headcount-reduction-in-sweden""], ""issues"": []}",specified,"Company release explicitly names cost position. Market stagnation is context, not evidence of collapsing demand.",2,"{""status"": ""not_identified"", ""functions"": [], ""details"": [], ""units"": [], ""levels"": [], ""review"": {""date"": ""2026-09-17"", ""method"": ""manual_review_of_retrieved_sources_and_existing_evidence"", ""note"": ""No explicit affected occupation identified in the material reviewed. This does not mean none were affected or that no other source can identify them."", ""sources"": [""https://www.reuters.com/business/world-at-work/ericsson-shed-1600-jobs-sweden-2026-01-15/"", ""https://www.ericsson.com/en/press-releases/2026/1/ericsson-announces-proposed-headcount-reduction-in-sweden""]}}",,,,,,
layoff-2026-015,Tipalti,2026-01-15,100,,Finance,Series F,United States,"[""SF Bay Area""]",565,https://en.globes.co.il/en/article-tipalti-laying-off-dozens-of-employees-1001532153,https://www.calcalistech.com/ctechnews/article/syrnrsyvgg,announcement,announced_reduction,"[""strategic_pivot""]","{""strategic_pivot"": {""summary"": ""CEO describes shifting toward mid-market customers and changing development priorities; the previous cost-cutting tag lacked support."", ""attribution"": ""company_stated"", ""scope"": ""event"", ""source_url"": ""https://www.calcalistech.com/ctechnews/article/syrnrsyvgg"", ""specificity"": ""concrete""}}",[],[],"{""date"": ""2026-09-16"", ""status"": ""source_reviewed"", ""note"": ""CEO describes shifting toward mid-market customers and changing development priorities; the previous cost-cutting tag lacked support."", ""sources"": [""https://en.globes.co.il/en/article-tipalti-laying-off-dozens-of-employees-1001532153"", ""https://www.calcalistech.com/ctechnews/article/syrnrsyvgg""], ""issues"": []}",specified,CEO describes shifting toward mid-market customers and changing development priorities; the previous cost-cutting tag lacked support.,2,"{""status"": ""identified"", ""functions"": [""sales"", ""engineering""], ""details"": [{""functions"": [""sales"", ""engineering""], ""summary"": ""CEO identifies reductions in sales and development divisions."", ""attribution"": ""company_stated"", ""source_url"": ""https://www.calcalistech.com/ctechnews/article/syrnrsyvgg"", ""evidence_access"": ""full""}], ""units"": [], ""levels"": [], ""review"": {""date"": ""2026-09-17"", ""method"": ""manual_review_of_retrieved_sources_and_existing_evidence"", ""note"": ""Functions explicitly identified for this event; the list is not necessarily exhaustive."", ""sources"": [""https://en.globes.co.il/en/article-tipalti-laying-off-dozens-of-employees-1001532153"", ""https://www.calcalistech.com/ctechnews/article/syrnrsyvgg""]}}",,,,,,
layoff-2026-016,Polygon,2026-01-16,60,,Crypto,Unknown,Cayman Islands,"[""Cayman Islands"", ""Non-U.S.""]",451,https://www.coindesk.com/business/2026/01/16/polygon-labs-said-to-have-laid-off-60-staff-following-new-usd250-million-acquisition,,announcement,announced_reduction,"[""m_and_a""]","{""m_and_a"": {""summary"": ""Company links eliminated duplicate roles to acquisitions; reported percentage and net staffing are disputed."", ""attribution"": ""company_stated"", ""scope"": ""event"", ""source_url"": ""https://www.coindesk.com/business/2026/01/16/polygon-labs-said-to-have-laid-off-60-staff-following-new-usd250-million-acquisition"", ""specificity"": ""concrete""}}",[],[],"{""date"": ""2026-09-16"", ""status"": ""source_reviewed"", ""note"": ""Company links eliminated duplicate roles to acquisitions; reported percentage and net staffing are disputed."", ""sources"": [""https://www.coindesk.com/business/2026/01/16/polygon-labs-said-to-have-laid-off-60-staff-following-new-usd250-million-acquisition""], ""issues"": [""percentage_disputed""]}",specified,Company links eliminated duplicate roles to acquisitions; reported percentage and net staffing are disputed.,2,"{""status"": ""not_identified"", ""functions"": [], ""details"": [], ""units"": [], ""levels"": [], ""review"": {""date"": ""2026-09-17"", ""method"": ""manual_review_of_retrieved_sources_and_existing_evidence"", ""note"": ""No explicit affected occupation identified in the material reviewed. This does not mean none were affected or that no other source can identify them."", ""sources"": [""https://www.coindesk.com/business/2026/01/16/polygon-labs-said-to-have-laid-off-60-staff-following-new-usd250-million-acquisition""]}}",,,,,,
layoff-2026-017,Vimeo,2026-01-21,,,Consumer,Acquired,United States,"[""New York City""]",450,https://www.businessinsider.com/vimeo-laying-off-staff-after-billion-sale-to-bending-spoons-2026-1,https://techcrunch.com/2026/01/22/vimeo-starts-layoffs-after-acquisition-by-bending-spoons/,announcement,announced_reduction,[],{},"[{""kind"": ""acquisition"", ""summary"": ""Acquired by Bending Spoons; role duplication is not established."", ""source_url"": ""https://techcrunch.com/2026/01/22/vimeo-starts-layoffs-after-acquisition-by-bending-spoons/""}]",[],"{""date"": ""2026-09-16"", ""status"": ""source_reviewed"", ""note"": ""Acquisition timing does not identify an integration mechanism in the cited report."", ""sources"": [""https://www.businessinsider.com/vimeo-laying-off-staff-after-billion-sale-to-bending-spoons-2026-1"", ""https://techcrunch.com/2026/01/22/vimeo-starts-layoffs-after-acquisition-by-bending-spoons/"", ""https://vimeo.com/blog/post/what-comes-next-vimeo""], ""issues"": [""possible_overlap""]}",unspecified,Acquisition timing does not identify an integration mechanism in the cited report.,2,"{""status"": ""not_identified"", ""functions"": [], ""details"": [], ""units"": [], ""levels"": [], ""review"": {""date"": ""2026-09-17"", ""method"": ""manual_review_of_retrieved_sources_and_existing_evidence"", ""note"": ""No explicit affected occupation identified in the material reviewed. This does not mean none were affected or that no other source can identify them."", ""sources"": [""https://www.businessinsider.com/vimeo-laying-off-staff-after-billion-sale-to-bending-spoons-2026-1"", ""https://techcrunch.com/2026/01/22/vimeo-starts-layoffs-after-acquisition-by-bending-spoons/""]}}",,"{""date"": ""2026-09-17"", ""outcome"": ""no_explanation_identified"", ""method"": ""individual_source_reread_and_alternative_source_search"", ""note"": ""January reporting confirms layoffs following the acquisition. The March leadership letter discusses the operating model, but does not explicitly attribute this January reduction to a particular reason. Acquisition timing alone is insufficient.""}",,,,
layoff-2026-018,Autodesk,2026-01-22,1000,0.07,Other,Post-IPO,United States,"[""SF Bay Area""]",,https://www.reuters.com/business/world-at-work/autodesk-lay-off-about-7-workforce-2026-01-22/,https://adsknews.autodesk.com/en/news/012226-employee-message/,announcement,announced_reduction,"[""organizational_consolidation"", ""ai_investment_reallocation""]","{""organizational_consolidation"": {""summary"": ""The cuts, mainly in customer-facing sales, complete a multi-year go-to-market transformation."", ""attribution"": ""press_reported"", ""scope"": ""event"", ""source_url"": ""https://adsknews.autodesk.com/en/news/012226-employee-message/"", ""specificity"": ""concrete""}, ""ai_investment_reallocation"": {""summary"": ""The CEO lists reinvestment in AI, platform and industry-cloud capabilities among the drivers of the reduction; completing the go-to-market transformation is the primary driver."", ""attribution"": ""company_stated"", ""scope"": ""event"", ""source_url"": ""https://adsknews.autodesk.com/en/news/012226-employee-message/"", ""specificity"": ""concrete""}}",[],"[{""target"": ""replacement"", ""speaker"": ""company"", ""summary"": ""Denies replacing people with AI while describing AI-related reinvestment."", ""source_url"": ""https://adsknews.autodesk.com/en/news/012226-employee-message/""}]","{""date"": ""2026-09-16"", ""status"": ""source_reviewed"", ""note"": ""Company names go-to-market consolidation and reinvestment including AI; denies replacement specifically."", ""sources"": [""https://www.reuters.com/business/world-at-work/autodesk-lay-off-about-7-workforce-2026-01-22/"", ""https://adsknews.autodesk.com/en/news/012226-employee-message/""], ""issues"": []}",specified,Company names go-to-market consolidation and reinvestment including AI; denies replacement specifically.,2,"{""status"": ""identified"", ""functions"": [""sales""], ""details"": [{""functions"": [""sales""], ""summary"": ""Employee message says most impact falls on customer-facing sales teams."", ""attribution"": ""company_stated"", ""source_url"": ""https://adsknews.autodesk.com/en/news/012226-employee-message/"", ""evidence_access"": ""full""}], ""units"": [], ""levels"": [], ""review"": {""date"": ""2026-09-17"", ""method"": ""manual_review_of_retrieved_sources_and_existing_evidence"", ""note"": ""Functions explicitly identified for this event; the list is not necessarily exhaustive."", ""sources"": [""https://www.reuters.com/business/world-at-work/autodesk-lay-off-about-7-workforce-2026-01-22/"", ""https://adsknews.autodesk.com/en/news/012226-employee-message/""]}}",,,,,,
layoff-2026-019,Shopify,2026-01-22,,,Retail,Post-IPO,Canada,"[""Ottawa"", ""Non-U.S.""]",122,https://betakit.com/shopify-makes-more-job-cuts-this-time-targeting-partnerships-division/,,announcement,announced_reduction,"[""strategic_pivot""]","{""strategic_pivot"": {""summary"": ""Reporting connects partnership cuts with changed commerce priorities; this does not describe AI doing employees' work."", ""attribution"": ""press_reported"", ""scope"": ""event"", ""source_url"": ""https://betakit.com/shopify-makes-more-job-cuts-this-time-targeting-partnerships-division/"", ""specificity"": ""concrete""}}","[{""kind"": ""ai_product_strategy"", ""summary"": ""AI commerce is a business priority; internal employee automation is not described."", ""source_url"": ""https://betakit.com/shopify-makes-more-job-cuts-this-time-targeting-partnerships-division/""}]",[],"{""date"": ""2026-09-16"", ""status"": ""source_reviewed"", ""note"": ""Reporting connects partnership cuts with changed commerce priorities; this does not describe AI doing employees' work."", ""sources"": [""https://betakit.com/shopify-makes-more-job-cuts-this-time-targeting-partnerships-division/""], ""issues"": []}",specified,Reporting connects partnership cuts with changed commerce priorities; this does not describe AI doing employees' work.,2,"{""status"": ""identified"", ""functions"": [""sales""], ""details"": [{""functions"": [""sales""], ""summary"": ""Existing source review identifies partnership roles in the January event."", ""attribution"": ""press_reported"", ""source_url"": ""https://betakit.com/shopify-makes-more-job-cuts-this-time-targeting-partnerships-division/"", ""evidence_access"": ""prior_review""}], ""units"": [], ""levels"": [], ""review"": {""date"": ""2026-09-17"", ""method"": ""manual_review_of_retrieved_sources_and_existing_evidence"", ""note"": ""Functions explicitly identified for this event; the list is not necessarily exhaustive."", ""sources"": [""https://betakit.com/shopify-makes-more-job-cuts-this-time-targeting-partnerships-division/""]}}",,,,,,
layoff-2026-020,Roof Stacks,2026-01-24,220,,Consumer,Seed,Turkey,"[""Istanbul"", ""Non-U.S.""]",1,https://www.yenicaggazetesi.com/erdoganin-mektup-arkadasinin-sirketinde-skandal-olay-yuzlerce-kisi-isten-cikarildi-995293h.htm,,announcement,announced_reduction,"[""unit_closure""]","{""unit_closure"": {""summary"": ""Employees report management described closing loss-making units. Separate meeting attendance and layoff estimates should not be conflated."", ""attribution"": ""press_reported"", ""scope"": ""event"", ""source_url"": ""https://www.yenicaggazetesi.com/erdoganin-mektup-arkadasinin-sirketinde-skandal-olay-yuzlerce-kisi-isten-cikarildi-995293h.htm"", ""specificity"": ""concrete""}}",[],[],"{""date"": ""2026-09-16"", ""status"": ""source_reviewed"", ""note"": ""Employees report management described closing loss-making units. Separate meeting attendance and layoff estimates should not be conflated."", ""sources"": [""https://www.yenicaggazetesi.com/erdoganin-mektup-arkadasinin-sirketinde-skandal-olay-yuzlerce-kisi-isten-cikarildi-995293h.htm""], ""issues"": []}",specified,Employees report management described closing loss-making units. Separate meeting attendance and layoff estimates should not be conflated.,2,"{""status"": ""unit_only"", ""functions"": [], ""details"": [], ""units"": [{""name"": ""Loss-making units"", ""summary"": ""Employees describe closing loss-making units; no occupation inventory recovered."", ""source_url"": ""https://www.yenicaggazetesi.com/erdoganin-mektup-arkadasinin-sirketinde-skandal-olay-yuzlerce-kisi-isten-cikarildi-995293h.htm""}], ""levels"": [], ""review"": {""date"": ""2026-09-17"", ""method"": ""manual_review_of_retrieved_sources_and_existing_evidence"", ""note"": ""A business unit or broad scope is named; this does not supply a complete occupation breakdown."", ""sources"": [""https://www.yenicaggazetesi.com/erdoganin-mektup-arkadasinin-sirketinde-skandal-olay-yuzlerce-kisi-isten-cikarildi-995293h.htm""]}}",,,,,,
layoff-2026-021,Entropy,2026-01-25,,1,Crypto,Seed,United States,"[""New York City""]",27,https://www.theblock.co/post/386942/entropy-a16z-backed-decentralized-custody-startup-is-winding-down-and-returning-capital-to-investors,,announcement,announced_reduction,"[""shutdown""]","{""shutdown"": {""summary"": ""Founder closes the business after finding its model unsuitable for venture-scale growth."", ""attribution"": ""company_stated"", ""scope"": ""event"", ""source_url"": ""https://www.theblock.co/post/386942/entropy-a16z-backed-decentralized-custody-startup-is-winding-down-and-returning-capital-to-investors"", ""specificity"": ""concrete""}}",[],[],"{""date"": ""2026-09-16"", ""status"": ""source_reviewed"", ""note"": ""Founder closes the business after finding its model unsuitable for venture-scale growth."", ""sources"": [""https://www.theblock.co/post/386942/entropy-a16z-backed-decentralized-custody-startup-is-winding-down-and-returning-capital-to-investors""], ""issues"": []}",specified,Founder closes the business after finding its model unsuitable for venture-scale growth.,2,"{""status"": ""not_identified"", ""functions"": [], ""details"": [], ""units"": [], ""levels"": [], ""review"": {""date"": ""2026-09-17"", ""method"": ""manual_review_of_retrieved_sources_and_existing_evidence"", ""note"": ""No explicit affected occupation identified in the material reviewed. This does not mean none were affected or that no other source can identify them."", ""sources"": [""https://www.theblock.co/post/386942/entropy-a16z-backed-decentralized-custody-startup-is-winding-down-and-returning-capital-to-investors""]}}",,,,,,
layoff-2026-022,Expedia,2026-01-26,162,,Travel,Post-IPO,United States,"[""Seattle""]",3300,https://www.bizjournals.com/seattle/news/2026/01/26/expedia-layoffs-tech-team-interbay-travel.html,https://www.geekwire.com/2026/expedia-group-lays-off-employees-in-latest-cuts-at-seattle-travel-giant/,announcement,announced_reduction,"[""organizational_consolidation""]","{""organizational_consolidation"": {""summary"": ""The company explicitly links role eliminations and new roles to simplifying its structure and reducing organizational layers."", ""attribution"": ""press_reported"", ""scope"": ""event"", ""source_url"": ""https://www.geekwire.com/2026/expedia-group-lays-off-employees-in-latest-cuts-at-seattle-travel-giant/"", ""specificity"": ""concrete""}}","[{""kind"": ""earlier_period"", ""summary"": ""AI comments in coverage concern earlier earnings commentary."", ""source_url"": ""https://www.geekwire.com/2026/expedia-group-lays-off-employees-in-latest-cuts-at-seattle-travel-giant/""}]",[],"{""date"": ""2026-09-16"", ""status"": ""source_reviewed"", ""note"": ""Company describes fewer layers; AI comments concern earlier earnings commentary."", ""sources"": [""https://www.bizjournals.com/seattle/news/2026/01/26/expedia-layoffs-tech-team-interbay-travel.html"", ""https://www.geekwire.com/2026/expedia-group-lays-off-employees-in-latest-cuts-at-seattle-travel-giant/""], ""issues"": []}",specified,Company describes fewer layers; AI comments concern earlier earnings commentary.,2,"{""status"": ""not_identified"", ""functions"": [], ""details"": [], ""units"": [], ""levels"": [], ""review"": {""date"": ""2026-09-17"", ""method"": ""manual_review_of_retrieved_sources_and_existing_evidence"", ""note"": ""No explicit affected occupation identified in the material reviewed. This does not mean none were affected or that no other source can identify them."", ""sources"": [""https://www.bizjournals.com/seattle/news/2026/01/26/expedia-layoffs-tech-team-interbay-travel.html"", ""https://www.geekwire.com/2026/expedia-group-lays-off-employees-in-latest-cuts-at-seattle-travel-giant/""]}}",,,,,,
layoff-2026-023,Moon Active,2026-01-27,110,0.05,Consumer,Unknown,Israel,"[""Tel Aviv"", ""Non-U.S.""]",425,https://www.calcalistech.com/ctechnews/article/jvbqyjznm,,announcement,announced_reduction,"[""operational_efficiency""]","{""operational_efficiency"": {""summary"": ""Company describes targeted streamlining in two units after reviewing operations and internal processes."", ""attribution"": ""company_stated"", ""scope"": ""event"", ""source_url"": ""https://www.calcalistech.com/ctechnews/article/jvbqyjznm"", ""specificity"": ""generic"", ""evidence_access"": ""full""}}",[],[],"{""date"": ""2026-09-16"", ""status"": ""source_reviewed"", ""note"": ""The source identifies affected units and broad streamlining, but does not establish cost-cutting as the specific mechanism. Explanation review: attributed reasons are recorded below with explicit specificity."", ""sources"": [""https://www.calcalistech.com/ctechnews/article/jvbqyjznm""], ""issues"": []}",generic,Generic attributed reason: Company describes targeted streamlining in two units after reviewing operations and internal processes.,2,"{""status"": ""not_identified"", ""functions"": [], ""details"": [], ""units"": [], ""levels"": [], ""review"": {""date"": ""2026-09-17"", ""method"": ""manual_review_of_retrieved_sources_and_existing_evidence"", ""note"": ""No explicit affected occupation identified in the material reviewed. This does not mean none were affected or that no other source can identify them."", ""sources"": [""https://www.calcalistech.com/ctechnews/article/jvbqyjznm""]}}",,"{""date"": ""2026-09-17"", ""outcome"": ""generic"", ""note"": ""Event-specific attributed explanation retained at its stated level of detail. Generic language does not establish a concrete operating mechanism or verified causal effect.""}","{""review_date"": ""2026-09-17"", ""outcome"": ""published_reason_remains_general"", ""note_es"": ""La empresa identifica dos unidades sujetas a revisión interna, pero no detalla qué cambia en sus procesos. Los ingresos récord son contexto, no el mecanismo."", ""open_question_es"": ""¿Qué proceso, actividad o criterio conecta la explicación publicada con estos puestos concretos?"", ""sources"": [""https://www.calcalistech.com/ctechnews/article/jvbqyjznm""], ""search_scope"": ""Individual reread of event sources and search by company, announcement date and stated rationale; targeted primary-document checks where a relevant lead was found.""}",,,
layoff-2026-024,Pinterest,2026-01-27,700,0.15,Consumer,Post-IPO,United States,"[""SF Bay Area""]",1500,https://www.theverge.com/news/868531/pinterest-layoffs-cuts-15-percent-ai-transformation,https://techcrunch.com/2026/01/27/pinterest-to-lay-off-15-of-staff-to-redirect-resources-to-ai/,announcement,announced_reduction,"[""ai_investment_reallocation""]","{""ai_investment_reallocation"": {""summary"": ""Resources redirected toward AI capabilities and AI-focused roles."", ""attribution"": ""company_stated"", ""scope"": ""event"", ""source_url"": ""https://techcrunch.com/2026/01/27/pinterest-to-lay-off-15-of-staff-to-redirect-resources-to-ai/"", ""specificity"": ""concrete""}}",[],[],"{""date"": ""2026-09-16"", ""status"": ""source_reviewed"", ""note"": ""Resources redirected toward AI capabilities and AI-focused roles."", ""sources"": [""https://www.theverge.com/news/868531/pinterest-layoffs-cuts-15-percent-ai-transformation"", ""https://techcrunch.com/2026/01/27/pinterest-to-lay-off-15-of-staff-to-redirect-resources-to-ai/""], ""issues"": []}",specified,Resources redirected toward AI capabilities and AI-focused roles.,2,"{""status"": ""not_identified"", ""functions"": [], ""details"": [], ""units"": [], ""levels"": [], ""review"": {""date"": ""2026-09-17"", ""method"": ""manual_review_of_retrieved_sources_and_existing_evidence"", ""note"": ""No explicit affected occupation identified in the material reviewed. This does not mean none were affected or that no other source can identify them."", ""sources"": [""https://www.theverge.com/news/868531/pinterest-layoffs-cuts-15-percent-ai-transformation"", ""https://techcrunch.com/2026/01/27/pinterest-to-lay-off-15-of-staff-to-redirect-resources-to-ai/""]}}",,,,,,
layoff-2026-025,ASML,2026-01-28,,,Hardware,Post-IPO,Netherlands,"[""Veldhoven"", ""Non-U.S.""]",,https://www.asml.com/en/news/press-releases/2026/strengthening-focus-on-engineering-and-innovation,,announcement,announced_reduction,"[""organizational_consolidation""]","{""organizational_consolidation"": {""summary"": ""Company replaces matrix organization with dedicated product/module teams and removes associated management roles."", ""attribution"": ""company_stated"", ""scope"": ""event"", ""source_url"": ""https://www.asml.com/en/news/press-releases/2026/strengthening-focus-on-engineering-and-innovation"", ""specificity"": ""concrete""}}",[],[],"{""date"": ""2026-09-16"", ""status"": ""source_reviewed"", ""note"": ""Company replaces matrix structures with dedicated product and module teams; the 1,700 figure is a planned net reduction."", ""sources"": [""https://www.asml.com/en/news/press-releases/2026/strengthening-focus-on-engineering-and-innovation""], ""issues"": [""net_not_gross""]}",specified,"Company replaces matrix structures with dedicated product and module teams; the 1,700 figure is a planned net reduction.",2,"{""status"": ""identified"", ""functions"": [""engineering"", ""it_security""], ""details"": [{""functions"": [""engineering"", ""it_security""], ""summary"": ""Proposed changes affect Technology and IT/Data, especially leadership; new engineering roles are also planned."", ""attribution"": ""company_stated"", ""source_url"": ""https://www.asml.com/en/news/press-releases/2026/strengthening-focus-on-engineering-and-innovation"", ""evidence_access"": ""full""}], ""units"": [], ""levels"": [""leadership""], ""review"": {""date"": ""2026-09-17"", ""method"": ""manual_review_of_retrieved_sources_and_existing_evidence"", ""note"": ""Functions explicitly identified for this event; the list is not necessarily exhaustive."", ""sources"": [""https://www.asml.com/en/news/press-releases/2026/strengthening-focus-on-engineering-and-innovation""]}}","{""value"": 1700, ""metric"": ""planned_net_workforce_reduction"", ""period"": ""2026 reorganization"", ""source_url"": ""https://www.asml.com/en/news/press-releases/2026/strengthening-focus-on-engineering-and-innovation""}",,,,,
layoff-2026-026,Amazon,2026-01-28,16000,,Retail,Post-IPO,United States,"[""Seattle""]",8100,https://www.aboutamazon.com/news/company-news/amazon-layoffs-corporate-jan-2026,,announcement,announced_reduction,"[""organizational_consolidation""]","{""organizational_consolidation"": {""summary"": ""Current company memo identifies management layers and bureaucracy. AI attribution cannot be imported from another round."", ""attribution"": ""company_stated"", ""scope"": ""event"", ""source_url"": ""https://www.aboutamazon.com/news/company-news/amazon-layoffs-corporate-jan-2026"", ""specificity"": ""concrete""}}",[],[],"{""date"": ""2026-09-16"", ""status"": ""source_reviewed"", ""note"": ""Current company memo identifies management layers and bureaucracy. AI attribution cannot be imported from another round."", ""sources"": [""https://www.aboutamazon.com/news/company-news/amazon-layoffs-corporate-jan-2026""], ""issues"": [""earlier_denial_needs_source_verification""]}",specified,Current company memo identifies management layers and bureaucracy. AI attribution cannot be imported from another round.,2,"{""status"": ""not_identified"", ""functions"": [], ""details"": [], ""units"": [], ""levels"": [], ""review"": {""date"": ""2026-09-17"", ""method"": ""manual_review_of_retrieved_sources_and_existing_evidence"", ""note"": ""No explicit affected occupation identified in the material reviewed. This does not mean none were affected or that no other source can identify them."", ""sources"": [""https://www.aboutamazon.com/news/company-news/amazon-layoffs-corporate-jan-2026""]}}",,,,,,
layoff-2026-027,Gloo,2026-01-29,,,Consumer,Post-IPO,United States,"[""Boulder""]",152,https://www.bizjournals.com/denver/news/2026/01/29/ai-company-cuts-staff-reduces-executive-salaries.html,https://investors.gloo.com/static-files/6a6cee16-3074-4288-83a4-ce6487c4267f,announcement,announced_reduction,"[""ai_productivity"", ""m_and_a"", ""organizational_consolidation"", ""cost_cutting""]","{""ai_productivity"": {""summary"": ""CEO links workforce reductions to AI-enabled operating efficiencies."", ""attribution"": ""company_stated"", ""scope"": ""event"", ""source_url"": ""https://investors.gloo.com/static-files/6a6cee16-3074-4288-83a4-ce6487c4267f"", ""specificity"": ""concrete""}, ""m_and_a"": {""summary"": ""CEO links the reduction to operating efficiencies arising from acquisitions."", ""attribution"": ""company_stated"", ""scope"": ""event"", ""source_url"": ""https://investors.gloo.com/static-files/6a6cee16-3074-4288-83a4-ce6487c4267f"", ""specificity"": ""concrete""}, ""organizational_consolidation"": {""summary"": ""The letter says targeted reductions eliminate duplication."", ""attribution"": ""company_stated"", ""scope"": ""event"", ""source_url"": ""https://investors.gloo.com/static-files/6a6cee16-3074-4288-83a4-ce6487c4267f"", ""specificity"": ""concrete""}, ""cost_cutting"": {""summary"": ""The cuts and resource reallocation support the stated profitability target."", ""attribution"": ""company_stated"", ""scope"": ""event"", ""source_url"": ""https://investors.gloo.com/static-files/6a6cee16-3074-4288-83a4-ce6487c4267f"", ""specificity"": ""concrete""}}",[],[],"{""date"": ""2026-09-17"", ""status"": ""source_reviewed"", ""note"": ""Investor letter directly links targeted workforce reductions to acquisition efficiencies, AI workflows and removing duplication. IT/marketing savings are described, but the letter does not identify the terminated occupations."", ""sources"": [""https://www.bizjournals.com/denver/news/2026/01/29/ai-company-cuts-staff-reduces-executive-salaries.html"", ""https://investors.gloo.com/static-files/6a6cee16-3074-4288-83a4-ce6487c4267f""], ""issues"": []}",specified,"Investor letter directly links targeted workforce reductions to acquisition efficiencies, AI workflows and removing duplication. IT/marketing savings are described, but the letter does not identify the terminated occupations.",2,"{""status"": ""not_identified"", ""functions"": [], ""details"": [], ""units"": [], ""levels"": [], ""review"": {""date"": ""2026-09-17"", ""method"": ""manual_review_of_retrieved_sources_and_existing_evidence"", ""note"": ""IT and marketing efficiencies are described, but terminated roles are not identified. Do not equate the savings functions with the occupations cut."", ""sources"": [""https://www.bizjournals.com/denver/news/2026/01/29/ai-company-cuts-staff-reduces-executive-salaries.html"", ""https://investors.gloo.com/static-files/6a6cee16-3074-4288-83a4-ce6487c4267f""]}}",,,,,,
layoff-2026-028,Kiwi.com,2026-01-29,250,0.36,Travel,Unknown,Czech Republic,"[""Brno"", ""Non-U.S.""]",107,https://forbes.cz/kiwi-pokracuje-v-propousteni-odchazi-tretina-zamestnancu/,https://media.kiwi.com/company-news/kiwi-com-update/,announcement,announced_reduction,"[""operational_efficiency""]","{""operational_efficiency"": {""summary"": ""Company attributes the changes to greater agility, simpler work and faster decisions."", ""attribution"": ""company_stated"", ""scope"": ""event"", ""source_url"": ""https://media.kiwi.com/company-news/kiwi-com-update/"", ""specificity"": ""generic"", ""evidence_access"": ""full""}}",[],[],"{""date"": ""2026-09-17"", ""status"": ""source_reviewed"", ""note"": ""Official January 29 statement reviewed in full: it describes rightsizing teams, agility and faster decisions, without identifying a specific operational mechanism. The statement does not substantiate the reported headcount. Explanation review: attributed reasons are recorded below with explicit specificity."", ""sources"": [""https://forbes.cz/kiwi-pokracuje-v-propousteni-odchazi-tretina-zamestnancu/"", ""https://skift.com/2026/01/29/online-travel-agency-kiwi-lays-off-staff-in-latest-round-of-cuts/"", ""https://media.kiwi.com/company-news/kiwi-com-update/""], ""issues"": []}",generic,"Generic attributed reason: Company attributes the changes to greater agility, simpler work and faster decisions.",2,"{""status"": ""not_identified"", ""functions"": [], ""details"": [], ""units"": [], ""levels"": [], ""review"": {""date"": ""2026-09-17"", ""method"": ""manual_review_of_retrieved_sources_and_existing_evidence"", ""note"": ""No explicit affected occupation identified in the material reviewed. This does not mean none were affected or that no other source can identify them."", ""sources"": [""https://forbes.cz/kiwi-pokracuje-v-propousteni-odchazi-tretina-zamestnancu/"", ""https://skift.com/2026/01/29/online-travel-agency-kiwi-lays-off-staff-in-latest-round-of-cuts/"", ""https://media.kiwi.com/company-news/kiwi-com-update/""]}}",,"{""date"": ""2026-09-17"", ""outcome"": ""generic"", ""note"": ""Event-specific attributed explanation retained at its stated level of detail. Generic language does not establish a concrete operating mechanism or verified causal effect.""}","{""review_date"": ""2026-09-17"", ""outcome"": ""published_reason_remains_general"", ""note_es"": ""El comunicado original y la cobertura adicional mantienen agilidad y rapidez de decisión. No identifican niveles eliminados ni tareas redistribuidas; los conflictos con aerolíneas no se convierten en causa por proximidad."", ""open_question_es"": ""¿Qué proceso, actividad o criterio conecta la explicación publicada con estos puestos concretos?"", ""sources"": [""https://forbes.cz/kiwi-pokracuje-v-propousteni-odchazi-tretina-zamestnancu/"", ""https://skift.com/2026/01/29/online-travel-agency-kiwi-lays-off-staff-in-latest-round-of-cuts/"", ""https://media.kiwi.com/company-news/kiwi-com-update/""], ""search_scope"": ""Individual reread of event sources and search by company, announcement date and stated rationale; targeted primary-document checks where a relevant lead was found.""}",,,
layoff-2026-029,Peloton,2026-01-30,,0.11,Fitness,Post-IPO,United States,"[""New York City""]",1900,https://www.reuters.com/business/peloton-cuts-11-staff-including-engineering-teams-bloomberg-news-reports-2026-01-30/,https://www.techbuzz.ai/articles/peloton-cuts-11-of-staff-months-after-ai-hardware-launch,announcement,announced_reduction,"[""cost_cutting""]","{""cost_cutting"": {""summary"": ""Reporting connects the reduction with the existing savings and profitability plan."", ""attribution"": ""press_reported"", ""scope"": ""event"", ""source_url"": ""https://www.techbuzz.ai/articles/peloton-cuts-11-of-staff-months-after-ai-hardware-launch"", ""specificity"": ""concrete""}}",[],[],"{""date"": ""2026-09-16"", ""status"": ""source_reviewed"", ""note"": ""Reporting connects the reduction with the existing savings and profitability plan."", ""sources"": [""https://www.reuters.com/business/peloton-cuts-11-staff-including-engineering-teams-bloomberg-news-reports-2026-01-30/"", ""https://www.techbuzz.ai/articles/peloton-cuts-11-of-staff-months-after-ai-hardware-launch""], ""issues"": []}",specified,Reporting connects the reduction with the existing savings and profitability plan.,2,"{""status"": ""identified"", ""functions"": [""engineering""], ""details"": [{""functions"": [""engineering""], ""summary"": ""Report identifies engineers on technology and enterprise efforts."", ""attribution"": ""press_reported"", ""source_url"": ""https://www.techbuzz.ai/articles/peloton-cuts-11-of-staff-months-after-ai-hardware-launch"", ""evidence_access"": ""full""}], ""units"": [], ""levels"": [], ""review"": {""date"": ""2026-09-17"", ""method"": ""manual_review_of_retrieved_sources_and_existing_evidence"", ""note"": ""Functions explicitly identified for this event; the list is not necessarily exhaustive."", ""sources"": [""https://www.reuters.com/business/peloton-cuts-11-staff-including-engineering-teams-bloomberg-news-reports-2026-01-30/"", ""https://www.techbuzz.ai/articles/peloton-cuts-11-of-staff-months-after-ai-hardware-launch""]}}",,,,,,
layoff-2026-030,Zupee,2026-01-30,200,,Consumer,Series B,India,"[""New Delhi"", ""Non-U.S.""]",121,https://yourstory.com/2026/01/zupee-cuts-about-200-jobs-in-second-layoff-after-money-gaming-ban,https://inc42.com/buzz/zupee-lays-off-around-200-employees-to-focus-on-short-video-content/,announcement,announced_reduction,"[""regulatory"", ""strategic_pivot"", ""cost_cutting""]","{""regulatory"": {""summary"": ""Reporting links cuts to the real-money-gaming ban and lower costs; company describes moving toward other games and content."", ""attribution"": ""press_reported"", ""scope"": ""event"", ""source_url"": ""https://inc42.com/buzz/zupee-lays-off-around-200-employees-to-focus-on-short-video-content/"", ""specificity"": ""concrete""}, ""strategic_pivot"": {""summary"": ""Reporting links cuts to the real-money-gaming ban and lower costs; company describes moving toward other games and content."", ""attribution"": ""company_stated"", ""scope"": ""event"", ""source_url"": ""https://inc42.com/buzz/zupee-lays-off-around-200-employees-to-focus-on-short-video-content/"", ""specificity"": ""concrete""}, ""cost_cutting"": {""summary"": ""Reporting links cuts to the real-money-gaming ban and lower costs; company describes moving toward other games and content."", ""attribution"": ""press_reported"", ""scope"": ""event"", ""source_url"": ""https://inc42.com/buzz/zupee-lays-off-around-200-employees-to-focus-on-short-video-content/"", ""specificity"": ""concrete""}}",[],[],"{""date"": ""2026-09-16"", ""status"": ""source_reviewed"", ""note"": ""Reporting links cuts to the real-money-gaming ban and lower costs; company describes moving toward other games and content."", ""sources"": [""https://yourstory.com/2026/01/zupee-cuts-about-200-jobs-in-second-layoff-after-money-gaming-ban"", ""https://inc42.com/buzz/zupee-lays-off-around-200-employees-to-focus-on-short-video-content/""], ""issues"": []}",specified,Reporting links cuts to the real-money-gaming ban and lower costs; company describes moving toward other games and content.,2,"{""status"": ""not_identified"", ""functions"": [], ""details"": [], ""units"": [], ""levels"": [], ""review"": {""date"": ""2026-09-17"", ""method"": ""manual_review_of_retrieved_sources_and_existing_evidence"", ""note"": ""No explicit affected occupation identified in the material reviewed. This does not mean none were affected or that no other source can identify them."", ""sources"": [""https://yourstory.com/2026/01/zupee-cuts-about-200-jobs-in-second-layoff-after-money-gaming-ban"", ""https://inc42.com/buzz/zupee-lays-off-around-200-employees-to-focus-on-short-video-content/""]}}",,,,,,
layoff-2026-031,Expedia,2026-02-01,100,,Travel,Post-IPO,United States,"[""Seattle""]",3300,https://finance.yahoo.com/news/expedia-cut-100-jobs-austin-161917994.html?guccounter=1,https://www.bizjournals.com/austin/news/2026/02/05/expedia-is-planning-layoffs.html,announcement,announced_reduction,[],{},[],[],"{""date"": ""2026-09-16"", ""status"": ""partial"", ""note"": ""Austin notice is accessible only in limited coverage. The January company-wide explanation is not automatically evidence for this record."", ""sources"": [""https://finance.yahoo.com/news/expedia-cut-100-jobs-austin-161917994.html?guccounter=1"", ""https://www.bizjournals.com/austin/news/2026/02/05/expedia-is-planning-layoffs.html""], ""issues"": [""possible_overlap""]}",unresolved,Austin notice is accessible only in limited coverage. The January company-wide explanation is not automatically evidence for this record.,2,"{""status"": ""not_identified"", ""functions"": [], ""details"": [], ""units"": [], ""levels"": [], ""review"": {""date"": ""2026-09-17"", ""method"": ""manual_review_of_retrieved_sources_and_existing_evidence"", ""note"": ""No explicit affected occupation identified in the material reviewed. This does not mean none were affected or that no other source can identify them."", ""sources"": [""https://finance.yahoo.com/news/expedia-cut-100-jobs-austin-161917994.html?guccounter=1"", ""https://www.bizjournals.com/austin/news/2026/02/05/expedia-is-planning-layoffs.html""]}}",,,,,,
layoff-2026-032,Zillow,2026-02-02,200,,Real Estate,Post-IPO,United States,"[""Seattle""]",97,https://www.seattletimes.com/business/real-estate/seattle-based-zillow-lays-off-200-employees/,https://www.geekwire.com/2026/zillow-lets-go-of-200-employees-in-performance-related-reductions-at-real-estate-company/,announcement,announced_reduction,"[""performance_cull""]","{""performance_cull"": {""summary"": ""Company explicitly describes its regular performance-review process."", ""attribution"": ""company_stated"", ""scope"": ""event"", ""source_url"": ""https://www.geekwire.com/2026/zillow-lets-go-of-200-employees-in-performance-related-reductions-at-real-estate-company/"", ""specificity"": ""concrete""}}",[],[],"{""date"": ""2026-09-16"", ""status"": ""source_reviewed"", ""note"": ""Company explicitly describes its regular performance-review process."", ""sources"": [""https://www.seattletimes.com/business/real-estate/seattle-based-zillow-lays-off-200-employees/"", ""https://www.geekwire.com/2026/zillow-lets-go-of-200-employees-in-performance-related-reductions-at-real-estate-company/""], ""issues"": []}",specified,Company explicitly describes its regular performance-review process.,2,"{""status"": ""not_identified"", ""functions"": [], ""details"": [], ""units"": [], ""levels"": [], ""review"": {""date"": ""2026-09-17"", ""method"": ""manual_review_of_retrieved_sources_and_existing_evidence"", ""note"": ""No explicit affected occupation identified in the material reviewed. This does not mean none were affected or that no other source can identify them."", ""sources"": [""https://www.seattletimes.com/business/real-estate/seattle-based-zillow-lays-off-200-employees/"", ""https://www.geekwire.com/2026/zillow-lets-go-of-200-employees-in-performance-related-reductions-at-real-estate-company/""]}}",,,,,,
layoff-2026-033,Zipcar,2026-02-02,126,,Transportation,Acquired,United States,"[""Boston""]",107,https://www.boston.com/news/business/2026/02/02/zipcar-to-close-seaport-headquarters-cut-more-than-100-jobs/,,announcement,announced_reduction,"[""organizational_consolidation""]","{""organizational_consolidation"": {""summary"": ""Company consolidates office operations in New Jersey."", ""attribution"": ""company_stated"", ""scope"": ""event"", ""source_url"": ""https://www.boston.com/news/business/2026/02/02/zipcar-to-close-seaport-headquarters-cut-more-than-100-jobs/"", ""specificity"": ""concrete""}}",[],[],"{""date"": ""2026-09-16"", ""status"": ""source_reviewed"", ""note"": ""Company consolidates office operations in New Jersey."", ""sources"": [""https://www.boston.com/news/business/2026/02/02/zipcar-to-close-seaport-headquarters-cut-more-than-100-jobs/""], ""issues"": []}",specified,Company consolidates office operations in New Jersey.,2,"{""status"": ""not_identified"", ""functions"": [], ""details"": [], ""units"": [], ""levels"": [], ""review"": {""date"": ""2026-09-17"", ""method"": ""manual_review_of_retrieved_sources_and_existing_evidence"", ""note"": ""No explicit affected occupation identified in the material reviewed. This does not mean none were affected or that no other source can identify them."", ""sources"": [""https://www.boston.com/news/business/2026/02/02/zipcar-to-close-seaport-headquarters-cut-more-than-100-jobs/""]}}",,,,,,
layoff-2026-034,Rewire,2026-02-04,110,,Finance,Acquired,Israel,"[""Tel Aviv"", ""Non-U.S.""]",57,https://www.calcalistech.com/ctechnews/article/bkxy2fwv11g,,announcement,announced_reduction,"[""work_relocation""]","{""work_relocation"": {""summary"": ""Company transfers R&D work to other development centers."", ""attribution"": ""company_stated"", ""scope"": ""event"", ""source_url"": ""https://www.calcalistech.com/ctechnews/article/bkxy2fwv11g"", ""specificity"": ""concrete""}}",[],[],"{""date"": ""2026-09-16"", ""status"": ""source_reviewed"", ""note"": ""Company transfers R&D work to other development centers."", ""sources"": [""https://www.calcalistech.com/ctechnews/article/bkxy2fwv11g""], ""issues"": []}",specified,Company transfers R&D work to other development centers.,2,"{""status"": ""identified"", ""functions"": [""engineering""], ""details"": [{""functions"": [""engineering""], ""summary"": ""Company closes the local R&D center, retaining sales/business roles."", ""attribution"": ""company_stated"", ""source_url"": ""https://www.calcalistech.com/ctechnews/article/bkxy2fwv11g"", ""evidence_access"": ""full""}], ""units"": [], ""levels"": [], ""review"": {""date"": ""2026-09-17"", ""method"": ""manual_review_of_retrieved_sources_and_existing_evidence"", ""note"": ""Functions explicitly identified for this event; the list is not necessarily exhaustive."", ""sources"": [""https://www.calcalistech.com/ctechnews/article/bkxy2fwv11g""]}}",,,,,,
layoff-2026-035,Smartsheet,2026-02-04,,,Other,Post-IPO,United States,"[""Seattle""]",152,https://www.geekwire.com/2026/smartsheet-layoffs-enterprise-software-giant-cuts-staff/,,announcement,announced_reduction,"[""strategic_priorities""]","{""strategic_priorities"": {""summary"": ""Company says organizational changes align resources with long-term business priorities."", ""attribution"": ""company_stated"", ""scope"": ""event"", ""source_url"": ""https://www.geekwire.com/2026/smartsheet-layoffs-enterprise-software-giant-cuts-staff/"", ""specificity"": ""generic"", ""evidence_access"": ""full""}}",[],[],"{""date"": ""2026-09-16"", ""status"": ""source_reviewed"", ""note"": ""Company statement names organizational priorities without identifying a specific mechanism. Explanation review: attributed reasons are recorded below with explicit specificity."", ""sources"": [""https://www.geekwire.com/2026/smartsheet-layoffs-enterprise-software-giant-cuts-staff/""], ""issues"": []}",generic,Generic attributed reason: Company says organizational changes align resources with long-term business priorities.,2,"{""status"": ""not_identified"", ""functions"": [], ""details"": [], ""units"": [], ""levels"": [], ""review"": {""date"": ""2026-09-17"", ""method"": ""manual_review_of_retrieved_sources_and_existing_evidence"", ""note"": ""No explicit affected occupation identified in the material reviewed. This does not mean none were affected or that no other source can identify them."", ""sources"": [""https://www.geekwire.com/2026/smartsheet-layoffs-enterprise-software-giant-cuts-staff/""]}}",,"{""date"": ""2026-09-17"", ""outcome"": ""generic"", ""note"": ""Event-specific attributed explanation retained at its stated level of detail. Generic language does not establish a concrete operating mechanism or verified causal effect.""}","{""review_date"": ""2026-09-17"", ""outcome"": ""published_reason_remains_general"", ""note_es"": ""La declaración recuperada en GeekWire solo habla de prioridades a largo plazo. La compra por fondos y el recorte de octubre corresponden a contexto y otra ronda."", ""open_question_es"": ""¿Qué proceso, actividad o criterio conecta la explicación publicada con estos puestos concretos?"", ""sources"": [""https://www.geekwire.com/2026/smartsheet-layoffs-enterprise-software-giant-cuts-staff/""], ""search_scope"": ""Individual reread of event sources and search by company, announcement date and stated rationale; targeted primary-document checks where a relevant lead was found.""}",,,
layoff-2026-036,Workday,2026-02-04,400,0.02,HR,Post-IPO,United States,"[""SF Bay Area""]",230,https://www.bloomberg.com/news/articles/2026-02-04/workday-to-cut-about-400-employees-focused-on-customer-support,https://www.theregister.com/2026/02/04/workday_layoffs_400_jobs/,announcement,announced_reduction,"[""strategic_priorities""]","{""strategic_priorities"": {""summary"": ""Company links the reduction to aligning resources with its highest priorities."", ""attribution"": ""company_stated"", ""scope"": ""event"", ""source_url"": ""https://www.theregister.com/2026/02/04/workday_layoffs_400_jobs/"", ""specificity"": ""generic"", ""evidence_access"": ""full""}}",[],[],"{""date"": ""2026-09-16"", ""status"": ""source_reviewed"", ""note"": ""High-priority investment and alignment language does not identify why these particular roles disappear. Explanation review: attributed reasons are recorded below with explicit specificity."", ""sources"": [""https://www.bloomberg.com/news/articles/2026-02-04/workday-to-cut-about-400-employees-focused-on-customer-support"", ""https://www.theregister.com/2026/02/04/workday_layoffs_400_jobs/""], ""issues"": []}",generic,Generic attributed reason: Company links the reduction to aligning resources with its highest priorities.,2,"{""status"": ""identified"", ""functions"": [""operations""], ""details"": [{""functions"": [""operations""], ""summary"": ""Non-revenue-generating Global Customer Operations roles are identified. Do not assume all are support agents."", ""attribution"": ""press_reported"", ""source_url"": ""https://www.theregister.com/2026/02/04/workday_layoffs_400_jobs/"", ""evidence_access"": ""full""}], ""units"": [], ""levels"": [], ""review"": {""date"": ""2026-09-17"", ""method"": ""manual_review_of_retrieved_sources_and_existing_evidence"", ""note"": ""Functions explicitly identified for this event; the list is not necessarily exhaustive."", ""sources"": [""https://www.bloomberg.com/news/articles/2026-02-04/workday-to-cut-about-400-employees-focused-on-customer-support"", ""https://www.theregister.com/2026/02/04/workday_layoffs_400_jobs/""]}}",,"{""date"": ""2026-09-17"", ""outcome"": ""generic"", ""note"": ""Event-specific attributed explanation retained at its stated level of detail. Generic language does not establish a concrete operating mechanism or verified causal effect.""}","{""review_date"": ""2026-09-17"", ""outcome"": ""published_reason_remains_general"", ""note_es"": ""El aviso describe puestos que no generan ingresos en Global Customer Operations. Identificar el área y contabilizar indemnizaciones o deterioros de oficinas no demuestra un mecanismo de ahorro ni una consolidación específica."", ""open_question_es"": ""¿Qué proceso, actividad o criterio conecta la explicación publicada con estos puestos concretos?"", ""sources"": [""https://www.bloomberg.com/news/articles/2026-02-04/workday-to-cut-about-400-employees-focused-on-customer-support"", ""https://www.theregister.com/2026/02/04/workday_layoffs_400_jobs/""], ""search_scope"": ""Individual reread of event sources and search by company, announcement date and stated rationale; targeted primary-document checks where a relevant lead was found.""}",,,
layoff-2026-037,Salesforce,2026-02-09,,,Sales,Post-IPO,United States,"[""SF Bay Area""]",65,https://www.businessinsider.com/salesforce-cuts-jobs-executive-changes-2026-2,https://www.salesforceben.com/salesforce-lays-off-nearly-1000-employees-in-early-2026-cuts/,announcement,announced_reduction,"[""ai_substitution""]","{""ai_substitution"": {""summary"": ""Forrester analyst Charlie Dai interprets this fresh round as AI/automation replacing workers. This is an external analyst inference, not a company admission or independently established displacement; the company response discusses support staffing over the preceding year."", ""source_url"": ""https://www.cio.com/article/4130028/salesforce-lays-off-staffers-as-executive-leadership-churn-continues.html"", ""specificity"": ""concrete"", ""attribution"": ""reported_inference"", ""scope"": ""event"", ""evidence_access"": ""full""}}","[{""kind"": ""earlier_period"", ""summary"": ""Earlier AI customer-support cuts are not this announcement."", ""source_url"": ""https://www.salesforceben.com/salesforce-lays-off-nearly-1000-employees-in-early-2026-cuts/""}]",[],"{""date"": ""2026-09-16"", ""status"": ""source_reviewed"", ""note"": ""Forrester analyst Charlie Dai interprets this fresh round as AI/automation replacing workers. This is an external analyst inference, not a company admission or independently established displacement; the company response discusses support staffing over the preceding year. Existing overlap, count and plan-scope caveats remain applicable."", ""sources"": [""https://www.businessinsider.com/salesforce-cuts-jobs-executive-changes-2026-2"", ""https://www.salesforceben.com/salesforce-lays-off-nearly-1000-employees-in-early-2026-cuts/"", ""https://www.cio.com/article/4130028/salesforce-lays-off-staffers-as-executive-leadership-churn-continues.html""], ""issues"": []}",specified,"Forrester analyst Charlie Dai interprets this fresh round as AI/automation replacing workers. This is an external analyst inference, not a company admission or independently established displacement; the company response discusses support staffing over the preceding year.",2,"{""status"": ""identified"", ""functions"": [""marketing"", ""product_design"", ""data""], ""details"": [{""functions"": [""marketing"", ""product_design"", ""data""], ""summary"": ""Report identifies marketing, product management and data analytics roles."", ""attribution"": ""press_reported"", ""source_url"": ""https://www.salesforceben.com/salesforce-lays-off-nearly-1000-employees-in-early-2026-cuts/"", ""evidence_access"": ""full""}], ""units"": [{""name"": ""Agentforce / Heroku"", ""summary"": ""Affected units also include Agentforce and Heroku; unit names are not additional occupations."", ""source_url"": ""https://www.salesforceben.com/salesforce-lays-off-nearly-1000-employees-in-early-2026-cuts/""}], ""levels"": [], ""review"": {""date"": ""2026-09-17"", ""method"": ""manual_review_of_retrieved_sources_and_existing_evidence"", ""note"": ""Functions explicitly identified for this event; the list is not necessarily exhaustive."", ""sources"": [""https://www.businessinsider.com/salesforce-cuts-jobs-executive-changes-2026-2"", ""https://www.salesforceben.com/salesforce-lays-off-nearly-1000-employees-in-early-2026-cuts/""]}}",,"{""date"": ""2026-09-17"", ""outcome"": ""concrete"", ""method"": ""individual_source_reread_and_alternative_source_search"", ""note"": ""Forrester analyst Charlie Dai interprets this fresh round as AI/automation replacing workers. This is an external analyst inference, not a company admission or independently established displacement; the company response discusses support staffing over the preceding year.""}",,,,
layoff-2026-038,Fi.Money,2026-02-10,,0.4,Finance,Series C,India,"[""Bengaluru"", ""Non-U.S.""]",,https://www.moneycontrol.com/technology/neobanking-fintech-fimoney-pivots-to-b2b-lays-off-staff-in-consumer-business-article-13822324.html#goog_rewarded,https://www.moneycontrol.com/technology/neobanking-fintech-fimoney-pivots-to-b2b-lays-off-staff-in-consumer-business-article-13822324.html,announcement,announced_reduction,"[""strategic_pivot""]","{""strategic_pivot"": {""summary"": ""Founder explains a shift away from consumer products toward B2B offerings."", ""attribution"": ""company_stated"", ""scope"": ""event"", ""source_url"": ""https://www.moneycontrol.com/technology/neobanking-fintech-fimoney-pivots-to-b2b-lays-off-staff-in-consumer-business-article-13822324.html"", ""specificity"": ""concrete""}}",[],[],"{""date"": ""2026-09-16"", ""status"": ""source_reviewed"", ""note"": ""Founder explains a shift away from consumer products toward B2B offerings."", ""sources"": [""https://www.moneycontrol.com/technology/neobanking-fintech-fimoney-pivots-to-b2b-lays-off-staff-in-consumer-business-article-13822324.html#goog_rewarded"", ""https://www.moneycontrol.com/technology/neobanking-fintech-fimoney-pivots-to-b2b-lays-off-staff-in-consumer-business-article-13822324.html""], ""issues"": []}",specified,Founder explains a shift away from consumer products toward B2B offerings.,2,"{""status"": ""unit_only"", ""functions"": [], ""details"": [], ""units"": [{""name"": ""Consumer business"", ""summary"": ""The cuts accompany the move away from the consumer business."", ""source_url"": ""https://www.moneycontrol.com/technology/neobanking-fintech-fimoney-pivots-to-b2b-lays-off-staff-in-consumer-business-article-13822324.html""}], ""levels"": [], ""review"": {""date"": ""2026-09-17"", ""method"": ""manual_review_of_retrieved_sources_and_existing_evidence"", ""note"": ""A business unit or broad scope is named; this does not supply a complete occupation breakdown."", ""sources"": [""https://www.moneycontrol.com/technology/neobanking-fintech-fimoney-pivots-to-b2b-lays-off-staff-in-consumer-business-article-13822324.html#goog_rewarded"", ""https://www.moneycontrol.com/technology/neobanking-fintech-fimoney-pivots-to-b2b-lays-off-staff-in-consumer-business-article-13822324.html""]}}",,,,,,
layoff-2026-039,Dayforce,2026-02-11,,0.05,HR,Post-IPO,Canada,"[""Toronto"", ""Non-U.S.""]",40,Internal memo,,announcement,announced_reduction,[],{},[],[],"{""date"": ""2026-09-16"", ""status"": ""unavailable"", ""note"": ""The listed internal memo is unavailable; searches did not recover event-specific causal evidence."", ""sources"": [], ""issues"": [""missing_source""]}",unavailable,The listed internal memo is unavailable; searches did not recover event-specific causal evidence.,2,"{""status"": ""not_identified"", ""functions"": [], ""details"": [], ""units"": [], ""levels"": [], ""review"": {""date"": ""2026-09-17"", ""method"": ""manual_review_of_retrieved_sources_and_existing_evidence"", ""note"": ""No explicit affected occupation identified in the material reviewed. This does not mean none were affected or that no other source can identify them."", ""sources"": []}}",,,,,,
layoff-2026-040,Glossier,2026-02-11,54,0.33,Retail,Series E,United States,"[""New York City""]",266,https://www.businessoffashion.com/news/cosmetics/glossier-layoffs-2026/,https://cosmeticsbusiness.com/glossier-to-cut-more-than-50-jobs,announcement,announced_reduction,"[""operational_efficiency"", ""cost_cutting""]","{""operational_efficiency"": {""summary"": ""Company says smaller, more agile teams will accelerate decisions and execution."", ""attribution"": ""company_stated"", ""scope"": ""event"", ""source_url"": ""https://cosmeticsbusiness.com/glossier-to-cut-more-than-50-jobs"", ""specificity"": ""generic"", ""evidence_access"": ""full""}, ""cost_cutting"": {""summary"": ""Puck attributes the February reduction to management seeking profitability. This is the publication’s causal account, separate from the company’s general agility explanation; no savings amount is established."", ""source_url"": ""https://puck.news/glossier-layoffs-signal-brand-reset/"", ""attribution"": ""press_reported"", ""scope"": ""event"", ""specificity"": ""concrete"", ""evidence_access"": ""partial""}}",[],[],"{""date"": ""2026-09-17"", ""status"": ""source_reviewed"", ""note"": ""Generic-explanation follow-up: concrete attributed detail recovered; see cause_details for speaker, event/subset scope and access limits. Existing count and overlap caveats remain."", ""sources"": [""https://www.businessoffashion.com/news/cosmetics/glossier-layoffs-2026/"", ""https://cosmeticsbusiness.com/glossier-to-cut-more-than-50-jobs"", ""https://puck.news/glossier-layoffs-signal-brand-reset/""], ""issues"": []}",specified,"Company says smaller, more agile teams will accelerate decisions and execution. Puck attributes the February reduction to management seeking profitability. This is the publication’s causal account, separate from the company’s general agility explanation; no savings amount is established.",2,"{""status"": ""not_identified"", ""functions"": [], ""details"": [], ""units"": [], ""levels"": [], ""review"": {""date"": ""2026-09-17"", ""method"": ""manual_review_of_retrieved_sources_and_existing_evidence"", ""note"": ""No explicit affected occupation identified in the material reviewed. This does not mean none were affected or that no other source can identify them."", ""sources"": [""https://www.businessoffashion.com/news/cosmetics/glossier-layoffs-2026/"", ""https://cosmeticsbusiness.com/glossier-to-cut-more-than-50-jobs""]}}",,"{""date"": ""2026-09-17"", ""outcome"": ""concrete"", ""note"": ""Further source review identifies a concrete attributed mechanism; this is not independent causal verification.""}","{""review_date"": ""2026-09-17"", ""outcome"": ""mechanism_recovered"", ""note_es"": ""Puck atribuye el recorte de febrero a alcanzar rentabilidad; se conserva como atribución periodística de reducción de costos. La empresa, por separado, habla de agilidad. Solo se recuperó la parte pública del artículo de Puck."", ""open_question_es"": ""¿Qué ahorro buscaba la dirección y qué parte corresponde al recorte de febrero?"", ""sources"": [""https://www.businessoffashion.com/news/cosmetics/glossier-layoffs-2026/"", ""https://cosmeticsbusiness.com/glossier-to-cut-more-than-50-jobs"", ""https://puck.news/glossier-layoffs-signal-brand-reset/""], ""search_scope"": ""Individual reread of event sources and search by company, announcement date and stated rationale; targeted primary-document checks where a relevant lead was found.""}",,,
layoff-2026-041,Clari,2026-02-12,76,,Sales,Acquired,United States,"[""SF Bay Area""]",496,https://www.bizjournals.com/sanjose/news/2026/02/12/clari-salesloft-merger-ai-investments-layoffs.html,,announcement,announced_reduction,[],{},"[{""kind"": ""acquisition"", ""summary"": ""Clari/Salesloft merger is documented; mechanism remains unverified."", ""source_url"": ""https://www.bizjournals.com/sanjose/news/2026/02/12/clari-salesloft-merger-ai-investments-layoffs.html""}]",[],"{""date"": ""2026-09-16"", ""status"": ""partial"", ""note"": ""A merger and AI-investment headline is insufficient to verify the previously asserted duplicate roles."", ""sources"": [""https://www.bizjournals.com/sanjose/news/2026/02/12/clari-salesloft-merger-ai-investments-layoffs.html""], ""issues"": [""causal_evidence_unverified""]}",unresolved,A merger and AI-investment headline is insufficient to verify the previously asserted duplicate roles.,2,"{""status"": ""not_identified"", ""functions"": [], ""details"": [], ""units"": [], ""levels"": [], ""review"": {""date"": ""2026-09-17"", ""method"": ""manual_review_of_retrieved_sources_and_existing_evidence"", ""note"": ""No explicit affected occupation identified in the material reviewed. This does not mean none were affected or that no other source can identify them."", ""sources"": [""https://www.bizjournals.com/sanjose/news/2026/02/12/clari-salesloft-merger-ai-investments-layoffs.html""]}}",,,,,,
layoff-2026-042,Axonius,2026-02-15,40,0.04,Security,Series E,United States,"[""New York City""]",865,https://www.calcalistech.com/ctechnews/article/s1xchi1oze,,announcement,announced_reduction,[],{},"[{""kind"": ""earlier_period"", ""summary"": ""IPO preparation explanation concerns the November 2025 round."", ""source_url"": ""https://www.calcalistech.com/ctechnews/article/s1xchi1oze""}]",[],"{""date"": ""2026-09-16"", ""status"": ""source_reviewed"", ""note"": ""IPO explanation in the article describes the previous November round, not these February cuts."", ""sources"": [""https://www.calcalistech.com/ctechnews/article/s1xchi1oze""], ""issues"": [""wrong_round_explanation""]}",unspecified,"IPO explanation in the article describes the previous November round, not these February cuts.",2,"{""status"": ""identified"", ""functions"": [""marketing"", ""sales""], ""details"": [{""functions"": [""marketing"", ""sales""], ""summary"": ""Most affected employees are described as relatively senior marketing and sales staff."", ""attribution"": ""press_reported"", ""source_url"": ""https://www.calcalistech.com/ctechnews/article/s1xchi1oze"", ""evidence_access"": ""full""}], ""units"": [], ""levels"": [""senior""], ""review"": {""date"": ""2026-09-17"", ""method"": ""manual_review_of_retrieved_sources_and_existing_evidence"", ""note"": ""Functions explicitly identified for this event; the list is not necessarily exhaustive."", ""sources"": [""https://www.calcalistech.com/ctechnews/article/s1xchi1oze""]}}",,"{""date"": ""2026-09-17"", ""outcome"": ""no_explanation_identified"", ""method"": ""individual_source_reread_and_alternative_source_search"", ""note"": ""Reporting identifies sales/marketing cuts and leadership changes. IPO preparation refers to the preceding November round; acquisition talks do not establish the reason for February cuts.""}",,,,
layoff-2026-043,Firebolt,2026-02-15,,,Data,Series C,Israel,"[""Tel Aviv"", ""Non-U.S.""]",264,https://www.calcalistech.com/ctechnews/article/r1cj0csuwl,,announcement,announced_reduction,"[""ai_productivity""]","{""ai_productivity"": {""summary"": ""Market estimates cited by CTech attribute the reduction to AI-enabled engineering efficiency. No direct company attribution is supplied."", ""attribution"": ""reported_inference"", ""scope"": ""event"", ""source_url"": ""https://www.calcalistech.com/ctechnews/article/r1cj0csuwl"", ""specificity"": ""concrete""}}",[],[],"{""date"": ""2026-09-16"", ""status"": ""source_reviewed"", ""note"": ""AI explanation is explicitly a market estimate, not management testimony. Article and recorded dates differ."", ""sources"": [""https://www.calcalistech.com/ctechnews/article/r1cj0csuwl""], ""issues"": [""date_uncertain""]}",specified,"AI explanation is explicitly a market estimate, not management testimony. Article and recorded dates differ.",2,"{""status"": ""identified"", ""functions"": [""engineering""], ""details"": [{""functions"": [""engineering""], ""summary"": ""Report describes the reduced development organization and only a small remaining developer team."", ""attribution"": ""press_reported"", ""source_url"": ""https://www.calcalistech.com/ctechnews/article/r1cj0csuwl"", ""evidence_access"": ""full""}], ""units"": [], ""levels"": [], ""review"": {""date"": ""2026-09-17"", ""method"": ""manual_review_of_retrieved_sources_and_existing_evidence"", ""note"": ""Functions explicitly identified for this event; the list is not necessarily exhaustive."", ""sources"": [""https://www.calcalistech.com/ctechnews/article/r1cj0csuwl""]}}",,,,,,
layoff-2026-044,Huawei,2026-02-15,50,,Hardware,Unknown,Israel,"[""Tel Aviv"", ""Non-U.S.""]",,https://www.calcalistech.com/ctechnews/article/bkmmdojuwx,,announcement,announced_reduction,"[""organizational_consolidation""]","{""organizational_consolidation"": {""summary"": ""Reported integration of staff and work into other organizational units identifies consolidation."", ""attribution"": ""company_stated"", ""scope"": ""event"", ""source_url"": ""https://www.calcalistech.com/ctechnews/article/bkmmdojuwx"", ""specificity"": ""concrete""}}",[],[],"{""date"": ""2026-09-16"", ""status"": ""source_reviewed"", ""note"": ""Reported integration of staff and work into other organizational units identifies consolidation."", ""sources"": [""https://www.calcalistech.com/ctechnews/article/bkmmdojuwx""], ""issues"": []}",specified,Reported integration of staff and work into other organizational units identifies consolidation.,2,"{""status"": ""identified"", ""functions"": [""engineering""], ""details"": [{""functions"": [""engineering""], ""summary"": ""Cuts concern the cloud division of Huawei’s Israeli development center."", ""attribution"": ""press_reported"", ""source_url"": ""https://www.calcalistech.com/ctechnews/article/bkmmdojuwx"", ""evidence_access"": ""full""}], ""units"": [{""name"": ""Cloud / Toga Networks"", ""summary"": ""The specific development center and cloud division are identified."", ""source_url"": ""https://www.calcalistech.com/ctechnews/article/bkmmdojuwx""}], ""levels"": [], ""review"": {""date"": ""2026-09-17"", ""method"": ""manual_review_of_retrieved_sources_and_existing_evidence"", ""note"": ""Functions explicitly identified for this event; the list is not necessarily exhaustive."", ""sources"": [""https://www.calcalistech.com/ctechnews/article/bkmmdojuwx""]}}",,,,,,
layoff-2026-045,Cyberark,2026-02-17,500,0.12,Security,Acquired,United States,"[""Boston""]",1700,https://www.calcalistech.com/ctechnews/article/hy707511ube,,announcement,announced_reduction,"[""m_and_a""]","{""m_and_a"": {""summary"": ""Article infers elimination of overlapping roles after acquisition; this is an attributed inference."", ""attribution"": ""reported_inference"", ""scope"": ""event"", ""source_url"": ""https://www.calcalistech.com/ctechnews/article/hy707511ube"", ""specificity"": ""concrete""}}",[],[],"{""date"": ""2026-09-16"", ""status"": ""source_reviewed"", ""note"": ""Article infers elimination of overlapping roles after acquisition; this is an attributed inference."", ""sources"": [""https://www.calcalistech.com/ctechnews/article/hy707511ube""], ""issues"": []}",specified,Article infers elimination of overlapping roles after acquisition; this is an attributed inference.,2,"{""status"": ""not_identified"", ""functions"": [], ""details"": [], ""units"": [], ""levels"": [], ""review"": {""date"": ""2026-09-17"", ""method"": ""manual_review_of_retrieved_sources_and_existing_evidence"", ""note"": ""No explicit affected occupation identified in the material reviewed. This does not mean none were affected or that no other source can identify them."", ""sources"": [""https://www.calcalistech.com/ctechnews/article/hy707511ube""]}}",,,,,,
layoff-2026-046,Codecademy,2026-02-19,,,Education,Acquired,United States,"[""New York City""]",87,https://www.edtechinnovationhub.com/news/skillsoft-lays-off-entire-codecademy-curriculum-team-senior-leader-confirms,,announcement,announced_reduction,[],{},"[{""kind"": ""ai_product_strategy"", ""summary"": ""AI products are mentioned without attribution of curriculum layoffs to automation."", ""source_url"": ""https://www.edtechinnovationhub.com/news/skillsoft-lays-off-entire-codecademy-curriculum-team-senior-leader-confirms""}]",[],"{""date"": ""2026-09-16"", ""status"": ""source_reviewed"", ""note"": ""Layoffs affect curriculum work, but the company gives no causal explanation establishing AI replacement."", ""sources"": [""https://www.edtechinnovationhub.com/news/skillsoft-lays-off-entire-codecademy-curriculum-team-senior-leader-confirms"", ""https://builtin.com/company/codecademy-skillsoft-company/faq/workplace-perception""], ""issues"": []}",unspecified,"Layoffs affect curriculum work, but the company gives no causal explanation establishing AI replacement.",2,"{""status"": ""identified"", ""functions"": [""content""], ""details"": [{""functions"": [""content""], ""summary"": ""Curriculum team producing interactive learning content was eliminated."", ""attribution"": ""worker_reported"", ""source_url"": ""https://www.edtechinnovationhub.com/news/skillsoft-lays-off-entire-codecademy-curriculum-team-senior-leader-confirms"", ""evidence_access"": ""full""}], ""units"": [], ""levels"": [], ""review"": {""date"": ""2026-09-17"", ""method"": ""manual_review_of_retrieved_sources_and_existing_evidence"", ""note"": ""Functions explicitly identified for this event; the list is not necessarily exhaustive."", ""sources"": [""https://www.edtechinnovationhub.com/news/skillsoft-lays-off-entire-codecademy-curriculum-team-senior-leader-confirms""]}}",,"{""date"": ""2026-09-17"", ""outcome"": ""no_explanation_identified"", ""method"": ""individual_source_reread_and_alternative_source_search"", ""note"": ""The curriculum leader confirms the team was laid off. Reporting explicitly says Skillsoft did not give a detailed rationale. A secondary workplace summary links parent cost plans, but no event-specific primary link was recovered.""}",,,,
layoff-2026-047,Livspace,2026-02-20,1000,0.12,Consumer,Series F,India,"[""Bengaluru"", ""Non-U.S.""]",482,https://inc42.com/buzz/livspace-fires-1000-employees-cofounder-quits/,,announcement,multi_round_period,"[""ai_substitution""]","{""ai_substitution"": {""summary"": ""The spokesperson links staff reductions to AI agents integrated across sales, operations, design and marketing, with manual roles phased out as workflows were automated."", ""attribution"": ""company_stated"", ""scope"": ""multi_round_period"", ""source_url"": ""https://inc42.com/buzz/livspace-fires-1000-employees-cofounder-quits/"", ""specificity"": ""concrete""}}",[],[],"{""date"": ""2026-09-16"", ""status"": ""source_reviewed"", ""note"": ""Company links agents across functions to cuts; reporting spans six months, not a single-day round."", ""sources"": [""https://inc42.com/buzz/livspace-fires-1000-employees-cofounder-quits/""], ""issues"": [""multi_round_count""]}",specified,"Company links agents across functions to cuts; reporting spans six months, not a single-day round.",2,"{""status"": ""identified"", ""functions"": [""sales"", ""operations"", ""product_design"", ""marketing""], ""details"": [{""functions"": [""sales"", ""operations"", ""product_design"", ""marketing""], ""summary"": ""Company explicitly names sales, operations, design and marketing in the multi-month reduction."", ""attribution"": ""company_stated"", ""source_url"": ""https://inc42.com/buzz/livspace-fires-1000-employees-cofounder-quits/"", ""evidence_access"": ""full""}], ""units"": [], ""levels"": [], ""review"": {""date"": ""2026-09-17"", ""method"": ""manual_review_of_retrieved_sources_and_existing_evidence"", ""note"": ""Functions explicitly identified for this event; the list is not necessarily exhaustive."", ""sources"": [""https://inc42.com/buzz/livspace-fires-1000-employees-cofounder-quits/""]}}",,,,,,
layoff-2026-048,Lucid Motors,2026-02-20,,0.12,Transportation,Post-IPO,United States,"[""SF Bay Area""]",8300,https://techcrunch.com/2026/02/20/lucid-motors-slashes-12-of-its-workforce-as-it-seeks-profitability/,,announcement,announced_reduction,"[""cost_cutting""]","{""cost_cutting"": {""summary"": ""Company memo ties cuts to profitability."", ""attribution"": ""company_stated"", ""scope"": ""event"", ""source_url"": ""https://techcrunch.com/2026/02/20/lucid-motors-slashes-12-of-its-workforce-as-it-seeks-profitability/"", ""specificity"": ""concrete""}}",[],[],"{""date"": ""2026-09-16"", ""status"": ""source_reviewed"", ""note"": ""Company memo ties cuts to profitability."", ""sources"": [""https://techcrunch.com/2026/02/20/lucid-motors-slashes-12-of-its-workforce-as-it-seeks-profitability/""], ""issues"": []}",specified,Company memo ties cuts to profitability.,2,"{""status"": ""unit_only"", ""functions"": [], ""details"": [], ""units"": [{""name"": ""Salaried workforce"", ""summary"": ""Hourly manufacturing, logistics and quality workers are expressly excluded; no positive occupation inventory recovered."", ""source_url"": ""https://techcrunch.com/2026/02/20/lucid-motors-slashes-12-of-its-workforce-as-it-seeks-profitability/""}], ""levels"": [], ""review"": {""date"": ""2026-09-17"", ""method"": ""manual_review_of_retrieved_sources_and_existing_evidence"", ""note"": ""A business unit or broad scope is named; this does not supply a complete occupation breakdown."", ""sources"": [""https://techcrunch.com/2026/02/20/lucid-motors-slashes-12-of-its-workforce-as-it-seeks-profitability/""]}}",,,,,,
layoff-2026-049,DraftKings,2026-02-24,,,Consumer,Post-IPO,United States,"[""Boston""]",719,https://next.io/news/people/draftkings-reduces-workforce-company-embraces-ai/,,announcement,announced_reduction,"[""strategic_priorities""]","{""strategic_priorities"": {""summary"": ""Company says teams are being reorganized around its highest priorities and investment areas."", ""attribution"": ""company_stated"", ""scope"": ""event"", ""source_url"": ""https://next.io/news/people/draftkings-reduces-workforce-company-embraces-ai/"", ""specificity"": ""generic"", ""evidence_access"": ""full""}}","[{""kind"": ""broader_ai_adoption"", ""summary"": ""Earlier coding, chatbot and other AI uses are described; current role replacement is not established."", ""source_url"": ""https://next.io/news/people/draftkings-reduces-workforce-company-embraces-ai/""}]",[],"{""date"": ""2026-09-16"", ""status"": ""source_reviewed"", ""note"": ""Company statement is general. Analyst savings estimates and earlier AI-use examples do not establish replacement in this round. Explanation review: attributed reasons are recorded below with explicit specificity."", ""sources"": [""https://next.io/news/people/draftkings-reduces-workforce-company-embraces-ai/""], ""issues"": []}",generic,Generic attributed reason: Company says teams are being reorganized around its highest priorities and investment areas.,2,"{""status"": ""identified"", ""functions"": [""engineering"", ""people""], ""details"": [{""functions"": [""engineering"", ""people""], ""summary"": ""Reporting cites employees in software engineering and recruitment who say they were laid off."", ""attribution"": ""worker_reported"", ""source_url"": ""https://next.io/news/people/draftkings-reduces-workforce-company-embraces-ai/"", ""evidence_access"": ""full""}], ""units"": [], ""levels"": [], ""review"": {""date"": ""2026-09-17"", ""method"": ""manual_review_of_retrieved_sources_and_existing_evidence"", ""note"": ""Functions explicitly identified for this event; the list is not necessarily exhaustive."", ""sources"": [""https://next.io/news/people/draftkings-reduces-workforce-company-embraces-ai/""]}}",,"{""date"": ""2026-09-17"", ""outcome"": ""generic"", ""note"": ""Event-specific attributed explanation retained at its stated level of detail. Generic language does not establish a concrete operating mechanism or verified causal effect.""}","{""review_date"": ""2026-09-17"", ""outcome"": ""published_reason_remains_general"", ""note_es"": ""La empresa mantiene una explicación de prioridades. Un analista calcula ahorros posibles; calcular el efecto salarial del recorte no establece su motivo. Los usos de IA citados no se vinculan directamente a los puestos de esta ronda."", ""open_question_es"": ""¿Qué proceso, actividad o criterio conecta la explicación publicada con estos puestos concretos?"", ""sources"": [""https://next.io/news/people/draftkings-reduces-workforce-company-embraces-ai/""], ""search_scope"": ""Individual reread of event sources and search by company, announcement date and stated rationale; targeted primary-document checks where a relevant lead was found.""}",,,
layoff-2026-050,TrueCar,2026-02-24,100,0.3,Transportation,Post-IPO,United States,"[""Los Angeles""]",340,https://aimgroup.com/2026/02/24/truecar-cuts-30-of-staff/,https://www.prnewswire.com/news-releases/truecar-announces-organizational-realignment-to-restore-profitability-and-recommit-to-core-mission-302695443.html,announcement,announced_reduction,"[""cost_cutting""]","{""cost_cutting"": {""summary"": ""Company names profitability and lower operating costs; returning to a core mission is not a specified product pivot."", ""attribution"": ""company_stated"", ""scope"": ""event"", ""source_url"": ""https://www.prnewswire.com/news-releases/truecar-announces-organizational-realignment-to-restore-profitability-and-recommit-to-core-mission-302695443.html"", ""specificity"": ""concrete""}}",[],[],"{""date"": ""2026-09-16"", ""status"": ""source_reviewed"", ""note"": ""Company names profitability and lower operating costs; returning to a core mission is not a specified product pivot."", ""sources"": [""https://aimgroup.com/2026/02/24/truecar-cuts-30-of-staff/"", ""https://www.prnewswire.com/news-releases/truecar-announces-organizational-realignment-to-restore-profitability-and-recommit-to-core-mission-302695443.html""], ""issues"": []}",specified,Company names profitability and lower operating costs; returning to a core mission is not a specified product pivot.,2,"{""status"": ""not_identified"", ""functions"": [], ""details"": [], ""units"": [], ""levels"": [], ""review"": {""date"": ""2026-09-17"", ""method"": ""manual_review_of_retrieved_sources_and_existing_evidence"", ""note"": ""No explicit affected occupation identified in the material reviewed. This does not mean none were affected or that no other source can identify them."", ""sources"": [""https://aimgroup.com/2026/02/24/truecar-cuts-30-of-staff/"", ""https://www.prnewswire.com/news-releases/truecar-announces-organizational-realignment-to-restore-profitability-and-recommit-to-core-mission-302695443.html""]}}",,,,,,
layoff-2026-051,WiseTech,2026-02-24,2000,0.3,Logistics,Post-IPO,Australia,"[""Sydney"", ""Non-U.S.""]",3000,https://www.bloomberg.com/news/articles/2026-02-24/wisetech-to-cut-2-000-jobs-as-ai-ends-era-of-manual-coding,https://wisetechglobal.com/media/bc1jtpfs/wisetech-1h26-results-briefing-combined-scripts.pdf,announcement,multi_year_plan,"[""ai_substitution"", ""m_and_a""]","{""ai_substitution"": {""summary"": ""Company describes AI automating work formerly requiring larger operational teams."", ""attribution"": ""company_stated"", ""scope"": ""multi_year_plan"", ""source_url"": ""https://wisetechglobal.com/media/bc1jtpfs/wisetech-1h26-results-briefing-combined-scripts.pdf"", ""specificity"": ""concrete""}, ""m_and_a"": {""summary"": ""Company identifies integration of the acquired e2open business within its transformation."", ""attribution"": ""company_stated"", ""scope"": ""multi_year_plan"", ""source_url"": ""https://wisetechglobal.com/media/bc1jtpfs/wisetech-1h26-results-briefing-combined-scripts.pdf"", ""specificity"": ""concrete""}}",[],[],"{""date"": ""2026-09-16"", ""status"": ""source_reviewed"", ""note"": ""Company describes automated work and integration following e2open; announced reductions extend over multiple years."", ""sources"": [""https://www.bloomberg.com/news/articles/2026-02-24/wisetech-to-cut-2-000-jobs-as-ai-ends-era-of-manual-coding"", ""https://wisetechglobal.com/media/bc1jtpfs/wisetech-1h26-results-briefing-combined-scripts.pdf""], ""issues"": [""multi_year_count""]}",specified,Company describes automated work and integration following e2open; announced reductions extend over multiple years.,2,"{""status"": ""identified"", ""functions"": [""engineering"", ""product_design"", ""support""], ""details"": [{""functions"": [""engineering"", ""product_design"", ""support""], ""summary"": ""Company plan initially targets product/development and customer service, including e2open."", ""attribution"": ""company_stated"", ""source_url"": ""https://wisetechglobal.com/media/bc1jtpfs/wisetech-1h26-results-briefing-combined-scripts.pdf"", ""evidence_access"": ""full""}], ""units"": [], ""levels"": [], ""review"": {""date"": ""2026-09-17"", ""method"": ""manual_review_of_retrieved_sources_and_existing_evidence"", ""note"": ""Functions explicitly identified for this event; the list is not necessarily exhaustive."", ""sources"": [""https://www.bloomberg.com/news/articles/2026-02-24/wisetech-to-cut-2-000-jobs-as-ai-ends-era-of-manual-coding"", ""https://wisetechglobal.com/media/bc1jtpfs/wisetech-1h26-results-briefing-combined-scripts.pdf""]}}",,,,,,
layoff-2026-052,C3.ai,2026-02-25,280,0.26,AI,Post-IPO,United States,"[""SF Bay Area""]",228,https://www.morningstar.com/stocks/xnys/ai/earnings-transcript,https://www.cio.com/article/4138095/c3-ai-slashes-26-of-its-workforce-ceo-attributes-the-move-in-part-to-ai-efficiency.html,announcement,announced_reduction,"[""cost_cutting"", ""ai_productivity""]","{""cost_cutting"": {""summary"": ""CEO Stephen Ehikian said the cost structure was 'simply too high' after aggressive 2024-25 hiring outpaced slower enterprise AI adoption; also cites AI-driven efficiency. Came alongside a wider loss and stock drop."", ""attribution"": ""press_reported"", ""scope"": ""event"", ""source_url"": ""https://www.cio.com/article/4138095/c3-ai-slashes-26-of-its-workforce-ceo-attributes-the-move-in-part-to-ai-efficiency.html"", ""specificity"": ""concrete""}, ""ai_productivity"": {""summary"": ""The CEO cites AI-driven productivity gains across functions as part of the explanation for reducing headcount, alongside the cost-reduction program."", ""attribution"": ""company_stated"", ""scope"": ""event"", ""source_url"": ""https://www.cio.com/article/4138095/c3-ai-slashes-26-of-its-workforce-ceo-attributes-the-move-in-part-to-ai-efficiency.html"", ""specificity"": ""concrete""}}",[],[],"{""date"": ""2026-09-16"", ""status"": ""source_reviewed"", ""note"": ""CEO attributes part of the cut to productivity, alongside cost reductions."", ""sources"": [""https://www.morningstar.com/stocks/xnys/ai/earnings-transcript"", ""https://www.cio.com/article/4138095/c3-ai-slashes-26-of-its-workforce-ceo-attributes-the-move-in-part-to-ai-efficiency.html""], ""issues"": []}",specified,"CEO attributes part of the cut to productivity, alongside cost reductions.",2,"{""status"": ""not_identified"", ""functions"": [], ""details"": [], ""units"": [], ""levels"": [], ""review"": {""date"": ""2026-09-17"", ""method"": ""manual_review_of_retrieved_sources_and_existing_evidence"", ""note"": ""No explicit affected occupation identified in the material reviewed. This does not mean none were affected or that no other source can identify them."", ""sources"": [""https://www.morningstar.com/stocks/xnys/ai/earnings-transcript"", ""https://www.cio.com/article/4138095/c3-ai-slashes-26-of-its-workforce-ceo-attributes-the-move-in-part-to-ai-efficiency.html""]}}",,,,,,
layoff-2026-053,Deliveroo,2026-02-25,187,,Food,Post-IPO,United Kingdom,"[""London"", ""Non-U.S.""]",1700,https://in.investing.com/news/company-news/doordash-closes-deliveroo-operations-in-qatar-and-singapore-93CH-5256077,,announcement,announced_reduction,"[""market_exit""]","{""market_exit"": {""summary"": ""Company withdraws from specified markets, eliminating associated operations."", ""attribution"": ""company_stated"", ""scope"": ""event"", ""source_url"": ""https://in.investing.com/news/company-news/doordash-closes-deliveroo-operations-in-qatar-and-singapore-93CH-5256077"", ""specificity"": ""concrete""}}",[],[],"{""date"": ""2026-09-16"", ""status"": ""source_reviewed"", ""note"": ""Company withdraws from specified markets, eliminating associated operations."", ""sources"": [""https://in.investing.com/news/company-news/doordash-closes-deliveroo-operations-in-qatar-and-singapore-93CH-5256077""], ""issues"": []}",specified,"Company withdraws from specified markets, eliminating associated operations.",2,"{""status"": ""not_identified"", ""functions"": [], ""details"": [], ""units"": [], ""levels"": [], ""review"": {""date"": ""2026-09-17"", ""method"": ""manual_review_of_retrieved_sources_and_existing_evidence"", ""note"": ""No explicit affected occupation identified in the material reviewed. This does not mean none were affected or that no other source can identify them."", ""sources"": [""https://in.investing.com/news/company-news/doordash-closes-deliveroo-operations-in-qatar-and-singapore-93CH-5256077""]}}",,,,,,
layoff-2026-054,Block,2026-02-26,4000,0.4,Finance,Post-IPO,United States,"[""SF Bay Area""]",150,https://www.cnbc.com/2026/02/26/block-laying-off-about-4000-employees-nearly-half-of-its-workforce.html,https://www.sec.gov/Archives/edgar/data/1512673/000119312526076557/d108590dex991.htm,announcement,announced_reduction,"[""ai_productivity""]","{""ai_productivity"": {""summary"": ""The shareholder letter links the reduction to operating with a smaller team using intelligence tools, citing internal experience of increased output."", ""attribution"": ""company_stated"", ""scope"": ""event"", ""source_url"": ""https://www.sec.gov/Archives/edgar/data/1512673/000119312526076557/d108590dex991.htm"", ""specificity"": ""concrete""}}",[],[],"{""date"": ""2026-09-16"", ""status"": ""source_reviewed"", ""note"": ""Shareholder letter attributes a smaller workforce to intelligence-tool productivity; individual job replacement is not allocated."", ""sources"": [""https://www.cnbc.com/2026/02/26/block-laying-off-about-4000-employees-nearly-half-of-its-workforce.html"", ""https://www.sec.gov/Archives/edgar/data/1512673/000119312526076557/d108590dex991.htm""], ""issues"": []}",specified,Shareholder letter attributes a smaller workforce to intelligence-tool productivity; individual job replacement is not allocated.,2,"{""status"": ""not_identified"", ""functions"": [], ""details"": [], ""units"": [], ""levels"": [], ""review"": {""date"": ""2026-09-17"", ""method"": ""manual_review_of_retrieved_sources_and_existing_evidence"", ""note"": ""No explicit affected occupation identified in the material reviewed. This does not mean none were affected or that no other source can identify them."", ""sources"": [""https://www.cnbc.com/2026/02/26/block-laying-off-about-4000-employees-nearly-half-of-its-workforce.html"", ""https://www.sec.gov/Archives/edgar/data/1512673/000119312526076557/d108590dex991.htm""]}}",,,,,,
layoff-2026-055,Ocado,2026-02-26,1000,0.05,Food,Post-IPO,United Kingdom,"[""London"", ""Non-U.S.""]",2000,https://www.theguardian.com/business/2026/feb/26/ocado-to-cut-1000-jobs-in-150m-cost-cutting-drive,https://www.rns-pdf.londonstockexchange.com/rns/5025U_1-2026-2-26.pdf,announcement,announced_reduction,"[""cost_cutting"", ""ai_productivity"", ""organizational_consolidation""]","{""cost_cutting"": {""summary"": ""Company targets £150 million less technology and support spending."", ""attribution"": ""company_stated"", ""scope"": ""event"", ""source_url"": ""https://www.rns-pdf.londonstockexchange.com/rns/5025U_1-2026-2-26.pdf"", ""specificity"": ""concrete""}, ""ai_productivity"": {""summary"": ""Results explicitly name AI efficiencies in the lower technology and support spending plan."", ""attribution"": ""company_stated"", ""scope"": ""event"", ""source_url"": ""https://www.rns-pdf.londonstockexchange.com/rns/5025U_1-2026-2-26.pdf"", ""specificity"": ""concrete""}, ""organizational_consolidation"": {""summary"": ""Company combines Solutions and Automation operations."", ""attribution"": ""company_stated"", ""scope"": ""event"", ""source_url"": ""https://www.rns-pdf.londonstockexchange.com/rns/5025U_1-2026-2-26.pdf"", ""specificity"": ""concrete""}}",[],[],"{""date"": ""2026-09-16"", ""status"": ""source_reviewed"", ""note"": ""Results identify AI efficiencies, lower technology/support spending and combined operating units."", ""sources"": [""https://www.theguardian.com/business/2026/feb/26/ocado-to-cut-1000-jobs-in-150m-cost-cutting-drive"", ""https://www.rns-pdf.londonstockexchange.com/rns/5025U_1-2026-2-26.pdf""], ""issues"": []}",specified,"Results identify AI efficiencies, lower technology/support spending and combined operating units.",2,"{""status"": ""not_identified"", ""functions"": [], ""details"": [], ""units"": [], ""levels"": [], ""review"": {""date"": ""2026-09-17"", ""method"": ""manual_review_of_retrieved_sources_and_existing_evidence"", ""note"": ""No explicit affected occupation identified in the material reviewed. This does not mean none were affected or that no other source can identify them."", ""sources"": [""https://www.theguardian.com/business/2026/feb/26/ocado-to-cut-1000-jobs-in-150m-cost-cutting-drive"", ""https://www.rns-pdf.londonstockexchange.com/rns/5025U_1-2026-2-26.pdf""]}}",,,,,,
layoff-2026-056,eBay,2026-02-26,800,0.06,Retail,Post-IPO,Israel,"[""SF Bay Area""]",1200,https://www.cnbc.com/2026/02/26/ebay-layoffs-800-workforce.html,https://www.investing.com/news/stock-market-news/ebay-slashes-6-of-workforce-as-ecommerce-firm-realigns-operations-4528171,announcement,announced_reduction,"[""organizational_consolidation""]","{""organizational_consolidation"": {""summary"": ""Company identifies areas of duplication among the criteria for the current cuts."", ""attribution"": ""company_stated"", ""scope"": ""event"", ""source_url"": ""https://www.cnbc.com/2026/02/26/ebay-layoffs-800-workforce.html"", ""specificity"": ""concrete"", ""evidence_access"": ""full""}}","[{""kind"": ""acquisition"", ""summary"": ""Recent Depop deal is mentioned without explaining these cuts as integration."", ""source_url"": ""https://www.investing.com/news/stock-market-news/ebay-slashes-6-of-workforce-as-ecommerce-firm-realigns-operations-4528171""}]",[],"{""date"": ""2026-09-16"", ""status"": ""source_reviewed"", ""note"": ""Company statement identifies duplication among the current cut criteria. The Depop acquisition is separate context, not the basis for this classification. Explanation review: attributed reasons are recorded below with explicit specificity."", ""sources"": [""https://www.cnbc.com/2026/02/26/ebay-layoffs-800-workforce.html"", ""https://www.investing.com/news/stock-market-news/ebay-slashes-6-of-workforce-as-ecommerce-firm-realigns-operations-4528171""], ""issues"": []}",specified,Concrete attributed mechanism: Company identifies areas of duplication among the criteria for the current cuts.,2,"{""status"": ""not_identified"", ""functions"": [], ""details"": [], ""units"": [], ""levels"": [], ""review"": {""date"": ""2026-09-17"", ""method"": ""manual_review_of_retrieved_sources_and_existing_evidence"", ""note"": ""No explicit affected occupation identified in the material reviewed. This does not mean none were affected or that no other source can identify them."", ""sources"": [""https://www.cnbc.com/2026/02/26/ebay-layoffs-800-workforce.html"", ""https://www.investing.com/news/stock-market-news/ebay-slashes-6-of-workforce-as-ecommerce-firm-realigns-operations-4528171""]}}",,"{""date"": ""2026-09-17"", ""outcome"": ""concrete"", ""note"": ""Event-specific attributed explanation retained at its stated level of detail. Generic language does not establish a concrete operating mechanism or verified causal effect.""}",,,,
layoff-2026-057,Zap Africa,2026-02-28,8,0.44,Finance,Seed,Nigeria,"[""Lagos"", ""Non-U.S.""]",,https://techcabal.com/2026/02/28/zap-africa-layoffs/,https://techcabal.com/2026/02/28/zap-africa-layoffs/,announcement,announced_reduction,"[""cost_cutting"", ""ai_productivity"", ""ai_substitution""]","{""cost_cutting"": {""summary"": ""Company links restructuring to aligning operating costs with revenue."", ""attribution"": ""company_stated"", ""scope"": ""event"", ""source_url"": ""https://techcabal.com/2026/02/28/zap-africa-layoffs/"", ""specificity"": ""concrete""}, ""ai_productivity"": {""summary"": ""CTO attributes the reduction from 18 to 10 employees to an AI-driven efficiency shift."", ""attribution"": ""company_stated"", ""scope"": ""event"", ""source_url"": ""https://techcabal.com/2026/02/28/zap-africa-layoffs/"", ""specificity"": ""concrete""}, ""ai_substitution"": {""summary"": ""Former employees say Martha AI handles first-line enquiries and automation made roles redundant."", ""attribution"": ""worker_reported"", ""scope"": ""event"", ""source_url"": ""https://techcabal.com/2026/02/28/zap-africa-layoffs/"", ""specificity"": ""concrete""}}",[],[],"{""date"": ""2026-09-17"", ""status"": ""source_reviewed"", ""note"": ""Full report recovered: CTO attributes the February reduction from 18 to 10 to AI efficiency and cost alignment; former staff separately report support automation making roles redundant."", ""sources"": [""https://techcabal.com/2026/02/28/zap-africa-layoffs/""], ""issues"": []}",specified,Full report recovered: CTO attributes the February reduction from 18 to 10 to AI efficiency and cost alignment; former staff separately report support automation making roles redundant.,2,"{""status"": ""identified"", ""functions"": [""product_design"", ""operations"", ""marketing"", ""support""], ""details"": [{""functions"": [""product_design"", ""operations"", ""marketing"", ""support""], ""summary"": ""Design, operations, marketing and support are reported; CTO confirms design, operations and support. This is the February eight-person round."", ""attribution"": ""press_reported"", ""source_url"": ""https://techcabal.com/2026/02/28/zap-africa-layoffs/"", ""evidence_access"": ""full""}], ""units"": [], ""levels"": [], ""review"": {""date"": ""2026-09-17"", ""method"": ""manual_review_of_retrieved_sources_and_existing_evidence"", ""note"": ""Functions explicitly identified for this event; the list is not necessarily exhaustive."", ""sources"": [""https://techcabal.com/2026/02/28/zap-africa-layoffs/""]}}",,,,,,
layoff-2026-058,Verint Systems,2026-03-02,,,Security,Acquired,United States,"[""New York City""]",213,https://www.calcalistech.com/ctechnews/article/rjpmvvqf11l,,announcement,announced_reduction,"[""m_and_a""]","{""m_and_a"": {""summary"": ""Reporting links overlapping functions to the Calabrio combination; company confirms the combination, not each causal detail."", ""attribution"": ""reported_inference"", ""scope"": ""event"", ""source_url"": ""https://www.calcalistech.com/ctechnews/article/rjpmvvqf11l"", ""specificity"": ""concrete""}}",[],[],"{""date"": ""2026-09-16"", ""status"": ""source_reviewed"", ""note"": ""Reporting links overlapping functions to the Calabrio combination; company confirms the combination, not each causal detail."", ""sources"": [""https://www.calcalistech.com/ctechnews/article/rjpmvvqf11l""], ""issues"": []}",specified,"Reporting links overlapping functions to the Calabrio combination; company confirms the combination, not each causal detail.",2,"{""status"": ""not_identified"", ""functions"": [], ""details"": [], ""units"": [], ""levels"": [], ""review"": {""date"": ""2026-09-17"", ""method"": ""manual_review_of_retrieved_sources_and_existing_evidence"", ""note"": ""No explicit affected occupation identified in the material reviewed. This does not mean none were affected or that no other source can identify them."", ""sources"": [""https://www.calcalistech.com/ctechnews/article/rjpmvvqf11l""]}}",,,,,,
layoff-2026-059,MicroVision,2026-03-03,49,,Other,Post-IPO,United States,"[""Seattle""]",415,https://www.bizjournals.com/seattle/news/2026/03/03/microvision-lidar-redmond-layoffs-warn-cars.html,https://www.sec.gov/Archives/edgar/data/65770/000149315226008898/R28.htm,announcement,announced_reduction,"[""organizational_consolidation"", ""cost_cutting""]","{""organizational_consolidation"": {""summary"": ""Filing explicitly links consolidation of Redmond activities into Orlando to lower operating costs."", ""attribution"": ""company_stated"", ""scope"": ""event"", ""source_url"": ""https://www.sec.gov/Archives/edgar/data/65770/000149315226008898/R28.htm"", ""specificity"": ""concrete""}, ""cost_cutting"": {""summary"": ""Filing explicitly links consolidation of Redmond activities into Orlando to lower operating costs."", ""attribution"": ""company_stated"", ""scope"": ""event"", ""source_url"": ""https://www.sec.gov/Archives/edgar/data/65770/000149315226008898/R28.htm"", ""specificity"": ""concrete""}}",[],[],"{""date"": ""2026-09-16"", ""status"": ""source_reviewed"", ""note"": ""Filing explicitly links consolidation of Redmond activities into Orlando to lower operating costs."", ""sources"": [""https://www.bizjournals.com/seattle/news/2026/03/03/microvision-lidar-redmond-layoffs-warn-cars.html"", ""https://www.sec.gov/Archives/edgar/data/65770/000149315226008898/R28.htm""], ""issues"": []}",specified,Filing explicitly links consolidation of Redmond activities into Orlando to lower operating costs.,2,"{""status"": ""not_identified"", ""functions"": [], ""details"": [], ""units"": [], ""levels"": [], ""review"": {""date"": ""2026-09-17"", ""method"": ""manual_review_of_retrieved_sources_and_existing_evidence"", ""note"": ""No explicit affected occupation identified in the material reviewed. This does not mean none were affected or that no other source can identify them."", ""sources"": [""https://www.bizjournals.com/seattle/news/2026/03/03/microvision-lidar-redmond-layoffs-warn-cars.html"", ""https://www.sec.gov/Archives/edgar/data/65770/000149315226008898/R28.htm""]}}",,,,,,
layoff-2026-060,Amazon,2026-03-04,100,,Retail,Post-IPO,United States,"[""Seattle""]",8100,https://finance.yahoo.com/news/amazon-cuts-more-jobs-time-212928090.html,https://www.investing.com/news/stock-market-news/amazon-cuts-more-jobs-this-time-in-robotics-unit-4542244,announcement,announced_reduction,"[""organizational_realignment""]","{""organizational_realignment"": {""summary"": ""Company describes a regular organizational review to position teams to innovate and deliver for customers."", ""attribution"": ""company_stated"", ""scope"": ""event"", ""source_url"": ""https://finance.yahoo.com/news/amazon-cuts-more-jobs-time-212928090.html"", ""specificity"": ""generic"", ""evidence_access"": ""full""}}","[{""kind"": ""earlier_period"", ""summary"": ""AI discussion describes an earlier company-wide round."", ""source_url"": ""https://www.investing.com/news/stock-market-news/amazon-cuts-more-jobs-this-time-in-robotics-unit-4542244""}]",[],"{""date"": ""2026-09-16"", ""status"": ""source_reviewed"", ""note"": ""Company describes routine organizational review; earlier rounds' AI explanations are not event-specific evidence. Explanation review: attributed reasons are recorded below with explicit specificity."", ""sources"": [""https://finance.yahoo.com/news/amazon-cuts-more-jobs-time-212928090.html"", ""https://www.investing.com/news/stock-market-news/amazon-cuts-more-jobs-this-time-in-robotics-unit-4542244""], ""issues"": []}",generic,Generic attributed reason: Company describes a regular organizational review to position teams to innovate and deliver for customers.,2,"{""status"": ""not_identified"", ""functions"": [], ""details"": [], ""units"": [], ""levels"": [], ""review"": {""date"": ""2026-09-17"", ""method"": ""manual_review_of_retrieved_sources_and_existing_evidence"", ""note"": ""No explicit affected occupation identified in the material reviewed. This does not mean none were affected or that no other source can identify them."", ""sources"": [""https://finance.yahoo.com/news/amazon-cuts-more-jobs-time-212928090.html"", ""https://www.investing.com/news/stock-market-news/amazon-cuts-more-jobs-this-time-in-robotics-unit-4542244""]}}",,"{""date"": ""2026-09-17"", ""outcome"": ""generic"", ""note"": ""Event-specific attributed explanation retained at its stated level of detail. Generic language does not establish a concrete operating mechanism or verified causal effect.""}","{""review_date"": ""2026-09-17"", ""outcome"": ""published_reason_remains_general"", ""note_es"": ""La cobertura confirma una revisión organizacional. El cierre de Blue Jay ocurrió antes y no se identifica de forma suficiente qué despidos de marzo responden a él. Tampoco se traslada la explicación de otras rondas de Amazon."", ""open_question_es"": ""¿Qué proceso, actividad o criterio conecta la explicación publicada con estos puestos concretos?"", ""sources"": [""https://finance.yahoo.com/news/amazon-cuts-more-jobs-time-212928090.html"", ""https://www.investing.com/news/stock-market-news/amazon-cuts-more-jobs-this-time-in-robotics-unit-4542244"", ""https://www.moneycontrol.com/technology/amazon-cuts-over-100-jobs-in-robotics-division-as-it-shifts-warehouse-automation-strategy-article-13851339.html""], ""search_scope"": ""Individual reread of event sources and search by company, announcement date and stated rationale; targeted primary-document checks where a relevant lead was found.""}",,,
layoff-2026-061,At-Bay,2026-03-04,25,,Security,Unknown,Israel,"[""Tel Aviv"", ""Non-U.S.""]",296,https://www.calcalistech.com/ctechnews/article/bye11uubkwe,,announcement,announced_reduction,"[""cost_cutting""]","{""cost_cutting"": {""summary"": ""CEO identifies profitability as the objective of the reduction."", ""attribution"": ""company_stated"", ""scope"": ""event"", ""source_url"": ""https://www.calcalistech.com/ctechnews/article/bye11uubkwe"", ""specificity"": ""concrete""}}",[],[],"{""date"": ""2026-09-16"", ""status"": ""source_reviewed"", ""note"": ""CEO identifies profitability as the objective of the reduction."", ""sources"": [""https://www.calcalistech.com/ctechnews/article/bye11uubkwe""], ""issues"": []}",specified,CEO identifies profitability as the objective of the reduction.,2,"{""status"": ""identified"", ""functions"": [""engineering""], ""details"": [{""functions"": [""engineering""], ""summary"": ""Original report explicitly identifies development employees."", ""attribution"": ""press_reported"", ""source_url"": ""https://www.calcalistech.com/ctechnews/article/bye11uubkwe"", ""evidence_access"": ""full""}], ""units"": [], ""levels"": [], ""review"": {""date"": ""2026-09-17"", ""method"": ""manual_review_of_retrieved_sources_and_existing_evidence"", ""note"": ""Functions explicitly identified for this event; the list is not necessarily exhaustive."", ""sources"": [""https://www.calcalistech.com/ctechnews/article/bye11uubkwe""]}}",,,,,,
layoff-2026-062,Envato,2026-03-04,200,0.3,Marketing,Unknown,Australia,"[""Melbourne"", ""Non-U.S.""]",,https://www.startupdaily.net/advice/business-strategy/shutterstock-owned-envato-is-slashing-its-workforce/,,announcement,announced_reduction,"[""cost_cutting"", ""ai_investment_reallocation"", ""organizational_consolidation""]","{""cost_cutting"": {""summary"": ""CEO Hichame Assi cited the need to respond to rapidly changing customer expectations and to reduce operating costs in order to invest further in product, marketing, and AI."", ""attribution"": ""press_reported"", ""scope"": ""event"", ""source_url"": ""https://www.startupdaily.net/advice/business-strategy/shutterstock-owned-envato-is-slashing-its-workforce/"", ""specificity"": ""concrete""}, ""ai_investment_reallocation"": {""summary"": ""The CEO says the reductions lower operating costs to fund further product, marketing and AI investment."", ""attribution"": ""company_stated"", ""scope"": ""event"", ""source_url"": ""https://www.startupdaily.net/advice/business-strategy/shutterstock-owned-envato-is-slashing-its-workforce/"", ""specificity"": ""concrete""}, ""organizational_consolidation"": {""summary"": ""The CEO describes removing management layers and reorganizing around smaller teams and individual contributors."", ""attribution"": ""company_stated"", ""scope"": ""event"", ""source_url"": ""https://www.startupdaily.net/advice/business-strategy/shutterstock-owned-envato-is-slashing-its-workforce/"", ""specificity"": ""concrete""}}",[],[],"{""date"": ""2026-09-16"", ""status"": ""source_reviewed"", ""note"": ""Company links cost reduction and organizational changes to reinvestment, with AI one of several destinations."", ""sources"": [""https://www.startupdaily.net/advice/business-strategy/shutterstock-owned-envato-is-slashing-its-workforce/""], ""issues"": []}",specified,"Company links cost reduction and organizational changes to reinvestment, with AI one of several destinations.",2,"{""status"": ""not_identified"", ""functions"": [], ""details"": [], ""units"": [], ""levels"": [], ""review"": {""date"": ""2026-09-17"", ""method"": ""manual_review_of_retrieved_sources_and_existing_evidence"", ""note"": ""No explicit affected occupation identified in the material reviewed. This does not mean none were affected or that no other source can identify them."", ""sources"": [""https://www.startupdaily.net/advice/business-strategy/shutterstock-owned-envato-is-slashing-its-workforce/""]}}",,,,,,
layoff-2026-063,Supernal,2026-03-04,296,0.8,Transportation,Unknown,United States,"[""Los Angeles""]",,https://www.latimes.com/business/story/2026-03-04/irvine-startup-lays-off-close-to-300-employees,,announcement,announced_reduction,"[""cost_cutting"", ""organizational_consolidation""]","{""cost_cutting"": {""summary"": ""Company targets lower operating costs."", ""attribution"": ""press_reported"", ""scope"": ""event"", ""source_url"": ""https://www.latimes.com/business/story/2026-03-04/irvine-startup-lays-off-close-to-300-employees"", ""specificity"": ""concrete""}, ""organizational_consolidation"": {""summary"": ""Company consolidates operations in Irvine."", ""attribution"": ""press_reported"", ""scope"": ""event"", ""source_url"": ""https://www.latimes.com/business/story/2026-03-04/irvine-startup-lays-off-close-to-300-employees"", ""specificity"": ""concrete""}}",[],[],"{""date"": ""2026-09-16"", ""status"": ""source_reviewed"", ""note"": ""Company links cuts to lower costs and consolidation in Irvine."", ""sources"": [""https://www.latimes.com/business/story/2026-03-04/irvine-startup-lays-off-close-to-300-employees""], ""issues"": []}",specified,Company links cuts to lower costs and consolidation in Irvine.,2,"{""status"": ""not_identified"", ""functions"": [], ""details"": [], ""units"": [], ""levels"": [], ""review"": {""date"": ""2026-09-17"", ""method"": ""manual_review_of_retrieved_sources_and_existing_evidence"", ""note"": ""No explicit affected occupation identified in the material reviewed. This does not mean none were affected or that no other source can identify them."", ""sources"": [""https://www.latimes.com/business/story/2026-03-04/irvine-startup-lays-off-close-to-300-employees""]}}",,,,,,
layoff-2026-064,SSense,2026-03-05,215,,Retail,Series A,Canada,"[""Montreal"", ""Non-U.S.""]",,https://betakit.com/ssense-cut-more-than-200-jobs-days-after-founders-won-bid-to-buy-back-company/,,announcement,announced_reduction,"[""market_conditions""]","{""market_conditions"": {""summary"": ""Company reported economic reasons for the layoffs to the provincial government; the reason is not further specified."", ""attribution"": ""company_stated"", ""scope"": ""event"", ""source_url"": ""https://betakit.com/ssense-cut-more-than-200-jobs-days-after-founders-won-bid-to-buy-back-company/"", ""specificity"": ""generic"", ""evidence_access"": ""full""}}",[],[],"{""date"": ""2026-09-16"", ""status"": ""source_reviewed"", ""note"": ""Reported economic reasons are nonspecific. Insolvency background alone does not establish the mechanism for each cut. Explanation review: attributed reasons are recorded below with explicit specificity."", ""sources"": [""https://betakit.com/ssense-cut-more-than-200-jobs-days-after-founders-won-bid-to-buy-back-company/""], ""issues"": [""date_uncertain""]}",generic,Generic attributed reason: Company reported economic reasons for the layoffs to the provincial government; the reason is not further specified.,2,"{""status"": ""not_identified"", ""functions"": [], ""details"": [], ""units"": [], ""levels"": [], ""review"": {""date"": ""2026-09-17"", ""method"": ""manual_review_of_retrieved_sources_and_existing_evidence"", ""note"": ""No explicit affected occupation identified in the material reviewed. This does not mean none were affected or that no other source can identify them."", ""sources"": [""https://betakit.com/ssense-cut-more-than-200-jobs-days-after-founders-won-bid-to-buy-back-company/""]}}",,"{""date"": ""2026-09-17"", ""outcome"": ""generic"", ""note"": ""Event-specific attributed explanation retained at its stated level of detail. Generic language does not establish a concrete operating mechanism or verified causal effect.""}","{""review_date"": ""2026-09-17"", ""outcome"": ""published_reason_remains_general"", ""note_es"": ""El aviso cita razones económicas. La insolvencia y la caída de ventas están documentadas como contexto, pero no se recuperó una atribución suficientemente específica para estos puestos."", ""open_question_es"": ""¿Qué proceso, actividad o criterio conecta la explicación publicada con estos puestos concretos?"", ""sources"": [""https://betakit.com/ssense-cut-more-than-200-jobs-days-after-founders-won-bid-to-buy-back-company/""], ""search_scope"": ""Individual reread of event sources and search by company, announcement date and stated rationale; targeted primary-document checks where a relevant lead was found.""}",,,
layoff-2026-065,Flipkart,2026-03-06,500,,Retail,Acquired,India,"[""Bengaluru"", ""Non-U.S.""]",12900,https://inc42.com/buzz/flipkart-lays-off-about-500-employees-post-annual-performance-review/,,announcement,announced_reduction,"[""performance_cull""]","{""performance_cull"": {""summary"": ""Company attributes cuts to performance reviews."", ""attribution"": ""company_stated"", ""scope"": ""event"", ""source_url"": ""https://inc42.com/buzz/flipkart-lays-off-about-500-employees-post-annual-performance-review/"", ""specificity"": ""concrete""}}",[],[],"{""date"": ""2026-09-16"", ""status"": ""source_reviewed"", ""note"": ""Company attributes cuts to performance reviews."", ""sources"": [""https://inc42.com/buzz/flipkart-lays-off-about-500-employees-post-annual-performance-review/""], ""issues"": []}",specified,Company attributes cuts to performance reviews.,2,"{""status"": ""not_identified"", ""functions"": [], ""details"": [], ""units"": [], ""levels"": [], ""review"": {""date"": ""2026-09-17"", ""method"": ""manual_review_of_retrieved_sources_and_existing_evidence"", ""note"": ""No explicit affected occupation identified in the material reviewed. This does not mean none were affected or that no other source can identify them."", ""sources"": [""https://inc42.com/buzz/flipkart-lays-off-about-500-employees-post-annual-performance-review/""]}}",,,,,,
layoff-2026-066,InvestCloud,2026-03-10,150,,Finance,Private Equity,United States,"[""Los Angeles""]",54,https://citywire.com/ria/news/investcloud-lays-off-150-sources/a2485606,https://wealthtechtoday.com/2026/03/09/investcloud-layoffs-2026/,announcement,announced_reduction,"[""ai_productivity"", ""organizational_consolidation"", ""strategic_pivot""]","{""ai_productivity"": {""summary"": ""CEO attributes the reduction partly to AI-driven productivity and faster delivery."", ""attribution"": ""company_stated"", ""scope"": ""event"", ""source_url"": ""https://wealthtechtoday.com/2026/03/09/investcloud-layoffs-2026/"", ""specificity"": ""concrete""}, ""organizational_consolidation"": {""summary"": ""Digital Wealth operations are being concentrated into fewer centers."", ""attribution"": ""company_stated"", ""scope"": ""event"", ""source_url"": ""https://wealthtechtoday.com/2026/03/09/investcloud-layoffs-2026/"", ""specificity"": ""concrete""}, ""strategic_pivot"": {""summary"": ""CEO describes replacing bespoke client solutions with repeatable, standardized products."", ""attribution"": ""company_stated"", ""scope"": ""event"", ""source_url"": ""https://wealthtechtoday.com/2026/03/09/investcloud-layoffs-2026/"", ""specificity"": ""concrete""}}",[],[],"{""date"": ""2026-09-17"", ""status"": ""source_reviewed"", ""note"": ""Direct CEO interview and reviewed staff communication connect Digital Wealth cuts to AI productivity, fewer operating centers and a move from bespoke implementations to standardized products."", ""sources"": [""https://citywire.com/ria/news/investcloud-lays-off-150-sources/a2485606"", ""https://wealthtechtoday.com/2026/03/09/investcloud-layoffs-2026/""], ""issues"": []}",specified,"Direct CEO interview and reviewed staff communication connect Digital Wealth cuts to AI productivity, fewer operating centers and a move from bespoke implementations to standardized products.",2,"{""status"": ""unit_only"", ""functions"": [], ""details"": [], ""units"": [{""name"": ""Digital Wealth"", ""summary"": ""CEO identifies Digital Wealth as the affected division; APL and Private Markets are excluded."", ""source_url"": ""https://wealthtechtoday.com/2026/03/09/investcloud-layoffs-2026/""}], ""levels"": [], ""review"": {""date"": ""2026-09-17"", ""method"": ""manual_review_of_retrieved_sources_and_existing_evidence"", ""note"": ""A business unit or broad scope is named; this does not supply a complete occupation breakdown."", ""sources"": [""https://citywire.com/ria/news/investcloud-lays-off-150-sources/a2485606"", ""https://wealthtechtoday.com/2026/03/09/investcloud-layoffs-2026/""]}}",,,,,,
layoff-2026-067,Atlassian,2026-03-11,1600,0.1,Other,Post-IPO,Australia,"[""Sydney"", ""Non-U.S.""]",210,https://au.finance.yahoo.com/news/atlassian-lay-off-1-600-212610757.html?guccounter=1,https://www.atlassian.com/blog/company-news/atlassian-team-update-march-2026,announcement,announced_reduction,"[""ai_investment_reallocation"", ""cost_cutting""]","{""ai_investment_reallocation"": {""summary"": ""The CEO says the staffing reduction will self-fund further investment in AI and enterprise sales."", ""attribution"": ""company_stated"", ""scope"": ""event"", ""source_url"": ""https://www.atlassian.com/blog/company-news/atlassian-team-update-march-2026"", ""specificity"": ""concrete""}, ""cost_cutting"": {""summary"": ""The CEO links the reduction to improving the financial profile and accelerating sustained profitability."", ""attribution"": ""company_stated"", ""scope"": ""event"", ""source_url"": ""https://www.atlassian.com/blog/company-news/atlassian-team-update-march-2026"", ""specificity"": ""concrete""}}",[],"[{""target"": ""replacement"", ""speaker"": ""company"", ""summary"": ""Rejects direct replacement framing while funding AI and enterprise sales."", ""source_url"": ""https://www.atlassian.com/blog/company-news/atlassian-team-update-march-2026""}]","{""date"": ""2026-09-16"", ""status"": ""source_reviewed"", ""note"": ""Company links savings to AI and enterprise-sales investment while denying direct replacement."", ""sources"": [""https://au.finance.yahoo.com/news/atlassian-lay-off-1-600-212610757.html?guccounter=1"", ""https://www.atlassian.com/blog/company-news/atlassian-team-update-march-2026""], ""issues"": []}",specified,Company links savings to AI and enterprise-sales investment while denying direct replacement.,2,"{""status"": ""identified"", ""functions"": [""engineering""], ""details"": [{""functions"": [""engineering""], ""summary"": ""Company spokesperson identifies more than 900 software R&D positions."", ""attribution"": ""company_stated"", ""source_url"": ""https://www.theguardian.com/technology/2026/mar/12/atlassian-layoffs-software-technology-ai-push-mike-cannon-brookes-asx"", ""evidence_access"": ""full""}], ""units"": [], ""levels"": [], ""review"": {""date"": ""2026-09-17"", ""method"": ""manual_review_of_retrieved_sources_and_existing_evidence"", ""note"": ""Functions explicitly identified for this event; the list is not necessarily exhaustive."", ""sources"": [""https://au.finance.yahoo.com/news/atlassian-lay-off-1-600-212610757.html?guccounter=1"", ""https://www.atlassian.com/blog/company-news/atlassian-team-update-march-2026"", ""https://www.theguardian.com/technology/2026/mar/12/atlassian-layoffs-software-technology-ai-push-mike-cannon-brookes-asx""]}}",,,,,,
layoff-2026-068,Digg,2026-03-13,,,Consumer,Acquired,United States,"[""New York City""]",49,https://techcrunch.com/2026/03/13/digg-lays-off-staff-and-shuts-down-app-as-company-retools/,,announcement,announced_reduction,"[""ai_market_disruption"", ""strategic_pivot""]","{""ai_market_disruption"": {""summary"": ""Founder says AI bots undermined the service."", ""attribution"": ""company_stated"", ""scope"": ""event"", ""source_url"": ""https://techcrunch.com/2026/03/13/digg-lays-off-staff-and-shuts-down-app-as-company-retools/"", ""specificity"": ""concrete""}, ""strategic_pivot"": {""summary"": ""Company rebuilds the product."", ""attribution"": ""company_stated"", ""scope"": ""event"", ""source_url"": ""https://techcrunch.com/2026/03/13/digg-lays-off-staff-and-shuts-down-app-as-company-retools/"", ""specificity"": ""concrete""}}",[],[],"{""date"": ""2026-09-16"", ""status"": ""source_reviewed"", ""note"": ""Founder links shutdown of the current service and redesign to AI-bot disruption."", ""sources"": [""https://techcrunch.com/2026/03/13/digg-lays-off-staff-and-shuts-down-app-as-company-retools/""], ""issues"": []}",specified,Founder links shutdown of the current service and redesign to AI-bot disruption.,2,"{""status"": ""not_identified"", ""functions"": [], ""details"": [], ""units"": [], ""levels"": [], ""review"": {""date"": ""2026-09-17"", ""method"": ""manual_review_of_retrieved_sources_and_existing_evidence"", ""note"": ""No explicit affected occupation identified in the material reviewed. This does not mean none were affected or that no other source can identify them."", ""sources"": [""https://techcrunch.com/2026/03/13/digg-lays-off-staff-and-shuts-down-app-as-company-retools/""]}}",,,,,,
layoff-2026-069,Loopio,2026-03-13,36,0.12,Sales,Private Equity,Canada,"[""Toronto"", ""Non-U.S.""]",263,https://betakit.com/citing-market-conditions-loopio-cuts-12-percent-of-staff/,,announcement,announced_reduction,"[""market_conditions"", ""strategic_priorities""]","{""market_conditions"": {""summary"": ""Company connects the restructuring to its review of market conditions and evolving business needs."", ""attribution"": ""company_stated"", ""scope"": ""event"", ""source_url"": ""https://betakit.com/citing-market-conditions-loopio-cuts-12-percent-of-staff/"", ""specificity"": ""generic"", ""evidence_access"": ""full""}, ""strategic_priorities"": {""summary"": ""Company says the restructuring aligns resources with product development, customer experience and sustainable growth."", ""attribution"": ""company_stated"", ""scope"": ""event"", ""source_url"": ""https://betakit.com/citing-market-conditions-loopio-cuts-12-percent-of-staff/"", ""specificity"": ""generic"", ""evidence_access"": ""full""}}",[],[],"{""date"": ""2026-09-16"", ""status"": ""source_reviewed"", ""note"": ""General market conditions do not establish a measured demand decline or specific mechanism. Explanation review: attributed reasons are recorded below with explicit specificity."", ""sources"": [""https://betakit.com/citing-market-conditions-loopio-cuts-12-percent-of-staff/""], ""issues"": []}",generic,"Generic attributed reason: Company connects the restructuring to its review of market conditions and evolving business needs. Generic attributed reason: Company says the restructuring aligns resources with product development, customer experience and sustainable growth.",2,"{""status"": ""not_identified"", ""functions"": [], ""details"": [], ""units"": [], ""levels"": [], ""review"": {""date"": ""2026-09-17"", ""method"": ""manual_review_of_retrieved_sources_and_existing_evidence"", ""note"": ""No explicit affected occupation identified in the material reviewed. This does not mean none were affected or that no other source can identify them."", ""sources"": [""https://betakit.com/citing-market-conditions-loopio-cuts-12-percent-of-staff/""]}}",,"{""date"": ""2026-09-17"", ""outcome"": ""generic"", ""note"": ""Event-specific attributed explanation retained at its stated level of detail. Generic language does not establish a concrete operating mechanism or verified causal effect.""}","{""review_date"": ""2026-09-17"", ""outcome"": ""published_reason_remains_general"", ""note_es"": ""La respuesta a BetaKit mantiene mercado y prioridades. No identifica un contrato perdido, una caída de demanda medida ni una línea de producto que se abandone."", ""open_question_es"": ""¿Qué proceso, actividad o criterio conecta la explicación publicada con estos puestos concretos?"", ""sources"": [""https://betakit.com/citing-market-conditions-loopio-cuts-12-percent-of-staff/""], ""search_scope"": ""Individual reread of event sources and search by company, announcement date and stated rationale; targeted primary-document checks where a relevant lead was found.""}",,,
layoff-2026-070,Stone,2026-03-13,400,0.03,Finance,Post-IPO,Brazil,"[""Sao Paulo"", ""Non-U.S.""]",521,https://jovempan.com.br/noticias/economia/stone-faz-demissao-em-massa-e-desliga-cerca-de-400-funcionarios.html,https://jovempan.com.br/economia/macroeconomia/stone-faz-demissao-em-massa-e-desliga-cerca-de-400-funcionarios/,announcement,announced_reduction,"[""operational_efficiency"", ""ai_transition""]","{""operational_efficiency"": {""summary"": ""Company describes structural adjustments as part of simplification and efficiency efforts."", ""attribution"": ""company_stated"", ""scope"": ""event"", ""source_url"": ""https://jovempan.com.br/economia/macroeconomia/stone-faz-demissao-em-massa-e-desliga-cerca-de-400-funcionarios/"", ""specificity"": ""generic"", ""evidence_access"": ""full""}, ""ai_transition"": {""summary"": ""An unnamed source says progress in AI initiatives contributed to the decision; no concrete mechanism is given."", ""attribution"": ""press_reported"", ""scope"": ""event"", ""source_url"": ""https://jovempan.com.br/economia/macroeconomia/stone-faz-demissao-em-massa-e-desliga-cerca-de-400-funcionarios/"", ""specificity"": ""generic"", ""evidence_access"": ""full""}}",[],[],"{""date"": ""2026-09-16"", ""status"": ""source_reviewed"", ""note"": ""An anonymous account invokes AI; public company statement does not explain a concrete AI mechanism. Explanation review: attributed reasons are recorded below with explicit specificity."", ""sources"": [""https://jovempan.com.br/noticias/economia/stone-faz-demissao-em-massa-e-desliga-cerca-de-400-funcionarios.html"", ""https://jovempan.com.br/economia/macroeconomia/stone-faz-demissao-em-massa-e-desliga-cerca-de-400-funcionarios/""], ""issues"": []}",generic,Generic attributed reason: Company describes structural adjustments as part of simplification and efficiency efforts. Generic attributed reason: An unnamed source says progress in AI initiatives contributed to the decision; no concrete mechanism is given.,2,"{""status"": ""not_identified"", ""functions"": [], ""details"": [], ""units"": [], ""levels"": [], ""review"": {""date"": ""2026-09-17"", ""method"": ""manual_review_of_retrieved_sources_and_existing_evidence"", ""note"": ""No explicit affected occupation identified in the material reviewed. This does not mean none were affected or that no other source can identify them."", ""sources"": [""https://jovempan.com.br/noticias/economia/stone-faz-demissao-em-massa-e-desliga-cerca-de-400-funcionarios.html"", ""https://jovempan.com.br/economia/macroeconomia/stone-faz-demissao-em-massa-e-desliga-cerca-de-400-funcionarios/""]}}",,"{""date"": ""2026-09-17"", ""outcome"": ""generic"", ""note"": ""Event-specific attributed explanation retained at its stated level of detail. Generic language does not establish a concrete operating mechanism or verified causal effect.""}","{""review_date"": ""2026-09-17"", ""outcome"": ""published_reason_remains_general"", ""note_es"": ""La declaración empresarial confirma eficiencia; el vínculo con IA procede de una fuente anónima. Las republicaciones del mismo despacho no aportan un mecanismo independiente."", ""open_question_es"": ""¿Qué tareas cambian con IA y cómo modifica eso la necesidad de personal en esta ronda?"", ""sources"": [""https://jovempan.com.br/noticias/economia/stone-faz-demissao-em-massa-e-desliga-cerca-de-400-funcionarios.html"", ""https://jovempan.com.br/economia/macroeconomia/stone-faz-demissao-em-massa-e-desliga-cerca-de-400-funcionarios/"", ""https://www.cnnbrasil.com.br/economia/money/negocios/stone-demite-cerca-de-3-dos-funcionarios-e-elimina-vagas-de-tecnologia/""], ""search_scope"": ""Individual reread of event sources and search by company, announcement date and stated rationale; targeted primary-document checks where a relevant lead was found.""}",,,
layoff-2026-072,FranShares,2026-03-17,,1,Finance,Seed,United States,"[""Chicago""]",6,https://www.bizjournals.com/chicago/news/2026/03/17/franshares-chicago-startup-shuts-down.html,,announcement,announced_reduction,"[""shutdown"", ""financial_distress""]","{""shutdown"": {""summary"": ""Accessible report quotes founder on insufficient funding and closing the marketplace; full report restricted."", ""attribution"": ""company_stated"", ""scope"": ""event"", ""source_url"": ""https://www.bizjournals.com/chicago/news/2026/03/17/franshares-chicago-startup-shuts-down.html"", ""specificity"": ""concrete""}, ""financial_distress"": {""summary"": ""Accessible report quotes founder on insufficient funding and closing the marketplace; full report restricted."", ""attribution"": ""company_stated"", ""scope"": ""event"", ""source_url"": ""https://www.bizjournals.com/chicago/news/2026/03/17/franshares-chicago-startup-shuts-down.html"", ""specificity"": ""concrete""}}",[],[],"{""date"": ""2026-09-16"", ""status"": ""partial"", ""note"": ""Accessible report quotes founder on insufficient funding and closing the marketplace; full report restricted."", ""sources"": [""https://www.bizjournals.com/chicago/news/2026/03/17/franshares-chicago-startup-shuts-down.html""], ""issues"": []}",specified,Accessible report quotes founder on insufficient funding and closing the marketplace; full report restricted.,2,"{""status"": ""not_identified"", ""functions"": [], ""details"": [], ""units"": [], ""levels"": [], ""review"": {""date"": ""2026-09-17"", ""method"": ""manual_review_of_retrieved_sources_and_existing_evidence"", ""note"": ""No explicit affected occupation identified in the material reviewed. This does not mean none were affected or that no other source can identify them."", ""sources"": [""https://www.bizjournals.com/chicago/news/2026/03/17/franshares-chicago-startup-shuts-down.html""]}}",,,,,,
layoff-2026-073,Crypto.com,2026-03-19,,0.12,Crypto,Unknown,Singapore,"[""Singapore"", ""Non-U.S.""]",,https://www.cnbc.com/2026/03/19/crypto-com-layoffs-12percent-ai-job-loss.html,https://www.theblock.co/news/markets/2026-03-19-crypto-com-cuts-around-12-of-staff-as-ceo-pushes-ai-integration-394318,announcement,announced_reduction,"[""ai_work_redesign""]","{""ai_work_redesign"": {""summary"": ""The CEO says enterprise-wide AI integration changes role requirements and that the reduction targets roles that do not adapt."", ""attribution"": ""company_stated"", ""scope"": ""event"", ""source_url"": ""https://www.theblock.co/news/markets/2026-03-19-crypto-com-cuts-around-12-of-staff-as-ceo-pushes-ai-integration-394318"", ""specificity"": ""concrete""}}",[],[],"{""date"": ""2026-09-16"", ""status"": ""source_reviewed"", ""note"": ""CEO targets roles that cannot adapt to an AI operating model; role redesign is distinct from demonstrated replacement."", ""sources"": [""https://www.cnbc.com/2026/03/19/crypto-com-layoffs-12percent-ai-job-loss.html"", ""https://www.theblock.co/news/markets/2026-03-19-crypto-com-cuts-around-12-of-staff-as-ceo-pushes-ai-integration-394318""], ""issues"": []}",specified,CEO targets roles that cannot adapt to an AI operating model; role redesign is distinct from demonstrated replacement.,2,"{""status"": ""not_identified"", ""functions"": [], ""details"": [], ""units"": [], ""levels"": [], ""review"": {""date"": ""2026-09-17"", ""method"": ""manual_review_of_retrieved_sources_and_existing_evidence"", ""note"": ""No explicit affected occupation identified in the material reviewed. This does not mean none were affected or that no other source can identify them."", ""sources"": [""https://www.cnbc.com/2026/03/19/crypto-com-layoffs-12percent-ai-job-loss.html"", ""https://www.theblock.co/news/markets/2026-03-19-crypto-com-cuts-around-12-of-staff-as-ceo-pushes-ai-integration-394318""]}}",,,,,,
layoff-2026-074,Snowflake,2026-03-19,,,Data,Post-IPO,United States,"[""SF Bay Area""]",2900,https://www.businessinsider.com/snowflake-layoffs-strategy-ai-growth-2026-3,,announcement,announced_reduction,"[""strategic_priorities""]","{""strategic_priorities"": {""summary"": ""Company attributes targeted cuts to alignment with its long-term strategy."", ""attribution"": ""company_stated"", ""scope"": ""event"", ""source_url"": ""https://www.businessinsider.com/snowflake-layoffs-strategy-ai-growth-2026-3"", ""specificity"": ""generic"", ""evidence_access"": ""full""}}","[{""kind"": ""ai_product_strategy"", ""summary"": ""Earlier CEO comments describe developing AI products; current replacement attribution is absent."", ""source_url"": ""https://www.businessinsider.com/snowflake-layoffs-strategy-ai-growth-2026-3""}]",[],"{""date"": ""2026-09-16"", ""status"": ""source_reviewed"", ""note"": ""Company gives a general explanation. Technical-writing cuts plus earlier AI strategy do not establish AI replacement. Explanation review: attributed reasons are recorded below with explicit specificity."", ""sources"": [""https://www.businessinsider.com/snowflake-layoffs-strategy-ai-growth-2026-3""], ""issues"": []}",generic,Generic attributed reason: Company attributes targeted cuts to alignment with its long-term strategy.,2,"{""status"": ""identified"", ""functions"": [""content""], ""details"": [{""functions"": [""content""], ""summary"": ""Existing event review identifies technical-writing cuts without establishing AI replacement."", ""attribution"": ""press_reported"", ""source_url"": ""https://www.businessinsider.com/snowflake-layoffs-strategy-ai-growth-2026-3"", ""evidence_access"": ""prior_review""}], ""units"": [], ""levels"": [], ""review"": {""date"": ""2026-09-17"", ""method"": ""manual_review_of_retrieved_sources_and_existing_evidence"", ""note"": ""Functions explicitly identified for this event; the list is not necessarily exhaustive."", ""sources"": [""https://www.businessinsider.com/snowflake-layoffs-strategy-ai-growth-2026-3""]}}",,"{""date"": ""2026-09-17"", ""outcome"": ""generic"", ""note"": ""Event-specific attributed explanation retained at its stated level of detail. Generic language does not establish a concrete operating mechanism or verified causal effect.""}","{""review_date"": ""2026-09-17"", ""outcome"": ""investigation_limited"", ""note_es"": ""La fuente original de Business Insider no se recuperó íntegramente. Hay resúmenes y afirmaciones secundarias sobre automatización de documentación, pero no se verificó una fuente original que las vincule al recorte. Se mantiene la explicación general."", ""open_question_es"": ""¿Quién asume la documentación y existe evidencia original que vincule esos puestos con automatización?"", ""sources"": [""https://www.businessinsider.com/snowflake-layoffs-strategy-ai-growth-2026-3"", ""https://cncbnews.com/article/2026/03/snowflake-makes-cuts-as-part-of-targeted-adjustments-to-the-companys-strategy"", ""https://www.kore1.com/snowflake-layoffs-2026/""], ""search_scope"": ""Individual reread of event sources and search by company, announcement date and stated rationale; targeted primary-document checks where a relevant lead was found.""}",,,
layoff-2026-075,Gemini,2026-03-20,,0.3,Crypto,Unknown,United States,"[""New York City""]",423,https://www.bloomberg.com/news/articles/2026-03-19/winklevosses-says-jobs-cuts-at-gemini-exchange-reach-30?embedded-checkout=true,https://last10k.com/sec-filings/gemi/0002055592-26-000023.htm,announcement,year_to_date,"[""market_exit"", ""cost_cutting"", ""ai_productivity""]","{""market_exit"": {""summary"": ""Company exits international markets to focus resources on the US business."", ""attribution"": ""company_stated"", ""scope"": ""year_to_date"", ""source_url"": ""https://last10k.com/sec-filings/gemi/0002055592-26-000023.htm"", ""specificity"": ""concrete""}, ""cost_cutting"": {""summary"": ""Company targets a lower operating cost base."", ""attribution"": ""company_stated"", ""scope"": ""year_to_date"", ""source_url"": ""https://last10k.com/sec-filings/gemi/0002055592-26-000023.htm"", ""specificity"": ""concrete""}, ""ai_productivity"": {""summary"": ""Shareholder letter links its smaller workforce to AI-enabled output across engineering and other work."", ""attribution"": ""company_stated"", ""scope"": ""year_to_date"", ""source_url"": ""https://last10k.com/sec-filings/gemi/0002055592-26-000023.htm"", ""specificity"": ""concrete""}}",[],[],"{""date"": ""2026-09-16"", ""status"": ""source_reviewed"", ""note"": ""Shareholder letter links a smaller workforce with AI productivity and narrowed markets; reduction is year-to-date."", ""sources"": [""https://www.bloomberg.com/news/articles/2026-03-19/winklevosses-says-jobs-cuts-at-gemini-exchange-reach-30?embedded-checkout=true"", ""https://last10k.com/sec-filings/gemi/0002055592-26-000023.htm""], ""issues"": [""year_to_date_count""]}",specified,Shareholder letter links a smaller workforce with AI productivity and narrowed markets; reduction is year-to-date.,2,"{""status"": ""not_identified"", ""functions"": [], ""details"": [], ""units"": [], ""levels"": [], ""review"": {""date"": ""2026-09-17"", ""method"": ""manual_review_of_retrieved_sources_and_existing_evidence"", ""note"": ""No explicit affected occupation identified in the material reviewed. This does not mean none were affected or that no other source can identify them."", ""sources"": [""https://www.bloomberg.com/news/articles/2026-03-19/winklevosses-says-jobs-cuts-at-gemini-exchange-reach-30?embedded-checkout=true"", ""https://last10k.com/sec-filings/gemi/0002055592-26-000023.htm""]}}",,,,,,
layoff-2026-076,Spotify,2026-03-23,15,,Media,Post-IPO,Sweden,"[""Stockholm"", ""Non-U.S.""]",2100,https://variety.com/2026/digital/news/spotify-podcast-layoffs-the-ringer-spotify-studios-1236697019/,https://finance.yahoo.com/markets/stocks/articles/spotify-layoffs-podcast-group-cut-200111630.html,announcement,announced_reduction,"[""organizational_consolidation""]","{""organizational_consolidation"": {""summary"": ""Bloomberg reports the podcast reorganization removes management layers."", ""attribution"": ""press_reported"", ""scope"": ""event"", ""source_url"": ""https://news.bloomberglaw.com/human-resources-news/spotify-lays-off-15-people-about-3-of-podcasting-staff"", ""specificity"": ""concrete""}}",[],[],"{""date"": ""2026-09-17"", ""status"": ""source_reviewed"", ""note"": ""Full syndicated Variety report identifies the affected podcast group and editorial staff. Bloomberg separately reports fewer management layers; the mechanism is attributed to reporting, not a company admission."", ""sources"": [""https://variety.com/2026/digital/news/spotify-podcast-layoffs-the-ringer-spotify-studios-1236697019/"", ""https://finance.yahoo.com/markets/stocks/articles/spotify-layoffs-podcast-group-cut-200111630.html"", ""https://news.bloomberglaw.com/human-resources-news/spotify-lays-off-15-people-about-3-of-podcasting-staff""], ""issues"": []}",specified,"Full syndicated Variety report identifies the affected podcast group and editorial staff. Bloomberg separately reports fewer management layers; the mechanism is attributed to reporting, not a company admission.",2,"{""status"": ""identified"", ""functions"": [""content""], ""details"": [{""functions"": [""content""], ""summary"": ""Variety identifies a staff writer and special-projects/editorial work among those eliminated."", ""attribution"": ""press_reported"", ""source_url"": ""https://finance.yahoo.com/markets/stocks/articles/spotify-layoffs-podcast-group-cut-200111630.html"", ""evidence_access"": ""full""}], ""units"": [{""name"": ""The Ringer / Spotify Studios"", ""summary"": ""Most cuts fall in these podcast units."", ""source_url"": ""https://finance.yahoo.com/markets/stocks/articles/spotify-layoffs-podcast-group-cut-200111630.html""}], ""levels"": [], ""review"": {""date"": ""2026-09-17"", ""method"": ""manual_review_of_retrieved_sources_and_existing_evidence"", ""note"": ""Functions explicitly identified for this event; the list is not necessarily exhaustive."", ""sources"": [""https://variety.com/2026/digital/news/spotify-podcast-layoffs-the-ringer-spotify-studios-1236697019/"", ""https://finance.yahoo.com/markets/stocks/articles/spotify-layoffs-podcast-group-cut-200111630.html"", ""https://news.bloomberglaw.com/human-resources-news/spotify-lays-off-15-people-about-3-of-podcasting-staff""]}}",,,,,,
layoff-2026-077,Epic Games,2026-03-24,1000,,Consumer,Unknown,United States,"[""Raleigh""]",6400,https://www.epicgames.com/site/en-US/news/todays-layoffs,,announcement,announced_reduction,"[""demand_decline"", ""cost_cutting""]","{""cost_cutting"": {""summary"": ""Company says spending exceeded revenue."", ""attribution"": ""company_stated"", ""scope"": ""event"", ""source_url"": ""https://www.epicgames.com/site/en-US/news/todays-layoffs"", ""specificity"": ""concrete""}, ""demand_decline"": {""summary"": ""Company cites declining Fortnite engagement."", ""attribution"": ""company_stated"", ""scope"": ""event"", ""source_url"": ""https://www.epicgames.com/site/en-US/news/todays-layoffs"", ""specificity"": ""concrete""}}",[],"[{""target"": ""all_ai"", ""speaker"": ""company"", ""summary"": ""Company explicitly says the layoffs are unrelated to AI."", ""source_url"": ""https://www.epicgames.com/site/en-US/news/todays-layoffs""}]","{""date"": ""2026-09-16"", ""status"": ""source_reviewed"", ""note"": ""Company links lower Fortnite engagement to spending exceeding revenue, and explicitly denies an AI cause."", ""sources"": [""https://www.epicgames.com/site/en-US/news/todays-layoffs""], ""issues"": []}",specified,"Company links lower Fortnite engagement to spending exceeding revenue, and explicitly denies an AI cause.",2,"{""status"": ""not_identified"", ""functions"": [], ""details"": [], ""units"": [], ""levels"": [], ""review"": {""date"": ""2026-09-17"", ""method"": ""manual_review_of_retrieved_sources_and_existing_evidence"", ""note"": ""No explicit affected occupation identified in the material reviewed. This does not mean none were affected or that no other source can identify them."", ""sources"": [""https://www.epicgames.com/site/en-US/news/todays-layoffs""]}}",,,,,,
layoff-2026-078,OpenText,2026-03-24,,,Data,Post-IPO,Canada,"[""Waterloo"", ""Non-U.S.""]",1100,https://betakit.com/opentext-employees-report-job-cuts-tied-to-apparent-restructuring/,,announcement,announced_reduction,"[""strategic_priorities""]","{""strategic_priorities"": {""summary"": ""Company explains the cuts through organizational alignment with strategic priorities and long-term growth."", ""attribution"": ""company_stated"", ""scope"": ""event"", ""source_url"": ""https://betakit.com/opentext-employees-report-job-cuts-tied-to-apparent-restructuring/"", ""specificity"": ""generic"", ""evidence_access"": ""full""}}","[{""kind"": ""earlier_period"", ""summary"": ""AI expectations date from earlier rounds; current statement is general."", ""source_url"": ""https://betakit.com/opentext-employees-report-job-cuts-tied-to-apparent-restructuring/""}]",[],"{""date"": ""2026-09-16"", ""status"": ""source_reviewed"", ""note"": ""Current explanation is general. AI expectations and earlier cost programs are background from other periods. Explanation review: attributed reasons are recorded below with explicit specificity."", ""sources"": [""https://betakit.com/opentext-employees-report-job-cuts-tied-to-apparent-restructuring/""], ""issues"": []}",generic,Generic attributed reason: Company explains the cuts through organizational alignment with strategic priorities and long-term growth.,2,"{""status"": ""identified"", ""functions"": [""support""], ""details"": [{""functions"": [""support""], ""summary"": ""Employee account says all support engineers for one product were terminated."", ""attribution"": ""worker_reported"", ""source_url"": ""https://betakit.com/opentext-employees-report-job-cuts-tied-to-apparent-restructuring/"", ""evidence_access"": ""full""}], ""units"": [], ""levels"": [], ""review"": {""date"": ""2026-09-17"", ""method"": ""manual_review_of_retrieved_sources_and_existing_evidence"", ""note"": ""Functions explicitly identified for this event; the list is not necessarily exhaustive."", ""sources"": [""https://betakit.com/opentext-employees-report-job-cuts-tied-to-apparent-restructuring/""]}}",,"{""date"": ""2026-09-17"", ""outcome"": ""generic"", ""note"": ""Event-specific attributed explanation retained at its stated level of detail. Generic language does not establish a concrete operating mechanism or verified causal effect.""}","{""review_date"": ""2026-09-17"", ""outcome"": ""published_reason_remains_general"", ""note_es"": ""El testimonio sobre un equipo de soporte aporta funciones afectadas, pero no dice que el producto se cierre. El plan plurianual de optimización no se asigna automáticamente a cada puesto de marzo."", ""open_question_es"": ""¿Qué proceso, actividad o criterio conecta la explicación publicada con estos puestos concretos?"", ""sources"": [""https://betakit.com/opentext-employees-report-job-cuts-tied-to-apparent-restructuring/""], ""search_scope"": ""Individual reread of event sources and search by company, announcement date and stated rationale; targeted primary-document checks where a relevant lead was found.""}",,,
layoff-2026-079,Zendesk,2026-03-24,100,,Support,Acquired,United States,"[""SF Bay Area""]",85,Internal memo,https://startit.rs/usred-pojacanog-fokusa-na-ai-zendesk-krajem-nedelje-gasi-svoju-kancelariju-u-srbiji-gde-imaju-60-zaposlenih/,announcement,announced_reduction,"[""unit_closure""]","{""unit_closure"": {""summary"": ""Alternate report confirms Serbian office closure. Company discusses AI-enabled services but does not identify employee replacement."", ""attribution"": ""press_reported"", ""scope"": ""event"", ""source_url"": ""https://startit.rs/usred-pojacanog-fokusa-na-ai-zendesk-krajem-nedelje-gasi-svoju-kancelariju-u-srbiji-gde-imaju-60-zaposlenih/"", ""specificity"": ""concrete""}}","[{""kind"": ""ai_product_strategy"", ""summary"": ""Company discusses prioritizing AI-enabled services without explaining employee substitution."", ""source_url"": ""https://startit.rs/usred-pojacanog-fokusa-na-ai-zendesk-krajem-nedelje-gasi-svoju-kancelariju-u-srbiji-gde-imaju-60-zaposlenih/""}]",[],"{""date"": ""2026-09-16"", ""status"": ""source_reviewed"", ""note"": ""Alternate report confirms Serbian office closure. Company discusses AI-enabled services but does not identify employee replacement."", ""sources"": [""https://startit.rs/usred-pojacanog-fokusa-na-ai-zendesk-krajem-nedelje-gasi-svoju-kancelariju-u-srbiji-gde-imaju-60-zaposlenih/""], ""issues"": [""wrong_source_replaced""]}",specified,Alternate report confirms Serbian office closure. Company discusses AI-enabled services but does not identify employee replacement.,2,"{""status"": ""not_identified"", ""functions"": [], ""details"": [], ""units"": [], ""levels"": [], ""review"": {""date"": ""2026-09-17"", ""method"": ""manual_review_of_retrieved_sources_and_existing_evidence"", ""note"": ""No explicit affected occupation identified in the material reviewed. This does not mean none were affected or that no other source can identify them."", ""sources"": [""https://startit.rs/usred-pojacanog-fokusa-na-ai-zendesk-krajem-nedelje-gasi-svoju-kancelariju-u-srbiji-gde-imaju-60-zaposlenih/""]}}",,,,,,
layoff-2026-080,Meta,2026-03-25,700,0.01,Consumer,Post-IPO,United States,"[""SF Bay Area""]",26000,https://www.nytimes.com/2026/03/25/technology/meta-layoffs-ai-executives.html?unlocked_article_code=1.V1A.GoAa.Bb73ytbBTorE,https://dataconomy.com/2026/03/26/meta-layoffs-hundreds-2026/,announcement,announced_reduction,"[""organizational_realignment""]","{""organizational_realignment"": {""summary"": ""Company says team restructurings are intended to help achieve their goals."", ""attribution"": ""company_stated"", ""scope"": ""event"", ""source_url"": ""https://techcrunch.com/2026/03/25/meta-is-cutting-several-hundred-jobs/"", ""specificity"": ""generic"", ""evidence_access"": ""full""}}","[{""kind"": ""broader_ai_investment"", ""summary"": ""AI expenditure is background, not an event-specific allocation."", ""source_url"": ""https://dataconomy.com/2026/03/26/meta-layoffs-hundreds-2026/""}]",[],"{""date"": ""2026-09-16"", ""status"": ""source_reviewed"", ""note"": ""Broad organizational language does not establish a mechanism; AI spending is contextual. Explanation review: attributed reasons are recorded below with explicit specificity."", ""sources"": [""https://www.nytimes.com/2026/03/25/technology/meta-layoffs-ai-executives.html?unlocked_article_code=1.V1A.GoAa.Bb73ytbBTorE"", ""https://dataconomy.com/2026/03/26/meta-layoffs-hundreds-2026/"", ""https://techcrunch.com/2026/03/25/meta-is-cutting-several-hundred-jobs/""], ""issues"": []}",generic,Generic attributed reason: Company says team restructurings are intended to help achieve their goals.,2,"{""status"": ""not_identified"", ""functions"": [], ""details"": [], ""units"": [], ""levels"": [], ""review"": {""date"": ""2026-09-17"", ""method"": ""manual_review_of_retrieved_sources_and_existing_evidence"", ""note"": ""No explicit affected occupation identified in the material reviewed. This does not mean none were affected or that no other source can identify them."", ""sources"": [""https://www.nytimes.com/2026/03/25/technology/meta-layoffs-ai-executives.html?unlocked_article_code=1.V1A.GoAa.Bb73ytbBTorE"", ""https://dataconomy.com/2026/03/26/meta-layoffs-hundreds-2026/""]}}",,"{""date"": ""2026-09-17"", ""outcome"": ""generic"", ""note"": ""Event-specific attributed explanation retained at its stated level of detail. Generic language does not establish a concrete operating mechanism or verified causal effect.""}","{""review_date"": ""2026-09-17"", ""outcome"": ""published_reason_remains_general"", ""note_es"": ""La declaración empresarial habla de reorganizar equipos para alcanzar sus objetivos. El gasto en IA y el recorte posterior de mayo no especifican el mecanismo de esta ronda."", ""open_question_es"": ""¿Qué proceso, actividad o criterio conecta la explicación publicada con estos puestos concretos?"", ""sources"": [""https://www.nytimes.com/2026/03/25/technology/meta-layoffs-ai-executives.html?unlocked_article_code=1.V1A.GoAa.Bb73ytbBTorE"", ""https://dataconomy.com/2026/03/26/meta-layoffs-hundreds-2026/"", ""https://techcrunch.com/2026/03/25/meta-is-cutting-several-hundred-jobs/""], ""search_scope"": ""Individual reread of event sources and search by company, announcement date and stated rationale; targeted primary-document checks where a relevant lead was found.""}",,,
layoff-2026-081,Monte Carlo,2026-03-26,,0.3,Data,Series D,United States,"[""SF Bay Area""]",236,https://www.linkedin.com/feed/update/urn:li:activity:7442678720647184385/,,announcement,announced_reduction,"[""organizational_consolidation"", ""ai_productivity""]","{""organizational_consolidation"": {""summary"": ""The recorded explanation links the cuts to a flatter organization; AI productivity remains a separate narrative."", ""attribution"": ""press_reported"", ""scope"": ""event"", ""source_url"": ""https://www.linkedin.com/feed/update/urn:li:activity:7442678720647184385/"", ""specificity"": ""concrete""}, ""ai_productivity"": {""summary"": ""The CEO links smaller teams to AI-enabled work in product prototyping, support and engineering, as part of the restructuring."", ""attribution"": ""company_stated"", ""scope"": ""event"", ""source_url"": ""https://www.linkedin.com/feed/update/urn:li:activity:7442678720647184385/"", ""specificity"": ""concrete""}}",[],[],"{""date"": ""2026-09-16"", ""status"": ""source_reviewed"", ""note"": ""CEO describes fewer layers and AI-assisted work enabling a smaller organization."", ""sources"": [""https://www.linkedin.com/feed/update/urn:li:activity:7442678720647184385/""], ""issues"": []}",specified,CEO describes fewer layers and AI-assisted work enabling a smaller organization.,2,"{""status"": ""not_identified"", ""functions"": [], ""details"": [], ""units"": [], ""levels"": [], ""review"": {""date"": ""2026-09-17"", ""method"": ""manual_review_of_retrieved_sources_and_existing_evidence"", ""note"": ""Examples of staff using AI are not a list of laid-off occupations."", ""sources"": [""https://www.linkedin.com/feed/update/urn:li:activity:7442678720647184385/""]}}",,,,,,
layoff-2026-082,Quandoo,2026-03-26,,1,Food,Acquired,Germany,"[""Berlin"", ""Non-U.S.""]",39,https://finance.yahoo.com/markets/stocks/articles/quandoo-shut-restaurant-booking-platform-112913577.html,https://mothership.sg/2026/03/quandoo-platform-cease-operations-closure/,announcement,announced_reduction,"[""shutdown""]","{""shutdown"": {""summary"": ""Company announces a wind-down expected to finish later in 2026; not a completed closure on the record date."", ""attribution"": ""company_stated"", ""scope"": ""event"", ""source_url"": ""https://mothership.sg/2026/03/quandoo-platform-cease-operations-closure/"", ""specificity"": ""concrete""}}",[],[],"{""date"": ""2026-09-16"", ""status"": ""source_reviewed"", ""note"": ""Company announces a wind-down expected to finish later in 2026; not a completed closure on the record date."", ""sources"": [""https://finance.yahoo.com/markets/stocks/articles/quandoo-shut-restaurant-booking-platform-112913577.html"", ""https://mothership.sg/2026/03/quandoo-platform-cease-operations-closure/""], ""issues"": [""planned_wind_down""]}",specified,Company announces a wind-down expected to finish later in 2026; not a completed closure on the record date.,2,"{""status"": ""not_identified"", ""functions"": [], ""details"": [], ""units"": [], ""levels"": [], ""review"": {""date"": ""2026-09-17"", ""method"": ""manual_review_of_retrieved_sources_and_existing_evidence"", ""note"": ""No explicit affected occupation identified in the material reviewed. This does not mean none were affected or that no other source can identify them."", ""sources"": [""https://finance.yahoo.com/markets/stocks/articles/quandoo-shut-restaurant-booking-platform-112913577.html"", ""https://mothership.sg/2026/03/quandoo-platform-cease-operations-closure/""]}}",,,,,,
layoff-2026-083,Enpal,2026-03-27,100,,Energy,Series E,Germany,"[""Berlin"", ""Non-U.S.""]",3500,https://www.businessinsider.de/gruenderszene/business/enpal-alle-zugaenge-kurz-nach-bekanntgabe-gesperrt-fast-100-mitarbeiter-entlassen/,https://www.chip.de/news/business/komplette-abteilung-gestrichen-solarunternehmen-entlaesst-unangekuendigt-100-mitarbeiter_a2e7d7bd-5ed7-4a18-a2f4-da49cec2a7c8.html,announcement,announced_reduction,"[""unit_closure""]","{""unit_closure"": {""summary"": ""Reporting identifies closure of the affected customer-services unit; no verified AI mechanism."", ""attribution"": ""press_reported"", ""scope"": ""event"", ""source_url"": ""https://www.chip.de/news/business/komplette-abteilung-gestrichen-solarunternehmen-entlaesst-unangekuendigt-100-mitarbeiter_a2e7d7bd-5ed7-4a18-a2f4-da49cec2a7c8.html"", ""specificity"": ""concrete""}}",[],[],"{""date"": ""2026-09-16"", ""status"": ""source_reviewed"", ""note"": ""Reporting identifies closure of the affected customer-services unit; no verified AI mechanism."", ""sources"": [""https://www.businessinsider.de/gruenderszene/business/enpal-alle-zugaenge-kurz-nach-bekanntgabe-gesperrt-fast-100-mitarbeiter-entlassen/"", ""https://www.chip.de/news/business/komplette-abteilung-gestrichen-solarunternehmen-entlaesst-unangekuendigt-100-mitarbeiter_a2e7d7bd-5ed7-4a18-a2f4-da49cec2a7c8.html""], ""issues"": []}",specified,Reporting identifies closure of the affected customer-services unit; no verified AI mechanism.,2,"{""status"": ""not_identified"", ""functions"": [], ""details"": [], ""units"": [], ""levels"": [], ""review"": {""date"": ""2026-09-17"", ""method"": ""manual_review_of_retrieved_sources_and_existing_evidence"", ""note"": ""No explicit affected occupation identified in the material reviewed. This does not mean none were affected or that no other source can identify them."", ""sources"": [""https://www.businessinsider.de/gruenderszene/business/enpal-alle-zugaenge-kurz-nach-bekanntgabe-gesperrt-fast-100-mitarbeiter-entlassen/"", ""https://www.chip.de/news/business/komplette-abteilung-gestrichen-solarunternehmen-entlaesst-unangekuendigt-100-mitarbeiter_a2e7d7bd-5ed7-4a18-a2f4-da49cec2a7c8.html""]}}",,,,,,
layoff-2026-084,Covrzy,2026-03-31,,1,Finance,Seed,India,"[""Bengaluru"", ""Non-U.S.""]",,https://inc42.com/buzz/antler-backed-covrzy-shuts-down-due-to-cash-crunch/,,announcement,announced_reduction,"[""shutdown"", ""financial_distress""]","{""shutdown"": {""summary"": ""Founder describes failed funding/acquisition options preceding closure."", ""attribution"": ""company_stated"", ""scope"": ""event"", ""source_url"": ""https://inc42.com/buzz/antler-backed-covrzy-shuts-down-due-to-cash-crunch/"", ""specificity"": ""concrete""}, ""financial_distress"": {""summary"": ""Founder describes failed funding/acquisition options preceding closure."", ""attribution"": ""company_stated"", ""scope"": ""event"", ""source_url"": ""https://inc42.com/buzz/antler-backed-covrzy-shuts-down-due-to-cash-crunch/"", ""specificity"": ""concrete""}}",[],[],"{""date"": ""2026-09-16"", ""status"": ""source_reviewed"", ""note"": ""Founder describes failed funding/acquisition options preceding closure."", ""sources"": [""https://inc42.com/buzz/antler-backed-covrzy-shuts-down-due-to-cash-crunch/""], ""issues"": []}",specified,Founder describes failed funding/acquisition options preceding closure.,2,"{""status"": ""not_identified"", ""functions"": [], ""details"": [], ""units"": [], ""levels"": [], ""review"": {""date"": ""2026-09-17"", ""method"": ""manual_review_of_retrieved_sources_and_existing_evidence"", ""note"": ""No explicit affected occupation identified in the material reviewed. This does not mean none were affected or that no other source can identify them."", ""sources"": [""https://inc42.com/buzz/antler-backed-covrzy-shuts-down-due-to-cash-crunch/""]}}",,,,,,
layoff-2026-085,Monzo,2026-03-31,50,,Finance,Series F,United Kingdom,"[""London"", ""Non-U.S.""]",324,https://www.bloomberg.com/news/articles/2026-03-31/fintech-monzo-shutting-down-us-operations-to-focus-on-uk-europe,https://www.investing.com/news/economy-news/monzo-to-close-us-business-to-focus-on-uk-and-europe-4591185,announcement,announced_reduction,"[""market_exit""]","{""market_exit"": {""summary"": ""Company announces withdrawal from the US market."", ""attribution"": ""company_stated"", ""scope"": ""event"", ""source_url"": ""https://www.investing.com/news/economy-news/monzo-to-close-us-business-to-focus-on-uk-and-europe-4591185"", ""specificity"": ""concrete""}}",[],[],"{""date"": ""2026-09-16"", ""status"": ""source_reviewed"", ""note"": ""Company announces withdrawal from the US market."", ""sources"": [""https://www.bloomberg.com/news/articles/2026-03-31/fintech-monzo-shutting-down-us-operations-to-focus-on-uk-europe"", ""https://www.investing.com/news/economy-news/monzo-to-close-us-business-to-focus-on-uk-and-europe-4591185""], ""issues"": []}",specified,Company announces withdrawal from the US market.,2,"{""status"": ""not_identified"", ""functions"": [], ""details"": [], ""units"": [], ""levels"": [], ""review"": {""date"": ""2026-09-17"", ""method"": ""manual_review_of_retrieved_sources_and_existing_evidence"", ""note"": ""No explicit affected occupation identified in the material reviewed. This does not mean none were affected or that no other source can identify them."", ""sources"": [""https://www.bloomberg.com/news/articles/2026-03-31/fintech-monzo-shutting-down-us-operations-to-focus-on-uk-europe"", ""https://www.investing.com/news/economy-news/monzo-to-close-us-business-to-focus-on-uk-and-europe-4591185""]}}",,,,,,
layoff-2026-086,Oracle,2026-03-31,,,Other,Post-IPO,United States,"[""SF Bay Area""]",,https://www.cnbc.com/2026/03/31/oracle-layoffs-ai-spending.html,https://d1f19qmytqk9eo.cloudfront.net/edgar0105/2026/06/22/1341439/000119312526277521/document/orcl-20260531.htm,announcement,event_size_unverified,"[""organizational_realignment""]","{""organizational_realignment"": {""summary"": ""The March termination email attributes role elimination to a broader organizational change following a review of business needs. It does not specify an AI mechanism."", ""source_url"": ""https://www.moneycontrol.com/news/trends/full-text-of-the-email-oracle-sent-to-30-000-laid-off-employees-at-6-am-13876386.html"", ""specificity"": ""generic"", ""attribution"": ""company_stated"", ""scope"": ""event"", ""evidence_access"": ""full""}}","[{""kind"": ""broader_plan"", ""summary"": ""FY2026 10-K Risk Factors acknowledges past AI-related reductions; Note 7 includes AI efficiencies in a broader plan. Neither allocates the March cuts or an AI headcount."", ""source_url"": ""https://d1f19qmytqk9eo.cloudfront.net/edgar0105/2026/06/22/1341439/000119312526277521/document/orcl-20260531.htm""}]",[],"{""date"": ""2026-09-16"", ""status"": ""source_reviewed"", ""note"": ""The March termination email attributes role elimination to a broader organizational change following a review of business needs. It does not specify an AI mechanism. Existing overlap, count and plan-scope caveats remain applicable."", ""sources"": [""https://www.cnbc.com/2026/03/31/oracle-layoffs-ai-spending.html"", ""https://d1f19qmytqk9eo.cloudfront.net/edgar0105/2026/06/22/1341439/000119312526277521/document/orcl-20260531.htm"", ""https://www.moneycontrol.com/news/trends/full-text-of-the-email-oracle-sent-to-30-000-laid-off-employees-at-6-am-13876386.html""], ""issues"": [""net_not_gross"", ""plan_not_event_attribution""]}",generic,The March termination email attributes role elimination to a broader organizational change following a review of business needs. It does not specify an AI mechanism.,2,"{""status"": ""not_identified"", ""functions"": [], ""details"": [], ""units"": [], ""levels"": [], ""review"": {""date"": ""2026-09-17"", ""method"": ""manual_review_of_retrieved_sources_and_existing_evidence"", ""note"": ""No explicit affected occupation identified in the material reviewed. This does not mean none were affected or that no other source can identify them."", ""sources"": [""https://www.cnbc.com/2026/03/31/oracle-layoffs-ai-spending.html"", ""https://d1f19qmytqk9eo.cloudfront.net/edgar0105/2026/06/22/1341439/000119312526277521/document/orcl-20260531.htm""]}}","{""value"": 21000, ""metric"": ""net_workforce_reduction"", ""period"": ""FY ended May 2026"", ""source_url"": ""https://d1f19qmytqk9eo.cloudfront.net/edgar0105/2026/06/22/1341439/000119312526277521/document/orcl-20260531.htm""}","{""date"": ""2026-09-17"", ""outcome"": ""generic"", ""method"": ""individual_source_reread_and_alternative_source_search"", ""note"": ""The March termination email attributes role elimination to a broader organizational change following a review of business needs. It does not specify an AI mechanism.""}","{""review_date"": ""2026-09-17"", ""outcome"": ""published_reason_remains_general"", ""note_es"": ""El correo de marzo habla de reorganización. El informe anual vincula IA con un plan más amplio, sin asignar el recorte de marzo. No se convierte ese contexto en mecanismo del evento."", ""open_question_es"": ""¿Qué proceso, actividad o criterio conecta la explicación publicada con estos puestos concretos?"", ""sources"": [""https://www.cnbc.com/2026/03/31/oracle-layoffs-ai-spending.html"", ""https://d1f19qmytqk9eo.cloudfront.net/edgar0105/2026/06/22/1341439/000119312526277521/document/orcl-20260531.htm"", ""https://www.moneycontrol.com/news/trends/full-text-of-the-email-oracle-sent-to-30-000-laid-off-employees-at-6-am-13876386.html""], ""search_scope"": ""Individual reread of event sources and search by company, announcement date and stated rationale; targeted primary-document checks where a relevant lead was found.""}",,,
layoff-2026-087,Rec Room,2026-03-31,,1,Consumer,Series F,United States,"[""Seattle""]",294,https://techcrunch.com/2026/03/31/social-gaming-platform-rec-room-once-valued-at-3-5b-is-shutting-down/,,announcement,announced_reduction,"[""shutdown"", ""financial_distress""]","{""shutdown"": {""summary"": ""Company closes the business."", ""attribution"": ""company_stated"", ""scope"": ""event"", ""source_url"": ""https://techcrunch.com/2026/03/31/social-gaming-platform-rec-room-once-valued-at-3-5b-is-shutting-down/"", ""specificity"": ""concrete""}, ""financial_distress"": {""summary"": ""Company describes persistent inability to operate profitably."", ""attribution"": ""company_stated"", ""scope"": ""event"", ""source_url"": ""https://techcrunch.com/2026/03/31/social-gaming-platform-rec-room-once-valued-at-3-5b-is-shutting-down/"", ""specificity"": ""concrete""}}",[],[],"{""date"": ""2026-09-16"", ""status"": ""source_reviewed"", ""note"": ""Company closes after sustained inability to operate profitably."", ""sources"": [""https://techcrunch.com/2026/03/31/social-gaming-platform-rec-room-once-valued-at-3-5b-is-shutting-down/""], ""issues"": []}",specified,Company closes after sustained inability to operate profitably.,2,"{""status"": ""not_identified"", ""functions"": [], ""details"": [], ""units"": [], ""levels"": [], ""review"": {""date"": ""2026-09-17"", ""method"": ""manual_review_of_retrieved_sources_and_existing_evidence"", ""note"": ""No explicit affected occupation identified in the material reviewed. This does not mean none were affected or that no other source can identify them."", ""sources"": [""https://techcrunch.com/2026/03/31/social-gaming-platform-rec-room-once-valued-at-3-5b-is-shutting-down/""]}}",,,,,,
layoff-2026-088,Yupp,2026-03-31,,1,AI,Seed,United States,"[""SF Bay Area""]",33,https://techcrunch.com/2026/03/31/yupp-ai-shuts-down-33m-a16z-crypto-chris-dixon/,,announcement,announced_reduction,"[""shutdown"", ""ai_market_disruption""]","{""shutdown"": {""summary"": ""Founders close the service."", ""attribution"": ""company_stated"", ""scope"": ""event"", ""source_url"": ""https://techcrunch.com/2026/03/31/yupp-ai-shuts-down-33m-a16z-crypto-chris-dixon/"", ""specificity"": ""concrete""}, ""ai_market_disruption"": {""summary"": ""Founders attribute declining product usefulness to rapid AI advances."", ""attribution"": ""company_stated"", ""scope"": ""event"", ""source_url"": ""https://techcrunch.com/2026/03/31/yupp-ai-shuts-down-33m-a16z-crypto-chris-dixon/"", ""specificity"": ""concrete""}}",[],[],"{""date"": ""2026-09-16"", ""status"": ""source_reviewed"", ""note"": ""Founders link closure to AI advances undermining the product's usefulness."", ""sources"": [""https://techcrunch.com/2026/03/31/yupp-ai-shuts-down-33m-a16z-crypto-chris-dixon/""], ""issues"": []}",specified,Founders link closure to AI advances undermining the product's usefulness.,2,"{""status"": ""not_identified"", ""functions"": [], ""details"": [], ""units"": [], ""levels"": [], ""review"": {""date"": ""2026-09-17"", ""method"": ""manual_review_of_retrieved_sources_and_existing_evidence"", ""note"": ""No explicit affected occupation identified in the material reviewed. This does not mean none were affected or that no other source can identify them."", ""sources"": [""https://techcrunch.com/2026/03/31/yupp-ai-shuts-down-33m-a16z-crypto-chris-dixon/""]}}",,,,,,
layoff-2026-089,Sonos,2026-04-01,,,Consumer,Post-IPO,United States,"[""Santa Barbara""]",455.2,https://www.bloomberg.com/news/articles/2026-04-01/sonos-makes-marketing-cuts-as-new-cmo-reshapes-division,https://startuptalky.com/news/sonos-cuts-marketing-jobs/,announcement,announced_reduction,"[""organizational_consolidation""]","{""organizational_consolidation"": {""summary"": ""Reporting describes eliminating fragmentation across marketing teams."", ""attribution"": ""press_reported"", ""scope"": ""event"", ""source_url"": ""https://startuptalky.com/news/sonos-cuts-marketing-jobs/"", ""specificity"": ""concrete""}}",[],[],"{""date"": ""2026-09-16"", ""status"": ""source_reviewed"", ""note"": ""Reporting describes eliminating fragmentation across marketing teams."", ""sources"": [""https://www.bloomberg.com/news/articles/2026-04-01/sonos-makes-marketing-cuts-as-new-cmo-reshapes-division"", ""https://startuptalky.com/news/sonos-cuts-marketing-jobs/""], ""issues"": []}",specified,Reporting describes eliminating fragmentation across marketing teams.,2,"{""status"": ""identified"", ""functions"": [""marketing""], ""details"": [{""functions"": [""marketing""], ""summary"": ""The April report identifies Sonos marketing cuts; separate from the June product/design round."", ""attribution"": ""press_reported"", ""source_url"": ""https://startuptalky.com/news/sonos-cuts-marketing-jobs/"", ""evidence_access"": ""full""}], ""units"": [], ""levels"": [], ""review"": {""date"": ""2026-09-17"", ""method"": ""manual_review_of_retrieved_sources_and_existing_evidence"", ""note"": ""Functions explicitly identified for this event; the list is not necessarily exhaustive."", ""sources"": [""https://www.bloomberg.com/news/articles/2026-04-01/sonos-makes-marketing-cuts-as-new-cmo-reshapes-division"", ""https://startuptalky.com/news/sonos-cuts-marketing-jobs/""]}}",,,,,,
layoff-2026-090,MARA,2026-04-02,,0.15,Crypto,Post-IPO,United States,"[""Miami""]",4100,https://blockspace.media/insight/bitcoin-miner-mara-conducts-company-wide-layoffs/,,announcement,announced_reduction,"[""strategic_pivot""]","{""strategic_pivot"": {""summary"": ""Company shifts from pure Bitcoin mining toward energy and digital infrastructure."", ""attribution"": ""company_stated"", ""scope"": ""event"", ""source_url"": ""https://blockspace.media/insight/bitcoin-miner-mara-conducts-company-wide-layoffs/"", ""specificity"": ""concrete""}}",[],[],"{""date"": ""2026-09-16"", ""status"": ""source_reviewed"", ""note"": ""Company shifts from pure Bitcoin mining toward energy and digital infrastructure."", ""sources"": [""https://blockspace.media/insight/bitcoin-miner-mara-conducts-company-wide-layoffs/""], ""issues"": []}",specified,Company shifts from pure Bitcoin mining toward energy and digital infrastructure.,2,"{""status"": ""not_identified"", ""functions"": [], ""details"": [], ""units"": [], ""levels"": [], ""review"": {""date"": ""2026-09-17"", ""method"": ""manual_review_of_retrieved_sources_and_existing_evidence"", ""note"": ""No explicit affected occupation identified in the material reviewed. This does not mean none were affected or that no other source can identify them."", ""sources"": [""https://blockspace.media/insight/bitcoin-miner-mara-conducts-company-wide-layoffs/""]}}",,,,,,
layoff-2026-091,Meta,2026-04-02,200,,Consumer,Post-IPO,United States,"[""SF Bay Area""]",26000,https://www.sfchronicle.com/tech/article/meta-layoffs-silicon-valley-22186184.php,,announcement,announced_reduction,"[""organizational_realignment""]","{""organizational_realignment"": {""summary"": ""A Meta spokesperson explains the reported reductions through regular team restructuring to achieve organizational goals; no concrete operating mechanism is given."", ""source_url"": ""https://www.sfchronicle.com/tech/article/meta-layoffs-silicon-valley-22186184.php"", ""specificity"": ""generic"", ""attribution"": ""company_stated"", ""scope"": ""event"", ""evidence_access"": ""full""}}",[],[],"{""date"": ""2026-09-16"", ""status"": ""source_reviewed"", ""note"": ""A Meta spokesperson explains the reported reductions through regular team restructuring to achieve organizational goals; no concrete operating mechanism is given. Existing overlap, count and plan-scope caveats remain applicable."", ""sources"": [""https://www.sfchronicle.com/tech/article/meta-layoffs-silicon-valley-22186184.php""], ""issues"": [""possible_overlap""]}",generic,A Meta spokesperson explains the reported reductions through regular team restructuring to achieve organizational goals; no concrete operating mechanism is given.,2,"{""status"": ""not_identified"", ""functions"": [], ""details"": [], ""units"": [], ""levels"": [], ""review"": {""date"": ""2026-09-17"", ""method"": ""manual_review_of_retrieved_sources_and_existing_evidence"", ""note"": ""No explicit affected occupation identified in the material reviewed. This does not mean none were affected or that no other source can identify them."", ""sources"": [""https://www.sfchronicle.com/tech/article/meta-layoffs-silicon-valley-22186184.php""]}}",,"{""date"": ""2026-09-17"", ""outcome"": ""generic"", ""method"": ""individual_source_reread_and_alternative_source_search"", ""note"": ""A Meta spokesperson explains the reported reductions through regular team restructuring to achieve organizational goals; no concrete operating mechanism is given.""}","{""review_date"": ""2026-09-17"", ""outcome"": ""published_reason_remains_general"", ""note_es"": ""La declaración de reorganización es general. El aviso local puede solaparse con marzo; no se traslada el motivo de otra ronda ni se supone un evento independiente."", ""open_question_es"": ""¿Qué proceso, actividad o criterio conecta la explicación publicada con estos puestos concretos?"", ""sources"": [""https://www.sfchronicle.com/tech/article/meta-layoffs-silicon-valley-22186184.php""], ""search_scope"": ""Individual reread of event sources and search by company, announcement date and stated rationale; targeted primary-document checks where a relevant lead was found.""}",,,
layoff-2026-092,NeuroPixel.AI,2026-04-03,,1,Retail,Seed,India,"[""Bengaluru"", ""Non-U.S.""]",1,https://entrackr.com/news/flipkart-backed-neuropixelai-shuts-operations-amid-financial-strain-11448982,,announcement,announced_reduction,"[""shutdown"", ""lost_contract"", ""financial_distress""]","{""shutdown"": {""summary"": ""Founder cites distribution difficulties, loss of a major client and unpaid dues. Being an AI business does not establish AI disruption."", ""attribution"": ""company_stated"", ""scope"": ""event"", ""source_url"": ""https://entrackr.com/news/flipkart-backed-neuropixelai-shuts-operations-amid-financial-strain-11448982"", ""specificity"": ""concrete""}, ""lost_contract"": {""summary"": ""Founder cites distribution difficulties, loss of a major client and unpaid dues. Being an AI business does not establish AI disruption."", ""attribution"": ""company_stated"", ""scope"": ""event"", ""source_url"": ""https://entrackr.com/news/flipkart-backed-neuropixelai-shuts-operations-amid-financial-strain-11448982"", ""specificity"": ""concrete""}, ""financial_distress"": {""summary"": ""Founder cites distribution difficulties, loss of a major client and unpaid dues. Being an AI business does not establish AI disruption."", ""attribution"": ""company_stated"", ""scope"": ""event"", ""source_url"": ""https://entrackr.com/news/flipkart-backed-neuropixelai-shuts-operations-amid-financial-strain-11448982"", ""specificity"": ""concrete""}}","[{""kind"": ""ai_product_strategy"", ""summary"": ""Company sells AI services; cited closure explanation identifies client loss and financial pressure."", ""source_url"": ""https://entrackr.com/news/flipkart-backed-neuropixelai-shuts-operations-amid-financial-strain-11448982""}]",[],"{""date"": ""2026-09-16"", ""status"": ""source_reviewed"", ""note"": ""Founder cites distribution difficulties, loss of a major client and unpaid dues. Being an AI business does not establish AI disruption."", ""sources"": [""https://entrackr.com/news/flipkart-backed-neuropixelai-shuts-operations-amid-financial-strain-11448982""], ""issues"": []}",specified,"Founder cites distribution difficulties, loss of a major client and unpaid dues. Being an AI business does not establish AI disruption.",2,"{""status"": ""not_identified"", ""functions"": [], ""details"": [], ""units"": [], ""levels"": [], ""review"": {""date"": ""2026-09-17"", ""method"": ""manual_review_of_retrieved_sources_and_existing_evidence"", ""note"": ""No explicit affected occupation identified in the material reviewed. This does not mean none were affected or that no other source can identify them."", ""sources"": [""https://entrackr.com/news/flipkart-backed-neuropixelai-shuts-operations-amid-financial-strain-11448982""]}}",,,,,,
layoff-2026-093,Vimeo,2026-04-03,132,,Consumer,Acquired,United States,"[""New York City""]",450,https://hoodline.com/2026/04/vimeo-axes-quarter-of-midtown-staff-after-billion-dollar-takeover/,https://whatnow.com/new-york/local-news/new-york-based-video-platform-to-layoff-130-employees/,announcement,announced_reduction,[],{},[],[],"{""date"": ""2026-09-16"", ""status"": ""source_reviewed"", ""note"": ""WARN coverage may overlap the January Vimeo round; keep visible pending deduplication."", ""sources"": [""https://hoodline.com/2026/04/vimeo-axes-quarter-of-midtown-staff-after-billion-dollar-takeover/"", ""https://whatnow.com/new-york/local-news/new-york-based-video-platform-to-layoff-130-employees/"", ""https://vimeo.com/blog/post/what-comes-next-vimeo""], ""issues"": [""possible_overlap""]}",unspecified,WARN coverage may overlap the January Vimeo round; keep visible pending deduplication.,2,"{""status"": ""not_identified"", ""functions"": [], ""details"": [], ""units"": [], ""levels"": [], ""review"": {""date"": ""2026-09-17"", ""method"": ""manual_review_of_retrieved_sources_and_existing_evidence"", ""note"": ""No explicit affected occupation identified in the material reviewed. This does not mean none were affected or that no other source can identify them."", ""sources"": [""https://hoodline.com/2026/04/vimeo-axes-quarter-of-midtown-staff-after-billion-dollar-takeover/"", ""https://whatnow.com/new-york/local-news/new-york-based-video-platform-to-layoff-130-employees/""]}}",,"{""date"": ""2026-09-17"", ""outcome"": ""no_explanation_identified"", ""method"": ""individual_source_reread_and_alternative_source_search"", ""note"": ""April WARN reporting confirms the local reduction without an attributed rationale. Ownership changes and the January cuts may overlap; neither establishes a separate April explanation.""}",,,,
layoff-2026-094,Welltech,2026-04-03,225,0.3,Fitness,Unknown,Cyprus,"[""Limassol"", ""Non-U.S.""]",,https://dev.ua/en/news/potentsiini-zvilnennia-u-welltech-1775220022,,announcement,announced_reduction,"[""organizational_realignment""]","{""organizational_realignment"": {""summary"": ""An anonymous account describes reorganization and a change of focus as the reason communicated for the cuts. This is not a verified company statement."", ""attribution"": ""press_reported"", ""scope"": ""event"", ""source_url"": ""https://dev.ua/en/news/potentsiini-zvilnennia-u-welltech-1775220022"", ""specificity"": ""generic"", ""evidence_access"": ""full""}}",[],[],"{""date"": ""2026-09-16"", ""status"": ""source_reviewed"", ""note"": ""Anonymous reporting of layoffs lacks a company explanation and independently confirmed extent. Explanation review: attributed reasons are recorded below with explicit specificity."", ""sources"": [""https://dev.ua/en/news/potentsiini-zvilnennia-u-welltech-1775220022""], ""issues"": [""extent_unconfirmed""]}",generic,Generic attributed reason: An anonymous account describes reorganization and a change of focus as the reason communicated for the cuts. This is not a verified company statement.,2,"{""status"": ""identified"", ""functions"": [""product_design"", ""engineering""], ""details"": [{""functions"": [""product_design"", ""engineering""], ""summary"": ""Employee account identifies product and development as the main affected teams."", ""attribution"": ""worker_reported"", ""source_url"": ""https://dev.ua/en/news/potentsiini-zvilnennia-u-welltech-1775220022"", ""evidence_access"": ""full""}], ""units"": [], ""levels"": [], ""review"": {""date"": ""2026-09-17"", ""method"": ""manual_review_of_retrieved_sources_and_existing_evidence"", ""note"": ""Functions explicitly identified for this event; the list is not necessarily exhaustive."", ""sources"": [""https://dev.ua/en/news/potentsiini-zvilnennia-u-welltech-1775220022""]}}",,"{""date"": ""2026-09-17"", ""outcome"": ""generic"", ""note"": ""Event-specific attributed explanation retained at its stated level of detail. Generic language does not establish a concrete operating mechanism or verified causal effect.""}","{""review_date"": ""2026-09-17"", ""outcome"": ""published_reason_remains_general"", ""note_es"": ""La fuente original recoge una versión anónima de reorganización y cambio de foco. Otras opiniones anónimas hablan de problemas de gestión, pero no aportan un mecanismo contrastable para este anuncio."", ""open_question_es"": ""¿Qué proceso, actividad o criterio conecta la explicación publicada con estos puestos concretos?"", ""sources"": [""https://dev.ua/en/news/potentsiini-zvilnennia-u-welltech-1775220022"", ""https://www.glassdoor.com/Reviews/Employee-Review-Welltech-E7450280-RVW103391266.htm""], ""search_scope"": ""Individual reread of event sources and search by company, announcement date and stated rationale; targeted primary-document checks where a relevant lead was found.""}",,,
layoff-2026-095,Bolt,2026-04-05,,0.33,Finance,Series E,United States,"[""SF Bay Area""]",1300,https://www.pymnts.com/digital-payments/2026/bolt-cuts-third-of-staff-amid-new-ai-focus/,,announcement,announced_reduction,"[""ai_transition""]","{""ai_transition"": {""summary"": ""CEO connects the cuts to becoming a leaner, AI-centered organization, without naming affected tasks."", ""attribution"": ""company_stated"", ""scope"": ""event"", ""source_url"": ""https://www.pymnts.com/digital-payments/2026/bolt-cuts-third-of-staff-amid-new-ai-focus/"", ""specificity"": ""generic"", ""evidence_access"": ""full""}}",[],[],"{""date"": ""2026-09-16"", ""status"": ""source_reviewed"", ""note"": ""CEO invokes a leaner, AI-centered organization without describing what work or roles change. Explanation review: attributed reasons are recorded below with explicit specificity."", ""sources"": [""https://www.pymnts.com/digital-payments/2026/bolt-cuts-third-of-staff-amid-new-ai-focus/""], ""issues"": []}",generic,"Generic attributed reason: CEO connects the cuts to becoming a leaner, AI-centered organization, without naming affected tasks.",2,"{""status"": ""not_identified"", ""functions"": [], ""details"": [], ""units"": [], ""levels"": [], ""review"": {""date"": ""2026-09-17"", ""method"": ""manual_review_of_retrieved_sources_and_existing_evidence"", ""note"": ""No explicit affected occupation identified in the material reviewed. This does not mean none were affected or that no other source can identify them."", ""sources"": [""https://www.pymnts.com/digital-payments/2026/bolt-cuts-third-of-staff-amid-new-ai-focus/""]}}",,"{""date"": ""2026-09-17"", ""outcome"": ""generic"", ""note"": ""Event-specific attributed explanation retained at its stated level of detail. Generic language does not establish a concrete operating mechanism or verified causal effect.""}","{""review_date"": ""2026-09-17"", ""outcome"": ""published_reason_remains_general"", ""note_es"": ""El mensaje del CEO anuncia una organización más pequeña y centrada en IA sin describir tareas o procesos. La entrevista posterior sobre eliminar RR. HH. no permite situar esa decisión dentro de esta ronda de abril."", ""open_question_es"": ""¿Qué tareas cambian con IA y cómo modifica eso la necesidad de personal en esta ronda?"", ""sources"": [""https://www.pymnts.com/digital-payments/2026/bolt-cuts-third-of-staff-amid-new-ai-focus/"", ""https://www.paymentsdive.com/news/bolt-layoffs-ai-30-percent-breslow-valuation-drop/817040/""], ""search_scope"": ""Individual reread of event sources and search by company, announcement date and stated rationale; targeted primary-document checks where a relevant lead was found.""}",,,
layoff-2026-096,GoPro,2026-04-07,145,0.23,Consumer,Post-IPO,United States,"[""SF Bay Area""]",288,https://www.wsj.com/business/gopro-to-eliminate-23-of-workforce-in-cost-cutting-move-ca5ba06b,https://petapixel.com/2026/04/08/gopro-to-lay-off-23-of-its-workforce-this-year/,announcement,announced_reduction,"[""cost_cutting""]","{""cost_cutting"": {""summary"": ""Company restructuring plan explicitly targets lower operating costs."", ""attribution"": ""company_stated"", ""scope"": ""event"", ""source_url"": ""https://petapixel.com/2026/04/08/gopro-to-lay-off-23-of-its-workforce-this-year/"", ""specificity"": ""concrete""}}",[],[],"{""date"": ""2026-09-16"", ""status"": ""source_reviewed"", ""note"": ""Company restructuring plan explicitly targets lower operating costs."", ""sources"": [""https://www.wsj.com/business/gopro-to-eliminate-23-of-workforce-in-cost-cutting-move-ca5ba06b"", ""https://petapixel.com/2026/04/08/gopro-to-lay-off-23-of-its-workforce-this-year/""], ""issues"": []}",specified,Company restructuring plan explicitly targets lower operating costs.,2,"{""status"": ""not_identified"", ""functions"": [], ""details"": [], ""units"": [], ""levels"": [], ""review"": {""date"": ""2026-09-17"", ""method"": ""manual_review_of_retrieved_sources_and_existing_evidence"", ""note"": ""No explicit affected occupation identified in the material reviewed. This does not mean none were affected or that no other source can identify them."", ""sources"": [""https://www.wsj.com/business/gopro-to-eliminate-23-of-workforce-in-cost-cutting-move-ca5ba06b"", ""https://petapixel.com/2026/04/08/gopro-to-lay-off-23-of-its-workforce-this-year/""]}}",,,,,,
layoff-2026-097,Pendo,2026-04-07,90,0.1,Product,Series F,United States,"[""Raleigh""]",469,https://www.axios.com/local/raleigh/2026/04/07/raleigh-software-unicorn-pendo-layoffs-jobs,,announcement,announced_reduction,"[""strategic_pivot""]","{""strategic_pivot"": {""summary"": ""CEO describes refocusing the product for customers building AI agents."", ""attribution"": ""company_stated"", ""scope"": ""event"", ""source_url"": ""https://www.axios.com/local/raleigh/2026/04/07/raleigh-software-unicorn-pendo-layoffs-jobs"", ""specificity"": ""concrete""}}","[{""kind"": ""ai_product_strategy"", ""summary"": ""AI agents are a customer/product direction."", ""source_url"": ""https://www.axios.com/local/raleigh/2026/04/07/raleigh-software-unicorn-pendo-layoffs-jobs""}]",[],"{""date"": ""2026-09-16"", ""status"": ""source_reviewed"", ""note"": ""CEO describes refocusing the product for customers building AI agents."", ""sources"": [""https://www.axios.com/local/raleigh/2026/04/07/raleigh-software-unicorn-pendo-layoffs-jobs""], ""issues"": []}",specified,CEO describes refocusing the product for customers building AI agents.,2,"{""status"": ""not_identified"", ""functions"": [], ""details"": [], ""units"": [], ""levels"": [], ""review"": {""date"": ""2026-09-17"", ""method"": ""manual_review_of_retrieved_sources_and_existing_evidence"", ""note"": ""No explicit affected occupation identified in the material reviewed. This does not mean none were affected or that no other source can identify them."", ""sources"": [""https://www.axios.com/local/raleigh/2026/04/07/raleigh-software-unicorn-pendo-layoffs-jobs""]}}",,,,,,
layoff-2026-098,IAC,2026-04-28,77,0.02,Consumer,Post-IPO,United States,"[""New York City""]",,https://variety.com/2026/digital/news/barry-diller-iac-name-people-incorporated-layoffs-1236732057/,https://www.sec.gov/Archives/edgar/data/1800227/000110465926049837/tm2612831d1_8k.htm,announcement,announced_reduction,"[""organizational_consolidation"", ""cost_cutting""]","{""organizational_consolidation"": {""summary"": ""Filing describes corporate-function consolidation and savings. Announcement was April 28, not April 8."", ""attribution"": ""company_stated"", ""scope"": ""event"", ""source_url"": ""https://www.sec.gov/Archives/edgar/data/1800227/000110465926049837/tm2612831d1_8k.htm"", ""specificity"": ""concrete""}, ""cost_cutting"": {""summary"": ""Filing describes corporate-function consolidation and savings. Announcement was April 28, not April 8."", ""attribution"": ""company_stated"", ""scope"": ""event"", ""source_url"": ""https://www.sec.gov/Archives/edgar/data/1800227/000110465926049837/tm2612831d1_8k.htm"", ""specificity"": ""concrete""}}",[],[],"{""date"": ""2026-09-16"", ""status"": ""source_reviewed"", ""note"": ""Filing describes corporate-function consolidation and savings. Announcement was April 28, not April 8."", ""sources"": [""https://variety.com/2026/digital/news/barry-diller-iac-name-people-incorporated-layoffs-1236732057/"", ""https://www.sec.gov/Archives/edgar/data/1800227/000110465926049837/tm2612831d1_8k.htm""], ""issues"": [""date_corrected""]}",specified,"Filing describes corporate-function consolidation and savings. Announcement was April 28, not April 8.",2,"{""status"": ""identified"", ""functions"": [""corporate""], ""details"": [{""functions"": [""corporate""], ""summary"": ""Filing describes the consolidation of corporate functions."", ""attribution"": ""company_stated"", ""source_url"": ""https://www.sec.gov/Archives/edgar/data/1800227/000110465926049837/tm2612831d1_8k.htm"", ""evidence_access"": ""prior_review""}], ""units"": [], ""levels"": [], ""review"": {""date"": ""2026-09-17"", ""method"": ""manual_review_of_retrieved_sources_and_existing_evidence"", ""note"": ""Functions explicitly identified for this event; the list is not necessarily exhaustive."", ""sources"": [""https://variety.com/2026/digital/news/barry-diller-iac-name-people-incorporated-layoffs-1236732057/"", ""https://www.sec.gov/Archives/edgar/data/1800227/000110465926049837/tm2612831d1_8k.htm""]}}",,,,,,
layoff-2026-099,Cars.com,2026-04-09,,0.11,Transportation,Acquired,United States,"[""Chicago""]",,https://www.marketwatch.com/story/cars-com-to-lay-off-11-of-full-time-workforce-amid-ai-push-update-bb0c9f35,https://www.sec.gov/Archives/edgar/data/1683606/000119312526149752/cars-ex99_pressrelease.htm,announcement,announced_reduction,"[""organizational_consolidation"", ""cost_cutting""]","{""organizational_consolidation"": {""summary"": ""Filing links changes to a simpler organization and lower costs; AI product work is a separate initiative."", ""attribution"": ""company_stated"", ""scope"": ""event"", ""source_url"": ""https://www.sec.gov/Archives/edgar/data/1683606/000119312526149752/cars-ex99_pressrelease.htm"", ""specificity"": ""concrete""}, ""cost_cutting"": {""summary"": ""Filing links changes to a simpler organization and lower costs; AI product work is a separate initiative."", ""attribution"": ""company_stated"", ""scope"": ""event"", ""source_url"": ""https://www.sec.gov/Archives/edgar/data/1683606/000119312526149752/cars-ex99_pressrelease.htm"", ""specificity"": ""concrete""}}","[{""kind"": ""ai_product_strategy"", ""summary"": ""AI products are described separately from the reorganization."", ""source_url"": ""https://www.sec.gov/Archives/edgar/data/1683606/000119312526149752/cars-ex99_pressrelease.htm""}]",[],"{""date"": ""2026-09-16"", ""status"": ""source_reviewed"", ""note"": ""Filing links changes to a simpler organization and lower costs; AI product work is a separate initiative."", ""sources"": [""https://www.marketwatch.com/story/cars-com-to-lay-off-11-of-full-time-workforce-amid-ai-push-update-bb0c9f35"", ""https://www.sec.gov/Archives/edgar/data/1683606/000119312526149752/cars-ex99_pressrelease.htm""], ""issues"": []}",specified,Filing links changes to a simpler organization and lower costs; AI product work is a separate initiative.,2,"{""status"": ""not_identified"", ""functions"": [], ""details"": [], ""units"": [], ""levels"": [], ""review"": {""date"": ""2026-09-17"", ""method"": ""manual_review_of_retrieved_sources_and_existing_evidence"", ""note"": ""No explicit affected occupation identified in the material reviewed. This does not mean none were affected or that no other source can identify them."", ""sources"": [""https://www.marketwatch.com/story/cars-com-to-lay-off-11-of-full-time-workforce-amid-ai-push-update-bb0c9f35"", ""https://www.sec.gov/Archives/edgar/data/1683606/000119312526149752/cars-ex99_pressrelease.htm""]}}",,,,,,
layoff-2026-100,Pepper Pay,2026-04-09,,1,Finance,Unknown,United States,"[""Miami""]",,https://www.americanbanker.com/news/payments-fintech-pepper-pay-declares-bankruptcy,,announcement,announced_reduction,"[""shutdown"", ""financial_distress""]","{""shutdown"": {""summary"": ""Chapter 7 liquidation and business closure establish insolvency and shutdown."", ""attribution"": ""company_stated"", ""scope"": ""event"", ""source_url"": ""https://www.americanbanker.com/news/payments-fintech-pepper-pay-declares-bankruptcy"", ""specificity"": ""concrete""}, ""financial_distress"": {""summary"": ""Chapter 7 liquidation and business closure establish insolvency and shutdown."", ""attribution"": ""company_stated"", ""scope"": ""event"", ""source_url"": ""https://www.americanbanker.com/news/payments-fintech-pepper-pay-declares-bankruptcy"", ""specificity"": ""concrete""}}",[],[],"{""date"": ""2026-09-16"", ""status"": ""source_reviewed"", ""note"": ""Chapter 7 liquidation and business closure establish insolvency and shutdown."", ""sources"": [""https://www.americanbanker.com/news/payments-fintech-pepper-pay-declares-bankruptcy""], ""issues"": []}",specified,Chapter 7 liquidation and business closure establish insolvency and shutdown.,2,"{""status"": ""not_identified"", ""functions"": [], ""details"": [], ""units"": [], ""levels"": [], ""review"": {""date"": ""2026-09-17"", ""method"": ""manual_review_of_retrieved_sources_and_existing_evidence"", ""note"": ""No explicit affected occupation identified in the material reviewed. This does not mean none were affected or that no other source can identify them."", ""sources"": [""https://www.americanbanker.com/news/payments-fintech-pepper-pay-declares-bankruptcy""]}}",,,,,,
layoff-2026-101,Life360,2026-04-10,,,Consumer,Post-IPO,United States,"[""SF Bay Area""]",158,https://www.9news.com.au/national/life360-culls-jobs-in-restructure-to-ainative-company/17cc5c9f-d081-44fc-95e2-970e4f36a89b,https://www.capitalbrief.com/briefing/life360-ceo-lauren-antonoff-announces-ai-related-job-cuts-6022b93f-b7c6-4aaf-81c4-f40f6e1da946/,announcement,announced_reduction,"[""ai_investment_reallocation""]","{""ai_investment_reallocation"": {""summary"": ""CEO links departures to moving investment into AI-native capabilities and roles."", ""attribution"": ""company_stated"", ""scope"": ""event"", ""source_url"": ""https://www.capitalbrief.com/briefing/life360-ceo-lauren-antonoff-announces-ai-related-job-cuts-6022b93f-b7c6-4aaf-81c4-f40f6e1da946/"", ""specificity"": ""concrete""}}",[],[],"{""date"": ""2026-09-16"", ""status"": ""source_reviewed"", ""note"": ""CEO explicitly connects departures with reallocating investment into AI-native capabilities and roles."", ""sources"": [""https://www.9news.com.au/national/life360-culls-jobs-in-restructure-to-ainative-company/17cc5c9f-d081-44fc-95e2-970e4f36a89b"", ""https://www.capitalbrief.com/briefing/life360-ceo-lauren-antonoff-announces-ai-related-job-cuts-6022b93f-b7c6-4aaf-81c4-f40f6e1da946/""], ""issues"": []}",specified,CEO explicitly connects departures with reallocating investment into AI-native capabilities and roles.,2,"{""status"": ""not_identified"", ""functions"": [], ""details"": [], ""units"": [], ""levels"": [], ""review"": {""date"": ""2026-09-17"", ""method"": ""manual_review_of_retrieved_sources_and_existing_evidence"", ""note"": ""No explicit affected occupation identified in the material reviewed. This does not mean none were affected or that no other source can identify them."", ""sources"": [""https://www.9news.com.au/national/life360-culls-jobs-in-restructure-to-ainative-company/17cc5c9f-d081-44fc-95e2-970e4f36a89b"", ""https://www.capitalbrief.com/briefing/life360-ceo-lauren-antonoff-announces-ai-related-job-cuts-6022b93f-b7c6-4aaf-81c4-f40f6e1da946/""]}}",,,,,,
layoff-2026-102,Esh Group,2026-04-12,,,Finance,Acquired,Israel,"[""Tel Aviv"", ""Non-U.S.""]",,https://www.calcalistech.com/ctechnews/article/rjyjkbf2zl,,announcement,announced_reduction,"[""organizational_realignment""]","{""organizational_realignment"": {""summary"": ""Company says eOS is restructuring to align with technology developments, signed agreements and anticipated customers."", ""attribution"": ""company_stated"", ""scope"": ""event"", ""source_url"": ""https://www.calcalistech.com/ctechnews/article/rjyjkbf2zl"", ""specificity"": ""generic"", ""evidence_access"": ""full""}}",[],[],"{""date"": ""2026-09-16"", ""status"": ""source_reviewed"", ""note"": ""Article offers competing explanations without establishing which caused this round. Explanation review: attributed reasons are recorded below with explicit specificity."", ""sources"": [""https://www.calcalistech.com/ctechnews/article/rjyjkbf2zl""], ""issues"": []}",generic,"Generic attributed reason: Company says eOS is restructuring to align with technology developments, signed agreements and anticipated customers.",2,"{""status"": ""identified"", ""functions"": [""engineering""], ""details"": [{""functions"": [""engineering""], ""summary"": ""Sources identify development roles as the main target."", ""attribution"": ""press_reported"", ""source_url"": ""https://www.calcalistech.com/ctechnews/article/rjyjkbf2zl"", ""evidence_access"": ""full""}], ""units"": [], ""levels"": [], ""review"": {""date"": ""2026-09-17"", ""method"": ""manual_review_of_retrieved_sources_and_existing_evidence"", ""note"": ""Functions explicitly identified for this event; the list is not necessarily exhaustive."", ""sources"": [""https://www.calcalistech.com/ctechnews/article/rjyjkbf2zl""]}}",,"{""date"": ""2026-09-17"", ""outcome"": ""generic"", ""note"": ""Event-specific attributed explanation retained at its stated level of detail. Generic language does not establish a concrete operating mechanism or verified causal effect.""}","{""review_date"": ""2026-09-17"", ""outcome"": ""published_reason_remains_general"", ""note_es"": ""La empresa vincula ajustes con acuerdos y clientes futuros. El periodista plantea dos posibilidades —alineación tras la venta y madurez tecnológica— sin establecer cuál explica el recorte."", ""open_question_es"": ""¿Qué proceso, actividad o criterio conecta la explicación publicada con estos puestos concretos?"", ""sources"": [""https://www.calcalistech.com/ctechnews/article/rjyjkbf2zl""], ""search_scope"": ""Individual reread of event sources and search by company, announcement date and stated rationale; targeted primary-document checks where a relevant lead was found.""}",,,
layoff-2026-103,Eventbrite,2026-04-13,,,Consumer,Acquired,United States,"[""SF Bay Area""]",290,https://www.reuters.com/technology/bending-spoons-cuts-eventbrite-staff-rolls-out-product-changes-after-takeover-2026-04-13/,https://www.heise.de/en/news/Event-platform-Eventbrite-lays-off-a-large-part-of-its-employees-11257427.html,announcement,announced_reduction,"[""m_and_a""]","{""m_and_a"": {""summary"": ""The new lead links a reduction of the pre-acquisition workforce with the post-acquisition operating model and incoming Bending Spoons product-development staff. This supports acquisition integration, without asserting duplicate roles or AI substitution."", ""source_url"": ""https://www.eventbrite.com/blog/whats-next-at-eventbrite/"", ""attribution"": ""company_stated"", ""scope"": ""event"", ""specificity"": ""concrete"", ""evidence_access"": ""full""}}",[],[],"{""date"": ""2026-09-16"", ""status"": ""source_reviewed"", ""note"": ""Generic-explanation follow-up: concrete attributed detail recovered; see cause_details for speaker, event/subset scope and access limits. Existing count and overlap caveats remain."", ""sources"": [""https://www.reuters.com/technology/bending-spoons-cuts-eventbrite-staff-rolls-out-product-changes-after-takeover-2026-04-13/"", ""https://www.heise.de/en/news/Event-platform-Eventbrite-lays-off-a-large-part-of-its-employees-11257427.html"", ""https://www.marketscreener.com/news/bending-spoons-cuts-eventbrite-staff-rolls-out-product-changes-after-takeover-ce7e50dedf8df62c"", ""https://www.eventbrite.com/blog/whats-next-at-eventbrite/""], ""issues"": []}",specified,"The new lead links a reduction of the pre-acquisition workforce with the post-acquisition operating model and incoming Bending Spoons product-development staff. This supports acquisition integration, without asserting duplicate roles or AI substitution.",2,"{""status"": ""not_identified"", ""functions"": [], ""details"": [], ""units"": [], ""levels"": [], ""review"": {""date"": ""2026-09-17"", ""method"": ""manual_review_of_retrieved_sources_and_existing_evidence"", ""note"": ""No explicit affected occupation identified in the material reviewed. This does not mean none were affected or that no other source can identify them."", ""sources"": [""https://www.reuters.com/technology/bending-spoons-cuts-eventbrite-staff-rolls-out-product-changes-after-takeover-2026-04-13/"", ""https://www.heise.de/en/news/Event-platform-Eventbrite-lays-off-a-large-part-of-its-employees-11257427.html""]}}",,"{""date"": ""2026-09-17"", ""outcome"": ""concrete"", ""note"": ""Further source review identifies a concrete attributed mechanism; this is not independent causal verification.""}","{""review_date"": ""2026-09-17"", ""outcome"": ""mechanism_recovered"", ""note_es"": ""El responsable de Eventbrite vincula la reducción del equipo previo a la compra con el modelo posterior e incorporación de personal de Bending Spoons para desarrollo. Se registra integración tras adquisición; no sustitución por IA ni duplicidades no declaradas."", ""open_question_es"": ""¿Qué trabajo asume el equipo del comprador y qué capacidades deja de realizar el equipo anterior?"", ""sources"": [""https://www.reuters.com/technology/bending-spoons-cuts-eventbrite-staff-rolls-out-product-changes-after-takeover-2026-04-13/"", ""https://www.heise.de/en/news/Event-platform-Eventbrite-lays-off-a-large-part-of-its-employees-11257427.html"", ""https://www.marketscreener.com/news/bending-spoons-cuts-eventbrite-staff-rolls-out-product-changes-after-takeover-ce7e50dedf8df62c"", ""https://www.eventbrite.com/blog/whats-next-at-eventbrite/"", ""https://www.iqmagazine.com/2026/04/eventbrite-makes-layoffs-following-bending-spoons-acquisition/""], ""search_scope"": ""Individual reread of event sources and search by company, announcement date and stated rationale; targeted primary-document checks where a relevant lead was found.""}",,,
layoff-2026-104,StarkWare,2026-04-13,,,Crypto,Series D,Israel,"[""Tel Aviv"", ""Non-U.S.""]",273,https://www.calcalistech.com/ctechnews/article/sy7u2uq3wx,,announcement,announced_reduction,"[""strategic_pivot""]","{""strategic_pivot"": {""summary"": ""Company shifts from infrastructure research toward revenue-generating products."", ""attribution"": ""company_stated"", ""scope"": ""event"", ""source_url"": ""https://www.calcalistech.com/ctechnews/article/sy7u2uq3wx"", ""specificity"": ""concrete""}}",[],[],"{""date"": ""2026-09-16"", ""status"": ""source_reviewed"", ""note"": ""Company shifts from infrastructure research toward revenue-generating products."", ""sources"": [""https://www.calcalistech.com/ctechnews/article/sy7u2uq3wx""], ""issues"": []}",specified,Company shifts from infrastructure research toward revenue-generating products.,2,"{""status"": ""not_identified"", ""functions"": [], ""details"": [], ""units"": [], ""levels"": [], ""review"": {""date"": ""2026-09-17"", ""method"": ""manual_review_of_retrieved_sources_and_existing_evidence"", ""note"": ""No explicit affected occupation identified in the material reviewed. This does not mean none were affected or that no other source can identify them."", ""sources"": [""https://www.calcalistech.com/ctechnews/article/sy7u2uq3wx""]}}",,,,,,
layoff-2026-106,Nayax,2026-04-15,32,0.03,Finance,Post-IPO,Israel,"[""Tel Aviv"", ""Non-U.S.""]",245,https://www.calcalistech.com/ctechnews/article/h1edoi6nbl,,announcement,announced_reduction,"[""organizational_realignment""]","{""organizational_realignment"": {""summary"": ""Company describes ongoing workforce adjustments in response to market developments and customer needs."", ""attribution"": ""company_stated"", ""scope"": ""event"", ""source_url"": ""https://www.calcalistech.com/ctechnews/article/h1edoi6nbl"", ""specificity"": ""generic"", ""evidence_access"": ""full""}}",[],[],"{""date"": ""2026-09-16"", ""status"": ""source_reviewed"", ""note"": ""Current statement is general; the prior year's cost-cutting explanation cannot be transferred to this round. Explanation review: attributed reasons are recorded below with explicit specificity."", ""sources"": [""https://www.calcalistech.com/ctechnews/article/h1edoi6nbl""], ""issues"": []}",generic,Generic attributed reason: Company describes ongoing workforce adjustments in response to market developments and customer needs.,2,"{""status"": ""not_identified"", ""functions"": [], ""details"": [], ""units"": [], ""levels"": [], ""review"": {""date"": ""2026-09-17"", ""method"": ""manual_review_of_retrieved_sources_and_existing_evidence"", ""note"": ""No explicit affected occupation identified in the material reviewed. This does not mean none were affected or that no other source can identify them."", ""sources"": [""https://www.calcalistech.com/ctechnews/article/h1edoi6nbl""]}}",,"{""date"": ""2026-09-17"", ""outcome"": ""generic"", ""note"": ""Event-specific attributed explanation retained at its stated level of detail. Generic language does not establish a concrete operating mechanism or verified causal effect.""}","{""review_date"": ""2026-09-17"", ""outcome"": ""published_reason_remains_general"", ""note_es"": ""La respuesta actual sigue siendo general. La disciplina de costos citada corresponde a julio de 2025; no se traslada a abril de 2026."", ""open_question_es"": ""¿Qué proceso, actividad o criterio conecta la explicación publicada con estos puestos concretos?"", ""sources"": [""https://www.calcalistech.com/ctechnews/article/h1edoi6nbl""], ""search_scope"": ""Individual reread of event sources and search by company, announcement date and stated rationale; targeted primary-document checks where a relevant lead was found.""}",,,
layoff-2026-107,Productboard,2026-04-15,,0.3,Product,Series D,United States,"[""SF Bay Area""]",,https://www.linkedin.com/pulse/productboard-going-ai-only-heres-what-means-hubert-palan-h1ozc/?trackingId=xrFN60pCTAaxJwMPkmzg1Q%3D%3D,,announcement,announced_reduction,"[""strategic_pivot"", ""ai_market_disruption"", ""ai_productivity""]","{""strategic_pivot"": {""summary"": ""CEO reorganizes around the Spark product."", ""attribution"": ""company_stated"", ""scope"": ""event"", ""source_url"": ""https://www.linkedin.com/pulse/productboard-going-ai-only-heres-what-means-hubert-palan-h1ozc/?trackingId=xrFN60pCTAaxJwMPkmzg1Q%3D%3D"", ""specificity"": ""concrete""}, ""ai_market_disruption"": {""summary"": ""CEO says AI agents undermine the process-management work served by the earlier product."", ""attribution"": ""company_stated"", ""scope"": ""event"", ""source_url"": ""https://www.linkedin.com/pulse/productboard-going-ai-only-heres-what-means-hubert-palan-h1ozc/?trackingId=xrFN60pCTAaxJwMPkmzg1Q%3D%3D"", ""specificity"": ""concrete""}, ""ai_productivity"": {""summary"": ""CEO expects a smaller team using AI throughout its work to ship faster."", ""attribution"": ""company_stated"", ""scope"": ""event"", ""source_url"": ""https://www.linkedin.com/pulse/productboard-going-ai-only-heres-what-means-hubert-palan-h1ozc/?trackingId=xrFN60pCTAaxJwMPkmzg1Q%3D%3D"", ""specificity"": ""concrete""}}",[],[],"{""date"": ""2026-09-16"", ""status"": ""source_reviewed"", ""note"": ""CEO links obsolete product-management processes, a Spark product pivot, and smaller AI-enabled teams."", ""sources"": [""https://www.linkedin.com/pulse/productboard-going-ai-only-heres-what-means-hubert-palan-h1ozc/?trackingId=xrFN60pCTAaxJwMPkmzg1Q%3D%3D""], ""issues"": []}",specified,"CEO links obsolete product-management processes, a Spark product pivot, and smaller AI-enabled teams.",2,"{""status"": ""not_identified"", ""functions"": [], ""details"": [], ""units"": [], ""levels"": [], ""review"": {""date"": ""2026-09-17"", ""method"": ""manual_review_of_retrieved_sources_and_existing_evidence"", ""note"": ""No explicit affected occupation identified in the material reviewed. This does not mean none were affected or that no other source can identify them."", ""sources"": [""https://www.linkedin.com/pulse/productboard-going-ai-only-heres-what-means-hubert-palan-h1ozc/?trackingId=xrFN60pCTAaxJwMPkmzg1Q%3D%3D""]}}",,,,,,
layoff-2026-108,Snap,2026-04-15,1000,0.16,Consumer,Post-IPO,United States,"[""Los Angeles""]",4900,https://www.cnbc.com/2026/04/15/snap-stock-layoffs-16-percent-workforce.html,https://newsroom.snap.com/organizational-changes-at-snap,announcement,announced_reduction,"[""cost_cutting"", ""ai_productivity""]","{""cost_cutting"": {""summary"": ""CEO explicitly links smaller teams to AI productivity and operating-cost savings."", ""attribution"": ""company_stated"", ""scope"": ""event"", ""source_url"": ""https://newsroom.snap.com/organizational-changes-at-snap"", ""specificity"": ""concrete""}, ""ai_productivity"": {""summary"": ""CEO explicitly links smaller teams to AI productivity and operating-cost savings."", ""attribution"": ""company_stated"", ""scope"": ""event"", ""source_url"": ""https://newsroom.snap.com/organizational-changes-at-snap"", ""specificity"": ""concrete""}}",[],[],"{""date"": ""2026-09-16"", ""status"": ""source_reviewed"", ""note"": ""CEO explicitly links smaller teams to AI productivity and operating-cost savings."", ""sources"": [""https://www.cnbc.com/2026/04/15/snap-stock-layoffs-16-percent-workforce.html"", ""https://newsroom.snap.com/organizational-changes-at-snap""], ""issues"": []}",specified,CEO explicitly links smaller teams to AI productivity and operating-cost savings.,2,"{""status"": ""not_identified"", ""functions"": [], ""details"": [], ""units"": [], ""levels"": [], ""review"": {""date"": ""2026-09-17"", ""method"": ""manual_review_of_retrieved_sources_and_existing_evidence"", ""note"": ""No explicit affected occupation identified in the material reviewed. This does not mean none were affected or that no other source can identify them."", ""sources"": [""https://www.cnbc.com/2026/04/15/snap-stock-layoffs-16-percent-workforce.html"", ""https://newsroom.snap.com/organizational-changes-at-snap""]}}",,,,,,
layoff-2026-109,Swyftx,2026-04-15,37,0.15,Crypto,Unknown,Australia,"[""Brisbane"", ""Non-U.S.""]",,https://finance.yahoo.com/markets/crypto/articles/major-crypto-firm-replaces-ceo-233517857.html,https://www.startupdaily.net/topic/business/swyftx-cofounder-takes-helm-after-ceo-punted-jobs-cut-by-15/,announcement,announced_reduction,"[""m_and_a""]","{""m_and_a"": {""summary"": ""Company identifies duplicate roles following acquisitions."", ""attribution"": ""company_stated"", ""scope"": ""event"", ""source_url"": ""https://www.startupdaily.net/topic/business/swyftx-cofounder-takes-helm-after-ceo-punted-jobs-cut-by-15/"", ""specificity"": ""concrete""}}",[],[],"{""date"": ""2026-09-16"", ""status"": ""source_reviewed"", ""note"": ""Company identifies duplicate roles following acquisitions."", ""sources"": [""https://finance.yahoo.com/markets/crypto/articles/major-crypto-firm-replaces-ceo-233517857.html"", ""https://www.startupdaily.net/topic/business/swyftx-cofounder-takes-helm-after-ceo-punted-jobs-cut-by-15/""], ""issues"": [""date_uncertain""]}",specified,Company identifies duplicate roles following acquisitions.,2,"{""status"": ""not_identified"", ""functions"": [], ""details"": [], ""units"": [], ""levels"": [], ""review"": {""date"": ""2026-09-17"", ""method"": ""manual_review_of_retrieved_sources_and_existing_evidence"", ""note"": ""No explicit affected occupation identified in the material reviewed. This does not mean none were affected or that no other source can identify them."", ""sources"": [""https://finance.yahoo.com/markets/crypto/articles/major-crypto-firm-replaces-ceo-233517857.html"", ""https://www.startupdaily.net/topic/business/swyftx-cofounder-takes-helm-after-ceo-punted-jobs-cut-by-15/""]}}",,,,,,
layoff-2026-110,Taboola,2026-04-15,100,0.05,Marketing,Post-IPO,United States,"[""New York City""]",445,https://www.calcalistech.com/ctechnews/article/hku03an3bg,,announcement,announced_reduction,[],{},"[{""kind"": ""ai_product_strategy"", ""summary"": ""AI development is mentioned without a specified staffing mechanism."", ""source_url"": ""https://www.calcalistech.com/ctechnews/article/hku03an3bg""}]",[],"{""date"": ""2026-09-16"", ""status"": ""source_reviewed"", ""note"": ""Company discusses AI products and broad restructuring without a causal operating mechanism."", ""sources"": [""https://www.calcalistech.com/ctechnews/article/hku03an3bg"", ""https://www.sec.gov/Archives/edgar/data/1840502/000184050226000009/tbla-20260331.htm"", ""https://en.globes.co.il/en/article-taboola-lays-off-5-of-workforce-1001540177""], ""issues"": []}",unspecified,Company discusses AI products and broad restructuring without a causal operating mechanism.,2,"{""status"": ""not_identified"", ""functions"": [], ""details"": [], ""units"": [], ""levels"": [], ""review"": {""date"": ""2026-09-17"", ""method"": ""manual_review_of_retrieved_sources_and_existing_evidence"", ""note"": ""No explicit affected occupation identified in the material reviewed. This does not mean none were affected or that no other source can identify them."", ""sources"": [""https://www.calcalistech.com/ctechnews/article/hku03an3bg""]}}",,"{""date"": ""2026-09-17"", ""outcome"": ""no_explanation_identified"", ""method"": ""individual_source_reread_and_alternative_source_search"", ""note"": ""The Q1 filing confirms the April workforce reduction in subsequent events. Product launches, parallel hiring and stock-price commentary do not provide a sufficiently attributed reason for these cuts.""}",,,,
layoff-2026-111,UKG,2026-04-15,950,,HR,Private Equity,United States,"[""Boston""]",,https://www.sun-sentinel.com/2026/04/16/ukg-formerly-ultimate-software-lays-off-950-employees-many-from-south-florida-offices/,https://cbs12.com/news/florida/ukg-announces-950-layoffs-affecting-a-large-number-of-workers-in-south-florida-offices-ultimate-kronos-group-jobs-reductions-restructuring-,announcement,announced_reduction,"[""ai_transition"", ""market_conditions""]","{""ai_transition"": {""summary"": ""Company includes AI-driven technological changes among market shifts motivating the restructuring."", ""attribution"": ""company_stated"", ""scope"": ""event"", ""source_url"": ""https://cbs12.com/news/florida/ukg-announces-950-layoffs-affecting-a-large-number-of-workers-in-south-florida-offices-ultimate-kronos-group-jobs-reductions-restructuring-"", ""specificity"": ""generic"", ""evidence_access"": ""full""}, ""market_conditions"": {""summary"": ""Company also cites changing customer expectations and software competition as reasons for the restructuring."", ""attribution"": ""company_stated"", ""scope"": ""event"", ""source_url"": ""https://cbs12.com/news/florida/ukg-announces-950-layoffs-affecting-a-large-number-of-workers-in-south-florida-offices-ultimate-kronos-group-jobs-reductions-restructuring-"", ""specificity"": ""generic"", ""evidence_access"": ""full""}}",[],[],"{""date"": ""2026-09-16"", ""status"": ""source_reviewed"", ""note"": ""Company invokes AI-driven market change but does not specify displaced work, investment transfer or lost demand. Explanation review: attributed reasons are recorded below with explicit specificity."", ""sources"": [""https://www.sun-sentinel.com/2026/04/16/ukg-formerly-ultimate-software-lays-off-950-employees-many-from-south-florida-offices/"", ""https://cbs12.com/news/florida/ukg-announces-950-layoffs-affecting-a-large-number-of-workers-in-south-florida-offices-ultimate-kronos-group-jobs-reductions-restructuring-""], ""issues"": []}",generic,Generic attributed reason: Company includes AI-driven technological changes among market shifts motivating the restructuring. Generic attributed reason: Company also cites changing customer expectations and software competition as reasons for the restructuring.,2,"{""status"": ""not_identified"", ""functions"": [], ""details"": [], ""units"": [], ""levels"": [], ""review"": {""date"": ""2026-09-17"", ""method"": ""manual_review_of_retrieved_sources_and_existing_evidence"", ""note"": ""No explicit affected occupation identified in the material reviewed. This does not mean none were affected or that no other source can identify them."", ""sources"": [""https://www.sun-sentinel.com/2026/04/16/ukg-formerly-ultimate-software-lays-off-950-employees-many-from-south-florida-offices/"", ""https://cbs12.com/news/florida/ukg-announces-950-layoffs-affecting-a-large-number-of-workers-in-south-florida-offices-ultimate-kronos-group-jobs-reductions-restructuring-""]}}",,"{""date"": ""2026-09-17"", ""outcome"": ""generic"", ""note"": ""Event-specific attributed explanation retained at its stated level of detail. Generic language does not establish a concrete operating mechanism or verified causal effect.""}","{""review_date"": ""2026-09-17"", ""outcome"": ""published_reason_remains_general"", ""note_es"": ""El comunicado de abril conserva cambios de mercado e IA. La cobertura menciona deslocalización dentro de la transformación más amplia, pero no identifica qué parte de los 950 puestos se traslada. Los foros anónimos no resuelven ese alcance."", ""open_question_es"": ""¿Qué tareas cambian con IA y cómo modifica eso la necesidad de personal en esta ronda?"", ""sources"": [""https://www.sun-sentinel.com/2026/04/16/ukg-formerly-ultimate-software-lays-off-950-employees-many-from-south-florida-offices/"", ""https://cbs12.com/news/florida/ukg-announces-950-layoffs-affecting-a-large-number-of-workers-in-south-florida-offices-ultimate-kronos-group-jobs-reductions-restructuring-"", ""https://finance.yahoo.com/markets/stocks/articles/ukg-formerly-ultimate-software-lays-205200750.html""], ""search_scope"": ""Individual reread of event sources and search by company, announcement date and stated rationale; targeted primary-document checks where a relevant lead was found.""}",,,
layoff-2026-112,Quora,2026-04-16,,,Consumer,Series D,United States,"[""SF Bay Area""]",226,https://quorablog.quora.com/Update?ch=10&oid=246876762&share=572b9cd0&srid=57WTZa&target_type=post,https://laffaz.com/quora-layoffs-poe-adam-dangelo/,announcement,announced_reduction,"[""cost_cutting""]","{""cost_cutting"": {""summary"": ""CEO seeks a self-sustaining Quora business rather than continued subsidy of Poe. Product ownership does not establish job automation."", ""attribution"": ""company_stated"", ""scope"": ""event"", ""source_url"": ""https://laffaz.com/quora-layoffs-poe-adam-dangelo/"", ""specificity"": ""concrete""}}","[{""kind"": ""ai_product_strategy"", ""summary"": ""Poe is an AI product supported by company resources; internal job replacement is not established."", ""source_url"": ""https://laffaz.com/quora-layoffs-poe-adam-dangelo/""}]",[],"{""date"": ""2026-09-16"", ""status"": ""source_reviewed"", ""note"": ""CEO seeks a self-sustaining Quora business rather than continued subsidy of Poe. Product ownership does not establish job automation."", ""sources"": [""https://quorablog.quora.com/Update?ch=10&oid=246876762&share=572b9cd0&srid=57WTZa&target_type=post"", ""https://laffaz.com/quora-layoffs-poe-adam-dangelo/""], ""issues"": []}",specified,CEO seeks a self-sustaining Quora business rather than continued subsidy of Poe. Product ownership does not establish job automation.,2,"{""status"": ""identified"", ""functions"": [""corporate""], ""details"": [{""functions"": [""corporate""], ""summary"": ""Report identifies shared SG&A functions. Their broad label is not split into unsupported sales/finance occupations."", ""attribution"": ""press_reported"", ""source_url"": ""https://laffaz.com/quora-layoffs-poe-adam-dangelo/"", ""evidence_access"": ""full""}], ""units"": [{""name"": ""Poe"", ""summary"": ""Poe-focused teams are also identified, without an occupation inventory."", ""source_url"": ""https://laffaz.com/quora-layoffs-poe-adam-dangelo/""}], ""levels"": [], ""review"": {""date"": ""2026-09-17"", ""method"": ""manual_review_of_retrieved_sources_and_existing_evidence"", ""note"": ""Functions explicitly identified for this event; the list is not necessarily exhaustive."", ""sources"": [""https://quorablog.quora.com/Update?ch=10&oid=246876762&share=572b9cd0&srid=57WTZa&target_type=post"", ""https://laffaz.com/quora-layoffs-poe-adam-dangelo/""]}}",,,,,,
layoff-2026-113,Sama,2026-04-16,1108,,AI,Series B,Kenya,"[""Nairobi"", ""Non-U.S.""]",85,https://thekenyatimes.com/latest-kenya-times-news/nairobi-based-data-firm-announces-lay-off-of-1108-employees/,,announcement,announced_reduction,"[""lost_contract""]","{""lost_contract"": {""summary"": ""Termination of a specific Meta workstream eliminates associated work."", ""attribution"": ""company_stated"", ""scope"": ""event"", ""source_url"": ""https://thekenyatimes.com/latest-kenya-times-news/nairobi-based-data-firm-announces-lay-off-of-1108-employees/"", ""specificity"": ""concrete""}}",[],[],"{""date"": ""2026-09-16"", ""status"": ""source_reviewed"", ""note"": ""Termination of a specific Meta workstream eliminates associated work."", ""sources"": [""https://thekenyatimes.com/latest-kenya-times-news/nairobi-based-data-firm-announces-lay-off-of-1108-employees/""], ""issues"": []}",specified,Termination of a specific Meta workstream eliminates associated work.,2,"{""status"": ""not_identified"", ""functions"": [], ""details"": [], ""units"": [], ""levels"": [], ""review"": {""date"": ""2026-09-17"", ""method"": ""manual_review_of_retrieved_sources_and_existing_evidence"", ""note"": ""No explicit affected occupation identified in the material reviewed. This does not mean none were affected or that no other source can identify them."", ""sources"": [""https://thekenyatimes.com/latest-kenya-times-news/nairobi-based-data-firm-announces-lay-off-of-1108-employees/""]}}",,,,,,
layoff-2026-114,Shutterfly,2026-04-16,80,,Manufacturing,Post-IPO,Israel,"[""Haifa"", ""Non-U.S.""]",50,https://www.calcalistech.com/ctechnews/article/rkx2avanzg,,announcement,announced_reduction,"[""unit_closure""]","{""unit_closure"": {""summary"": ""Israeli development center closes; the source does not identify work transferred to a destination."", ""attribution"": ""press_reported"", ""scope"": ""event"", ""source_url"": ""https://www.calcalistech.com/ctechnews/article/rkx2avanzg"", ""specificity"": ""concrete""}}",[],[],"{""date"": ""2026-09-16"", ""status"": ""source_reviewed"", ""note"": ""Israeli development center closes; the source does not identify work transferred to a destination."", ""sources"": [""https://www.calcalistech.com/ctechnews/article/rkx2avanzg""], ""issues"": []}",specified,Israeli development center closes; the source does not identify work transferred to a destination.,2,"{""status"": ""not_identified"", ""functions"": [], ""details"": [], ""units"": [], ""levels"": [], ""review"": {""date"": ""2026-09-17"", ""method"": ""manual_review_of_retrieved_sources_and_existing_evidence"", ""note"": ""No explicit affected occupation identified in the material reviewed. This does not mean none were affected or that no other source can identify them."", ""sources"": [""https://www.calcalistech.com/ctechnews/article/rkx2avanzg""]}}",,,,,,
layoff-2026-115,Acko,2026-04-20,60,0.05,Finance,Unknown,India,"[""Mumbai"", ""Non-U.S.""]",143,https://inc42.com/buzz/acko-cuts-5-workforce-in-pre-ipo-restructuring/,,announcement,announced_reduction,"[""ai_work_redesign""]","{""ai_work_redesign"": {""summary"": ""Anonymous sources describe reorganizing AI-enabled workflows; IPO proximity is background, not a demonstrated cause."", ""attribution"": ""press_reported"", ""scope"": ""event"", ""source_url"": ""https://inc42.com/buzz/acko-cuts-5-workforce-in-pre-ipo-restructuring/"", ""specificity"": ""concrete""}}","[{""kind"": ""ipo_context"", ""summary"": ""Possible IPO is not identified as the reason for cuts."", ""source_url"": ""https://inc42.com/buzz/acko-cuts-5-workforce-in-pre-ipo-restructuring/""}]",[],"{""date"": ""2026-09-16"", ""status"": ""source_reviewed"", ""note"": ""Anonymous sources describe reorganizing AI-enabled workflows; IPO proximity is background, not a demonstrated cause."", ""sources"": [""https://inc42.com/buzz/acko-cuts-5-workforce-in-pre-ipo-restructuring/""], ""issues"": []}",specified,"Anonymous sources describe reorganizing AI-enabled workflows; IPO proximity is background, not a demonstrated cause.",2,"{""status"": ""not_identified"", ""functions"": [], ""details"": [], ""units"": [], ""levels"": [], ""review"": {""date"": ""2026-09-17"", ""method"": ""manual_review_of_retrieved_sources_and_existing_evidence"", ""note"": ""No explicit affected occupation identified in the material reviewed. This does not mean none were affected or that no other source can identify them."", ""sources"": [""https://inc42.com/buzz/acko-cuts-5-workforce-in-pre-ipo-restructuring/""]}}",,,,,,
layoff-2026-116,Epidemic Sound,2026-04-21,150,0.33,Media,Private Equity,Sweden,"[""Stockholm"", ""Non-U.S.""]",509,https://www.marketscreener.com/news/eqt-backed-epidemic-sound-to-cut-150-jobs-in-ai-pivot-di-ce7f59dad18efe20,https://corporate.epidemicsound.com/press-and-media/press-releases/2026/epidemic-sound-expands-beyond-music-catalog-as-it-builds-the-next-generation-creative-platform/,announcement,announced_reduction,"[""strategic_pivot""]","{""strategic_pivot"": {""summary"": ""Company changes its creative-product offering; AI business transition is not employee replacement."", ""attribution"": ""company_stated"", ""scope"": ""event"", ""source_url"": ""https://corporate.epidemicsound.com/press-and-media/press-releases/2026/epidemic-sound-expands-beyond-music-catalog-as-it-builds-the-next-generation-creative-platform/"", ""specificity"": ""concrete""}}","[{""kind"": ""ai_product_strategy"", ""summary"": ""AI is part of the new creative-product offering."", ""source_url"": ""https://corporate.epidemicsound.com/press-and-media/press-releases/2026/epidemic-sound-expands-beyond-music-catalog-as-it-builds-the-next-generation-creative-platform/""}]",[],"{""date"": ""2026-09-16"", ""status"": ""source_reviewed"", ""note"": ""Company changes its creative-product offering; AI business transition is not employee replacement."", ""sources"": [""https://www.marketscreener.com/news/eqt-backed-epidemic-sound-to-cut-150-jobs-in-ai-pivot-di-ce7f59dad18efe20"", ""https://corporate.epidemicsound.com/press-and-media/press-releases/2026/epidemic-sound-expands-beyond-music-catalog-as-it-builds-the-next-generation-creative-platform/""], ""issues"": []}",specified,Company changes its creative-product offering; AI business transition is not employee replacement.,2,"{""status"": ""not_identified"", ""functions"": [], ""details"": [], ""units"": [], ""levels"": [], ""review"": {""date"": ""2026-09-17"", ""method"": ""manual_review_of_retrieved_sources_and_existing_evidence"", ""note"": ""No explicit affected occupation identified in the material reviewed. This does not mean none were affected or that no other source can identify them."", ""sources"": [""https://www.marketscreener.com/news/eqt-backed-epidemic-sound-to-cut-150-jobs-in-ai-pivot-di-ce7f59dad18efe20"", ""https://corporate.epidemicsound.com/press-and-media/press-releases/2026/epidemic-sound-expands-beyond-music-catalog-as-it-builds-the-next-generation-creative-platform/""]}}",,,,,,
layoff-2026-117,GeoComply,2026-04-21,68,0.15,Security,Private Equity,Canada,"[""Vancouver"", ""Non-U.S.""]",,https://www.casino.org/news/canadian-gaming-geocomply-workforce-layoffs/,,announcement,announced_reduction,"[""ai_transition"", ""operational_efficiency""]","{""ai_transition"": {""summary"": ""Company frames the cuts around technology change and greater use of AI for operational efficiency; affected tasks are not specified."", ""attribution"": ""company_stated"", ""scope"": ""event"", ""source_url"": ""https://www.casino.org/news/canadian-gaming-geocomply-workforce-layoffs/"", ""specificity"": ""generic"", ""evidence_access"": ""full""}, ""operational_efficiency"": {""summary"": ""Company describes internal streamlining and optimization of how it works."", ""attribution"": ""company_stated"", ""scope"": ""event"", ""source_url"": ""https://www.casino.org/news/canadian-gaming-geocomply-workforce-layoffs/"", ""specificity"": ""generic"", ""evidence_access"": ""full""}}",[],[],"{""date"": ""2026-09-16"", ""status"": ""source_reviewed"", ""note"": ""Company invokes AI workflows without sufficiently specifying the staffing mechanism. Explanation review: attributed reasons are recorded below with explicit specificity."", ""sources"": [""https://www.casino.org/news/canadian-gaming-geocomply-workforce-layoffs/""], ""issues"": []}",generic,Generic attributed reason: Company frames the cuts around technology change and greater use of AI for operational efficiency; affected tasks are not specified. Generic attributed reason: Company describes internal streamlining and optimization of how it works.,2,"{""status"": ""not_identified"", ""functions"": [], ""details"": [], ""units"": [], ""levels"": [], ""review"": {""date"": ""2026-09-17"", ""method"": ""manual_review_of_retrieved_sources_and_existing_evidence"", ""note"": ""No explicit affected occupation identified in the material reviewed. This does not mean none were affected or that no other source can identify them."", ""sources"": [""https://www.casino.org/news/canadian-gaming-geocomply-workforce-layoffs/""]}}",,"{""date"": ""2026-09-17"", ""outcome"": ""generic"", ""note"": ""Event-specific attributed explanation retained at its stated level of detail. Generic language does not establish a concrete operating mechanism or verified causal effect.""}","{""review_date"": ""2026-09-17"", ""outcome"": ""published_reason_remains_general"", ""note_es"": ""La declaración de GeoComply describe adaptación y eficiencia con IA sin nombrar tareas sustituidas o un flujo de trabajo concreto. La lista de competidores no demuestra pérdida de demanda."", ""open_question_es"": ""¿Qué tareas cambian con IA y cómo modifica eso la necesidad de personal en esta ronda?"", ""sources"": [""https://www.casino.org/news/canadian-gaming-geocomply-workforce-layoffs/"", ""https://sbcamericas.com/2026/04/17/geocomply-job-cuts-global-workforce/""], ""search_scope"": ""Individual reread of event sources and search by company, announcement date and stated rationale; targeted primary-document checks where a relevant lead was found.""}",,,
layoff-2026-118,Remarkable,2026-04-22,200,,Hardware,Unknown,Norway,"[""Oslo"", ""Non-U.S.""]",104,https://goodereader.com/blog/remarkable-news/remarkable-is-firing-hundreds-of-staff,https://www.golem.de/news/e-paper-tablets-remarkable-soll-40-prozent-der-mitarbeiter-entlassen-2604-207992.html,announcement,announced_reduction,"[""demand_decline""]","{""demand_decline"": {""summary"": ""Chairman attributes the restructuring to weaker demand and declining revenue."", ""attribution"": ""company_stated"", ""scope"": ""event"", ""source_url"": ""https://www.golem.de/news/e-paper-tablets-remarkable-soll-40-prozent-der-mitarbeiter-entlassen-2604-207992.html"", ""specificity"": ""concrete""}}",[],[],"{""date"": ""2026-09-17"", ""status"": ""source_reviewed"", ""note"": ""Golem reproduces the chairman’s explanation of weaker demand and falling revenue, and obtained a fresh company response about the difficult environment and component costs."", ""sources"": [""https://goodereader.com/blog/remarkable-news/remarkable-is-firing-hundreds-of-staff"", ""https://layoffcheck.com/companies/remarkable/"", ""https://www.golem.de/news/e-paper-tablets-remarkable-soll-40-prozent-der-mitarbeiter-entlassen-2604-207992.html""], ""issues"": []}",specified,"Golem reproduces the chairman’s explanation of weaker demand and falling revenue, and obtained a fresh company response about the difficult environment and component costs.",2,"{""status"": ""not_identified"", ""functions"": [], ""details"": [], ""units"": [], ""levels"": [], ""review"": {""date"": ""2026-09-17"", ""method"": ""manual_review_of_retrieved_sources_and_existing_evidence"", ""note"": ""No explicit affected occupation identified in the material reviewed. This does not mean none were affected or that no other source can identify them."", ""sources"": [""https://goodereader.com/blog/remarkable-news/remarkable-is-firing-hundreds-of-staff"", ""https://layoffcheck.com/companies/remarkable/"", ""https://www.golem.de/news/e-paper-tablets-remarkable-soll-40-prozent-der-mitarbeiter-entlassen-2604-207992.html""]}}",,,,,,
layoff-2026-119,SuperOps,2026-04-24,60,0.3,Other,Series C,India,"[""Chennai"", ""Non-U.S.""]",54,https://inc42.com/buzz/superops-lays-off-30-staff-in-ai-led-restructuring-push/,https://www.moneycontrol.com/news/business/startup/superops-lays-off-30-workforce-cuts-60-roles-in-engineering-amid-ai-first-shift-13898590.html,announcement,announced_reduction,"[""strategic_pivot""]","{""strategic_pivot"": {""summary"": ""Reporting describes a changed AI product roadmap and organization, not demonstrated internal productivity gains."", ""attribution"": ""press_reported"", ""scope"": ""event"", ""source_url"": ""https://www.moneycontrol.com/news/business/startup/superops-lays-off-30-workforce-cuts-60-roles-in-engineering-amid-ai-first-shift-13898590.html"", ""specificity"": ""concrete""}}","[{""kind"": ""ai_product_strategy"", ""summary"": ""AI product roadmap is the strategy change; internal productivity is not demonstrated."", ""source_url"": ""https://www.moneycontrol.com/news/business/startup/superops-lays-off-30-workforce-cuts-60-roles-in-engineering-amid-ai-first-shift-13898590.html""}]",[],"{""date"": ""2026-09-16"", ""status"": ""source_reviewed"", ""note"": ""Reporting describes a changed AI product roadmap and organization, not demonstrated internal productivity gains."", ""sources"": [""https://inc42.com/buzz/superops-lays-off-30-staff-in-ai-led-restructuring-push/"", ""https://www.moneycontrol.com/news/business/startup/superops-lays-off-30-workforce-cuts-60-roles-in-engineering-amid-ai-first-shift-13898590.html""], ""issues"": []}",specified,"Reporting describes a changed AI product roadmap and organization, not demonstrated internal productivity gains.",2,"{""status"": ""not_identified"", ""functions"": [], ""details"": [], ""units"": [], ""levels"": [], ""review"": {""date"": ""2026-09-17"", ""method"": ""manual_review_of_retrieved_sources_and_existing_evidence"", ""note"": ""No explicit affected occupation identified in the material reviewed. This does not mean none were affected or that no other source can identify them."", ""sources"": [""https://inc42.com/buzz/superops-lays-off-30-staff-in-ai-led-restructuring-push/"", ""https://www.moneycontrol.com/news/business/startup/superops-lays-off-30-workforce-cuts-60-roles-in-engineering-amid-ai-first-shift-13898590.html""]}}",,,,,,
layoff-2026-120,Pentera,2026-04-27,40,0.08,Security,Series D,United States,"[""Boston""]",249,https://www.calcalistech.com/ctechnews/article/b1ioncnpzl,,announcement,announced_reduction,"[""ai_investment_reallocation""]","{""ai_investment_reallocation"": {""summary"": ""CTech reports that these cuts redirect resources toward AI and product development; the company statement links organizational and resource changes to AI-driven products while continuing to recruit in product, engineering and AI. No amount is assigned to the transfer."", ""source_url"": ""https://www.calcalistech.com/ctechnews/article/b1ioncnpzl"", ""attribution"": ""press_reported"", ""scope"": ""event"", ""specificity"": ""concrete"", ""evidence_access"": ""full""}}",[],[],"{""date"": ""2026-09-16"", ""status"": ""source_reviewed"", ""note"": ""Generic-explanation follow-up: concrete attributed detail recovered; see cause_details for speaker, event/subset scope and access limits. Existing count and overlap caveats remain."", ""sources"": [""https://www.calcalistech.com/ctechnews/article/b1ioncnpzl""], ""issues"": []}",specified,"CTech reports that these cuts redirect resources toward AI and product development; the company statement links organizational and resource changes to AI-driven products while continuing to recruit in product, engineering and AI. No amount is assigned to the transfer.",2,"{""status"": ""identified"", ""functions"": [""marketing"", ""corporate""], ""details"": [{""functions"": [""marketing"", ""corporate""], ""summary"": ""Original report identifies marketing and headquarters roles."", ""attribution"": ""press_reported"", ""source_url"": ""https://www.calcalistech.com/ctechnews/article/b1ioncnpzl"", ""evidence_access"": ""full""}], ""units"": [], ""levels"": [], ""review"": {""date"": ""2026-09-17"", ""method"": ""manual_review_of_retrieved_sources_and_existing_evidence"", ""note"": ""Functions explicitly identified for this event; the list is not necessarily exhaustive."", ""sources"": [""https://www.calcalistech.com/ctechnews/article/b1ioncnpzl""]}}",,"{""date"": ""2026-09-17"", ""outcome"": ""concrete"", ""note"": ""Further source review identifies a concrete attributed mechanism; this is not independent causal verification.""}","{""review_date"": ""2026-09-17"", ""outcome"": ""mechanism_recovered"", ""note_es"": ""CTech atribuye explícitamente el movimiento a destinar más recursos a IA y desarrollo. La empresa confirma ajustes de estructura y asignación de recursos alrededor de sus productos de IA y contratación en esas áreas. Se registra reasignación de inversión, no sustitución."", ""open_question_es"": ""¿Cuánto presupuesto se transfiere a IA y qué actividades dejan de recibirlo?"", ""sources"": [""https://www.calcalistech.com/ctechnews/article/b1ioncnpzl""], ""search_scope"": ""Individual reread of event sources and search by company, announcement date and stated rationale; targeted primary-document checks where a relevant lead was found.""}",,,
layoff-2026-121,Shopify,2026-05-04,30,,Retail,Post-IPO,Canada,"[""Ottawa"", ""Non-U.S.""]",122,https://thelogic.co/news/exclusive/shopify-layoffs-revenue-operations-restructure/,,announcement,announced_reduction,[],{},[],[],"{""date"": ""2026-09-16"", ""status"": ""partial"", ""note"": ""Revenue-operations report remains restricted; no event-specific explanation recovered."", ""sources"": [""https://thelogic.co/news/exclusive/shopify-layoffs-revenue-operations-restructure/""], ""issues"": []}",unresolved,Revenue-operations report remains restricted; no event-specific explanation recovered.,2,"{""status"": ""identified"", ""functions"": [""sales""], ""details"": [{""functions"": [""sales""], ""summary"": ""Accessible title identifies revenue operations; normalized to commercial/sales operations, with limited source access."", ""attribution"": ""press_reported"", ""source_url"": ""https://thelogic.co/news/exclusive/shopify-layoffs-revenue-operations-restructure/"", ""evidence_access"": ""partial""}], ""units"": [], ""levels"": [], ""review"": {""date"": ""2026-09-17"", ""method"": ""manual_review_of_retrieved_sources_and_existing_evidence"", ""note"": ""Functions explicitly identified for this event; the list is not necessarily exhaustive."", ""sources"": [""https://thelogic.co/news/exclusive/shopify-layoffs-revenue-operations-restructure/""]}}",,,,,,
layoff-2026-122,0G,2026-05-05,,0.25,Crypto,Unknown,United States,"[""SF Bay Area""]",,https://www.businessinsider.com/0g-labs-layoffs-ai-integration-2026-5,,announcement,announced_reduction,"[""ai_productivity""]","{""ai_productivity"": {""summary"": ""CEO and spokesperson attribute a smaller team to AI-agent productivity; claims are not independently measured."", ""attribution"": ""company_stated"", ""scope"": ""event"", ""source_url"": ""https://www.businessinsider.com/0g-labs-layoffs-ai-integration-2026-5"", ""specificity"": ""concrete""}}",[],[],"{""date"": ""2026-09-16"", ""status"": ""source_reviewed"", ""note"": ""CEO and spokesperson attribute a smaller team to AI-agent productivity; claims are not independently measured."", ""sources"": [""https://www.businessinsider.com/0g-labs-layoffs-ai-integration-2026-5""], ""issues"": []}",specified,CEO and spokesperson attribute a smaller team to AI-agent productivity; claims are not independently measured.,2,"{""status"": ""not_identified"", ""functions"": [], ""details"": [], ""units"": [], ""levels"": [], ""review"": {""date"": ""2026-09-17"", ""method"": ""manual_review_of_retrieved_sources_and_existing_evidence"", ""note"": ""No explicit affected occupation identified in the material reviewed. This does not mean none were affected or that no other source can identify them."", ""sources"": [""https://www.businessinsider.com/0g-labs-layoffs-ai-integration-2026-5""]}}",,,,,,
layoff-2026-123,Careem,2026-05-05,,,Transportation,Acquired,United Arab Emirates,"[""Dubai"", ""Non-U.S.""]",771,https://en.dailypakistan.com.pk/05-May-2026/careem-layoffs-intensify-after-exit-from-ride-hailing-services-in-pakistan,,announcement,announced_reduction,"[""cost_cutting""]","{""cost_cutting"": {""summary"": ""Reporting describes cost reduction. Demand/market withdrawal discussion refers to an earlier round."", ""attribution"": ""press_reported"", ""scope"": ""event"", ""source_url"": ""https://en.dailypakistan.com.pk/05-May-2026/careem-layoffs-intensify-after-exit-from-ride-hailing-services-in-pakistan"", ""specificity"": ""concrete""}}",[],[],"{""date"": ""2026-09-16"", ""status"": ""source_reviewed"", ""note"": ""Reporting describes cost reduction. Demand/market withdrawal discussion refers to an earlier round."", ""sources"": [""https://en.dailypakistan.com.pk/05-May-2026/careem-layoffs-intensify-after-exit-from-ride-hailing-services-in-pakistan""], ""issues"": []}",specified,Reporting describes cost reduction. Demand/market withdrawal discussion refers to an earlier round.,2,"{""status"": ""identified"", ""functions"": [""engineering""], ""details"": [{""functions"": [""engineering""], ""summary"": ""Report explicitly identifies developers among the affected staff."", ""attribution"": ""press_reported"", ""source_url"": ""https://en.dailypakistan.com.pk/05-May-2026/careem-layoffs-intensify-after-exit-from-ride-hailing-services-in-pakistan"", ""evidence_access"": ""full""}], ""units"": [], ""levels"": [], ""review"": {""date"": ""2026-09-17"", ""method"": ""manual_review_of_retrieved_sources_and_existing_evidence"", ""note"": ""Functions explicitly identified for this event; the list is not necessarily exhaustive."", ""sources"": [""https://en.dailypakistan.com.pk/05-May-2026/careem-layoffs-intensify-after-exit-from-ride-hailing-services-in-pakistan""]}}",,,,,,
layoff-2026-124,Coinbase,2026-05-05,700,0.14,Crypto,Post-IPO,United States,"[""SF Bay Area""]",549,https://techcrunch.com/2026/05/05/coinbase-to-lay-off-14-of-staff-as-part-of-broader-restructuring/,https://www.coinbase.com/blog/building-a-leaner-and-faster-coinbase,announcement,announced_reduction,"[""cost_cutting"", ""demand_decline"", ""ai_productivity"", ""organizational_consolidation""]","{""cost_cutting"": {""summary"": ""Adjusting cost structure amid crypto market downturn while leveraging AI tools so smaller teams can do more."", ""attribution"": ""press_reported"", ""scope"": ""event"", ""source_url"": ""https://www.coinbase.com/blog/building-a-leaner-and-faster-coinbase"", ""specificity"": ""concrete""}, ""ai_productivity"": {""summary"": ""The CEO links the reduction to AI-enabled work by smaller teams, with examples from engineering and other functions."", ""attribution"": ""company_stated"", ""scope"": ""event"", ""source_url"": ""https://www.coinbase.com/blog/building-a-leaner-and-faster-coinbase"", ""specificity"": ""concrete""}, ""organizational_consolidation"": {""summary"": ""The CEO specifies a maximum of five management layers below the CEO/COO and larger manager spans as part of the restructuring."", ""attribution"": ""company_stated"", ""scope"": ""event"", ""source_url"": ""https://www.coinbase.com/blog/building-a-leaner-and-faster-coinbase"", ""specificity"": ""concrete""}, ""demand_decline"": {""summary"": ""Adjusting cost structure amid crypto market downturn while leveraging AI tools so smaller teams can do more."", ""attribution"": ""press_reported"", ""scope"": ""event"", ""source_url"": ""https://www.coinbase.com/blog/building-a-leaner-and-faster-coinbase"", ""specificity"": ""concrete""}}",[],[],"{""date"": ""2026-09-16"", ""status"": ""source_reviewed"", ""note"": ""Company links lower costs, weaker crypto markets, fewer layers and AI productivity."", ""sources"": [""https://techcrunch.com/2026/05/05/coinbase-to-lay-off-14-of-staff-as-part-of-broader-restructuring/"", ""https://www.coinbase.com/blog/building-a-leaner-and-faster-coinbase""], ""issues"": []}",specified,"Company links lower costs, weaker crypto markets, fewer layers and AI productivity.",2,"{""status"": ""not_identified"", ""functions"": [], ""details"": [], ""units"": [], ""levels"": [], ""review"": {""date"": ""2026-09-17"", ""method"": ""manual_review_of_retrieved_sources_and_existing_evidence"", ""note"": ""No explicit affected occupation identified in the material reviewed. This does not mean none were affected or that no other source can identify them."", ""sources"": [""https://techcrunch.com/2026/05/05/coinbase-to-lay-off-14-of-staff-as-part-of-broader-restructuring/"", ""https://www.coinbase.com/blog/building-a-leaner-and-faster-coinbase""]}}",,,,,,
layoff-2026-125,Freshworks,2026-05-05,500,0.11,Support,Post-IPO,United States,"[""SF Bay Area""]",484,https://www.reuters.com/business/freshworks-cut-11-jobs-ai-reshapes-software-sector-2026-05-05/,https://www.freshworks.com/theworks/company-news/message-from-ceo-may-2026/,announcement,announced_reduction,"[""ai_substitution"", ""organizational_consolidation""]","{""ai_substitution"": {""summary"": ""CEO says technology, systems and AI now handle manual tasks previously requiring multiple teams; AI-only contribution is not isolated."", ""attribution"": ""company_stated"", ""scope"": ""event"", ""source_url"": ""https://www.freshworks.com/theworks/company-news/message-from-ceo-may-2026/"", ""specificity"": ""concrete""}, ""organizational_consolidation"": {""summary"": ""CEO identifies overlapping commercial roles, centralized functions and fewer management layers."", ""attribution"": ""company_stated"", ""scope"": ""event"", ""source_url"": ""https://www.freshworks.com/theworks/company-news/message-from-ceo-may-2026/"", ""specificity"": ""concrete""}}",[],[],"{""date"": ""2026-09-16"", ""status"": ""source_reviewed"", ""note"": ""CEO describes systems handling work previously requiring multiple teams, overlapping commercial roles and fewer layers. Automation is a mix of AI and other systems."", ""sources"": [""https://www.reuters.com/business/freshworks-cut-11-jobs-ai-reshapes-software-sector-2026-05-05/"", ""https://www.freshworks.com/theworks/company-news/message-from-ceo-may-2026/""], ""issues"": []}",specified,"CEO describes systems handling work previously requiring multiple teams, overlapping commercial roles and fewer layers. Automation is a mix of AI and other systems.",2,"{""status"": ""not_identified"", ""functions"": [], ""details"": [], ""units"": [], ""levels"": [], ""review"": {""date"": ""2026-09-17"", ""method"": ""manual_review_of_retrieved_sources_and_existing_evidence"", ""note"": ""No explicit affected occupation identified in the material reviewed. This does not mean none were affected or that no other source can identify them."", ""sources"": [""https://www.reuters.com/business/freshworks-cut-11-jobs-ai-reshapes-software-sector-2026-05-05/"", ""https://www.freshworks.com/theworks/company-news/message-from-ceo-may-2026/""]}}",,,,,,
layoff-2026-126,PayPal,2026-05-05,4760,0.2,Finance,Post-IPO,United States,"[""SF Bay Area""]",216,https://www.wsj.com/business/earnings/paypal-to-cut-costs-after-profit-falls-dc42baf9,https://s205.q4cdn.com/875401827/files/doc_financials/2026/ar/2026-Annual-Meeting-Posted-Q-A-FINAL.pdf,announcement,multi_year_plan,"[""cost_cutting"", ""organizational_consolidation"", ""ai_work_redesign""]","{""cost_cutting"": {""summary"": ""Company targets at least $1.5 billion of annualized savings over two to three years."", ""attribution"": ""company_stated"", ""scope"": ""multi_year_plan"", ""source_url"": ""https://s205.q4cdn.com/875401827/files/doc_financials/2026/ar/2026-Annual-Meeting-Posted-Q-A-FINAL.pdf"", ""specificity"": ""concrete""}, ""organizational_consolidation"": {""summary"": ""Company removes duplicated responsibilities and management layers."", ""attribution"": ""company_stated"", ""scope"": ""multi_year_plan"", ""source_url"": ""https://s205.q4cdn.com/875401827/files/doc_financials/2026/ar/2026-Annual-Meeting-Posted-Q-A-FINAL.pdf"", ""specificity"": ""concrete""}, ""ai_work_redesign"": {""summary"": ""Company names process-by-process redesign with AI, especially in technology development and customer support."", ""attribution"": ""company_stated"", ""scope"": ""multi_year_plan"", ""source_url"": ""https://s205.q4cdn.com/875401827/files/doc_financials/2026/ar/2026-Annual-Meeting-Posted-Q-A-FINAL.pdf"", ""specificity"": ""concrete""}}",[],[],"{""date"": ""2026-09-16"", ""status"": ""source_reviewed"", ""note"": ""Company describes a multi-year savings program combining fewer organizational layers and AI-enabled process redesign; no headcount is allocated to each component."", ""sources"": [""https://www.wsj.com/business/earnings/paypal-to-cut-costs-after-profit-falls-dc42baf9"", ""https://layoffhedge.com/company/paypal"", ""https://s205.q4cdn.com/875401827/files/doc_financials/2026/ar/2026-Annual-Meeting-Posted-Q-A-FINAL.pdf""], ""issues"": [""multi_year_count"", ""headcount_press_estimate""]}",specified,Company describes a multi-year savings program combining fewer organizational layers and AI-enabled process redesign; no headcount is allocated to each component.,2,"{""status"": ""not_identified"", ""functions"": [], ""details"": [], ""units"": [], ""levels"": [], ""review"": {""date"": ""2026-09-17"", ""method"": ""manual_review_of_retrieved_sources_and_existing_evidence"", ""note"": ""No explicit affected occupation identified in the material reviewed. This does not mean none were affected or that no other source can identify them."", ""sources"": [""https://www.wsj.com/business/earnings/paypal-to-cut-costs-after-profit-falls-dc42baf9"", ""https://layoffhedge.com/company/paypal"", ""https://s205.q4cdn.com/875401827/files/doc_financials/2026/ar/2026-Annual-Meeting-Posted-Q-A-FINAL.pdf""]}}",,,,,,
layoff-2026-127,ApnaMart,2026-05-06,35,0.1,Food,Series B,India,"[""Bengaluru"", ""Non-U.S.""]",40,https://entrackr.com/news/apna-mart-lays-off-10-of-workforce-shifts-base-from-bengaluru-to-gurugram-11805807,,announcement,announced_reduction,"[""work_relocation"", ""ai_substitution""]","{""work_relocation"": {""summary"": ""The recorded explanation links cuts to moving product and technology teams from Bengaluru to Gurugram."", ""attribution"": ""press_reported"", ""scope"": ""event"", ""source_url"": ""https://entrackr.com/news/apna-mart-lays-off-10-of-workforce-shifts-base-from-bengaluru-to-gurugram-11805807"", ""specificity"": ""concrete""}, ""ai_substitution"": {""summary"": ""The company says AI-led automation made some roles redundant; relocation also contributed to departures."", ""attribution"": ""company_stated"", ""scope"": ""event"", ""source_url"": ""https://entrackr.com/news/apna-mart-lays-off-10-of-workforce-shifts-base-from-bengaluru-to-gurugram-11805807"", ""specificity"": ""concrete""}}",[],[],"{""date"": ""2026-09-16"", ""status"": ""source_reviewed"", ""note"": ""Company specifically links redundant roles to AI automation alongside work relocation."", ""sources"": [""https://entrackr.com/news/apna-mart-lays-off-10-of-workforce-shifts-base-from-bengaluru-to-gurugram-11805807""], ""issues"": []}",specified,Company specifically links redundant roles to AI automation alongside work relocation.,2,"{""status"": ""not_identified"", ""functions"": [], ""details"": [], ""units"": [], ""levels"": [], ""review"": {""date"": ""2026-09-17"", ""method"": ""manual_review_of_retrieved_sources_and_existing_evidence"", ""note"": ""No explicit affected occupation identified in the material reviewed. This does not mean none were affected or that no other source can identify them."", ""sources"": [""https://entrackr.com/news/apna-mart-lays-off-10-of-workforce-shifts-base-from-bengaluru-to-gurugram-11805807""]}}",,,,,,
layoff-2026-128,Arctic Wolf,2026-05-06,250,0.1,Security,Unknown,United States,"[""Minneapolis""]",899,https://www.theregister.com/ai-and-ml/2026/05/06/arctic-wolf-cuts-250-jobs-in-ai-push/5231213,,announcement,announced_reduction,"[""ai_investment_reallocation""]","{""ai_investment_reallocation"": {""summary"": ""Spokesperson explicitly links the cuts to AI investment. Attribution is company, not reporter inference."", ""attribution"": ""company_stated"", ""scope"": ""event"", ""source_url"": ""https://www.theregister.com/ai-and-ml/2026/05/06/arctic-wolf-cuts-250-jobs-in-ai-push/5231213"", ""specificity"": ""concrete""}}",[],[],"{""date"": ""2026-09-16"", ""status"": ""source_reviewed"", ""note"": ""Spokesperson explicitly links the cuts to AI investment. Attribution is company, not reporter inference."", ""sources"": [""https://www.theregister.com/ai-and-ml/2026/05/06/arctic-wolf-cuts-250-jobs-in-ai-push/5231213""], ""issues"": []}",specified,"Spokesperson explicitly links the cuts to AI investment. Attribution is company, not reporter inference.",2,"{""status"": ""identified"", ""functions"": [""sales"", ""engineering"", ""product_design"", ""marketing""], ""details"": [{""functions"": [""sales"", ""engineering"", ""product_design"", ""marketing""], ""summary"": ""Reporting names sales, product development and marketing, with affected systems and sales engineers."", ""attribution"": ""press_reported"", ""source_url"": ""https://www.theregister.com/ai-and-ml/2026/05/06/arctic-wolf-cuts-250-jobs-in-ai-push/5231213"", ""evidence_access"": ""full""}], ""units"": [], ""levels"": [], ""review"": {""date"": ""2026-09-17"", ""method"": ""manual_review_of_retrieved_sources_and_existing_evidence"", ""note"": ""Functions explicitly identified for this event; the list is not necessarily exhaustive."", ""sources"": [""https://www.theregister.com/ai-and-ml/2026/05/06/arctic-wolf-cuts-250-jobs-in-ai-push/5231213""]}}",,,,,,
layoff-2026-129,LSports,2026-05-06,40,0.2,Data,Unknown,Israel,"[""Tel Aviv"", ""Non-U.S.""]",,https://www.geektime.co.il/l-sports-lays-off-40-employees-in-israel/,,announcement,announced_reduction,"[""ai_productivity"", ""cost_cutting""]","{""ai_productivity"": {""summary"": ""CEO says AI coding and support agents allow the reduced workforce to sustain growth."", ""attribution"": ""company_stated"", ""scope"": ""event"", ""source_url"": ""https://www.geektime.co.il/l-sports-lays-off-40-employees-in-israel/"", ""specificity"": ""concrete""}, ""cost_cutting"": {""summary"": ""CEO says currency movements increased labor costs; cuts would also be needed without AI."", ""attribution"": ""company_stated"", ""scope"": ""event"", ""source_url"": ""https://www.geektime.co.il/l-sports-lays-off-40-employees-in-israel/"", ""specificity"": ""concrete""}}",[],[],"{""date"": ""2026-09-16"", ""status"": ""source_reviewed"", ""note"": ""CEO names AI-enabled work and currency-driven labor costs; says cuts would still be needed without AI, with slower growth."", ""sources"": [""https://www.geektime.co.il/l-sports-lays-off-40-employees-in-israel/""], ""issues"": []}",specified,"CEO names AI-enabled work and currency-driven labor costs; says cuts would still be needed without AI, with slower growth.",2,"{""status"": ""not_identified"", ""functions"": [], ""details"": [], ""units"": [], ""levels"": [], ""review"": {""date"": ""2026-09-17"", ""method"": ""manual_review_of_retrieved_sources_and_existing_evidence"", ""note"": ""No explicit affected occupation identified in the material reviewed. This does not mean none were affected or that no other source can identify them."", ""sources"": [""https://www.geektime.co.il/l-sports-lays-off-40-employees-in-israel/""]}}",,,,,,
layoff-2026-130,Pocket FM,2026-05-06,100,0.1,Media,Series D,India,"[""Bengaluru"", ""Non-U.S.""]",212,https://entrackr.com/exclusive/exclusive-pocket-fm-lets-go-of-over-100-employees-more-job-cuts-may-follow-11806323,,announcement,announced_reduction,"[""performance_cull""]","{""performance_cull"": {""summary"": ""Company describes performance reviews; worker accounts dispute the characterization and scope. Payroll transfers are separate from layoffs."", ""attribution"": ""company_stated"", ""scope"": ""event"", ""source_url"": ""https://entrackr.com/exclusive/exclusive-pocket-fm-lets-go-of-over-100-employees-more-job-cuts-may-follow-11806323"", ""specificity"": ""concrete""}}",[],[],"{""date"": ""2026-09-16"", ""status"": ""source_reviewed"", ""note"": ""Company describes performance reviews; worker accounts dispute the characterization and scope. Payroll transfers are separate from layoffs."", ""sources"": [""https://entrackr.com/exclusive/exclusive-pocket-fm-lets-go-of-over-100-employees-more-job-cuts-may-follow-11806323""], ""issues"": [""scope_disputed""]}",specified,Company describes performance reviews; worker accounts dispute the characterization and scope. Payroll transfers are separate from layoffs.,2,"{""status"": ""not_identified"", ""functions"": [], ""details"": [], ""units"": [], ""levels"": [], ""review"": {""date"": ""2026-09-17"", ""method"": ""manual_review_of_retrieved_sources_and_existing_evidence"", ""note"": ""Designers and writers are mentioned in a separate transfer to an external payroll provider; these are not confirmed layoffs in this round."", ""sources"": [""https://entrackr.com/exclusive/exclusive-pocket-fm-lets-go-of-over-100-employees-more-job-cuts-may-follow-11806323""]}}",,,,,,
layoff-2026-131,reAlpha,2026-05-06,,0.25,Real Estate,Post-IPO,United States,"[""Columbus""]",229,https://markets.businessinsider.com/news/stocks/realpha-reduces-workforce-by-approximately-25-and-consolidates-vendor-spend-targeting-2-million-in-annualized-savings-as-ai-advancements-drive-organizational-efficiency-1036115751,,announcement,announced_reduction,"[""cost_cutting"", ""ai_productivity"", ""work_relocation""]","{""cost_cutting"": {""summary"": ""Company targets lower payroll and vendor costs."", ""attribution"": ""company_stated"", ""scope"": ""event"", ""source_url"": ""https://markets.businessinsider.com/news/stocks/realpha-reduces-workforce-by-approximately-25-and-consolidates-vendor-spend-targeting-2-million-in-annualized-savings-as-ai-advancements-drive-organizational-efficiency-1036115751"", ""specificity"": ""concrete""}, ""ai_productivity"": {""summary"": ""Company links AI-enabled operations to doing work with fewer resources."", ""attribution"": ""company_stated"", ""scope"": ""event"", ""source_url"": ""https://markets.businessinsider.com/news/stocks/realpha-reduces-workforce-by-approximately-25-and-consolidates-vendor-spend-targeting-2-million-in-annualized-savings-as-ai-advancements-drive-organizational-efficiency-1036115751"", ""specificity"": ""concrete""}, ""work_relocation"": {""summary"": ""Company moves work between operating locations."", ""attribution"": ""company_stated"", ""scope"": ""event"", ""source_url"": ""https://markets.businessinsider.com/news/stocks/realpha-reduces-workforce-by-approximately-25-and-consolidates-vendor-spend-targeting-2-million-in-annualized-savings-as-ai-advancements-drive-organizational-efficiency-1036115751"", ""specificity"": ""concrete""}}",[],[],"{""date"": ""2026-09-16"", ""status"": ""source_reviewed"", ""note"": ""Company links lower costs to AI-enabled operations and moving work. Savings include vendors and contractors, not only employees."", ""sources"": [""https://markets.businessinsider.com/news/stocks/realpha-reduces-workforce-by-approximately-25-and-consolidates-vendor-spend-targeting-2-million-in-annualized-savings-as-ai-advancements-drive-organizational-efficiency-1036115751""], ""issues"": [""employees_and_contractors""]}",specified,"Company links lower costs to AI-enabled operations and moving work. Savings include vendors and contractors, not only employees.",2,"{""status"": ""identified"", ""functions"": [""marketing"", ""engineering"", ""product_design"", ""operations""], ""details"": [{""functions"": [""marketing"", ""engineering"", ""product_design"", ""operations""], ""summary"": ""Company names marketing, technology, product/design, real-estate and mortgage functions; the latter are grouped as operating services."", ""attribution"": ""company_stated"", ""source_url"": ""https://markets.businessinsider.com/news/stocks/realpha-reduces-workforce-by-approximately-25-and-consolidates-vendor-spend-targeting-2-million-in-annualized-savings-as-ai-advancements-drive-organizational-efficiency-1036115751"", ""evidence_access"": ""full""}], ""units"": [], ""levels"": [], ""review"": {""date"": ""2026-09-17"", ""method"": ""manual_review_of_retrieved_sources_and_existing_evidence"", ""note"": ""Functions explicitly identified for this event; the list is not necessarily exhaustive."", ""sources"": [""https://markets.businessinsider.com/news/stocks/realpha-reduces-workforce-by-approximately-25-and-consolidates-vendor-spend-targeting-2-million-in-annualized-savings-as-ai-advancements-drive-organizational-efficiency-1036115751""]}}",,,,,,
layoff-2026-132,Bill.com,2026-05-07,709,0.3,Finance,Post-IPO,United States,"[""SF Bay Area""]",280,https://www.bill.com/blog/a-message-to-bill-employees,,announcement,announced_reduction,"[""cost_cutting""]","{""cost_cutting"": {""summary"": ""Company states a profitability objective. Broader AI investments alone do not establish which layoffs funded AI."", ""attribution"": ""company_stated"", ""scope"": ""event"", ""source_url"": ""https://www.bill.com/blog/a-message-to-bill-employees"", ""specificity"": ""concrete""}}","[{""kind"": ""broader_ai_investment"", ""summary"": ""Existing AI investment is not an explicit allocation of this cut."", ""source_url"": ""https://www.bill.com/blog/a-message-to-bill-employees""}]",[],"{""date"": ""2026-09-16"", ""status"": ""source_reviewed"", ""note"": ""Company states a profitability objective. Broader AI investments alone do not establish which layoffs funded AI."", ""sources"": [""https://www.bill.com/blog/a-message-to-bill-employees""], ""issues"": []}",specified,Company states a profitability objective. Broader AI investments alone do not establish which layoffs funded AI.,2,"{""status"": ""not_identified"", ""functions"": [], ""details"": [], ""units"": [], ""levels"": [], ""review"": {""date"": ""2026-09-17"", ""method"": ""manual_review_of_retrieved_sources_and_existing_evidence"", ""note"": ""No explicit affected occupation identified in the material reviewed. This does not mean none were affected or that no other source can identify them."", ""sources"": [""https://www.bill.com/blog/a-message-to-bill-employees""]}}",,,,,,
layoff-2026-133,Cloudflare,2026-05-07,1100,0.2,Security,Post-IPO,United States,"[""SF Bay Area""]",332,https://blog.cloudflare.com/building-for-the-future/,,announcement,announced_reduction,"[""ai_work_redesign""]","{""ai_work_redesign"": {""summary"": ""The founders describe reorganizing roles, teams and processes around agentic AI as the reason for the workforce reduction."", ""attribution"": ""company_stated"", ""scope"": ""event"", ""source_url"": ""https://blog.cloudflare.com/building-for-the-future/"", ""specificity"": ""concrete""}}",[],[],"{""date"": ""2026-09-16"", ""status"": ""source_reviewed"", ""note"": ""Founders describe redesigning roles and processes around agents; usage growth is not independent productivity measurement."", ""sources"": [""https://blog.cloudflare.com/building-for-the-future/""], ""issues"": []}",specified,Founders describe redesigning roles and processes around agents; usage growth is not independent productivity measurement.,2,"{""status"": ""not_identified"", ""functions"": [], ""details"": [], ""units"": [], ""levels"": [], ""review"": {""date"": ""2026-09-17"", ""method"": ""manual_review_of_retrieved_sources_and_existing_evidence"", ""note"": ""Engineering, HR, finance and marketing are examples of AI use, not a verified list of affected functions."", ""sources"": [""https://blog.cloudflare.com/building-for-the-future/""]}}",,,,,,
layoff-2026-134,DeepL,2026-05-07,250,0.21,AI,Unknown,Germany,"[""Cologne"", ""Non-U.S.""]",400,https://www.linkedin.com/pulse/important-update-deepl-jarek-kutylowski-66yxe/,,announcement,announced_reduction,"[""ai_productivity"", ""organizational_consolidation""]","{""ai_productivity"": {""summary"": ""The founder links the reduction to smaller teams with AI embedded in workflows and routine work increasingly handled by AI."", ""attribution"": ""company_stated"", ""scope"": ""event"", ""source_url"": ""https://www.linkedin.com/pulse/important-update-deepl-jarek-kutylowski-66yxe/"", ""specificity"": ""concrete""}, ""organizational_consolidation"": {""summary"": ""The founder describes reducing organizational layers as part of the workforce restructuring."", ""attribution"": ""company_stated"", ""scope"": ""event"", ""source_url"": ""https://www.linkedin.com/pulse/important-update-deepl-jarek-kutylowski-66yxe/"", ""specificity"": ""concrete""}}",[],[],"{""date"": ""2026-09-16"", ""status"": ""source_reviewed"", ""note"": ""Founder identifies AI-assisted routine work, smaller teams and fewer layers."", ""sources"": [""https://www.linkedin.com/pulse/important-update-deepl-jarek-kutylowski-66yxe/""], ""issues"": []}",specified,"Founder identifies AI-assisted routine work, smaller teams and fewer layers.",2,"{""status"": ""not_identified"", ""functions"": [], ""details"": [], ""units"": [], ""levels"": [], ""review"": {""date"": ""2026-09-17"", ""method"": ""manual_review_of_retrieved_sources_and_existing_evidence"", ""note"": ""No explicit affected occupation identified in the material reviewed. This does not mean none were affected or that no other source can identify them."", ""sources"": [""https://www.linkedin.com/pulse/important-update-deepl-jarek-kutylowski-66yxe/""]}}",,,,,,
layoff-2026-135,Ticketmaster,2026-05-07,350,0.08,Consumer,Acquired,United States,"[""Los Angeles""]",,https://hoodline.com/2026/05/ticketmaster-axes-350-jobs-as-it-fast-tracks-new-tech/,https://www.musicbusinessworldwide.com/ticketmaster-cuts-around-350-jobs-8-of-global-workforce-in-engineering-product-and-design-restructuring-report/,announcement,announced_reduction,"[""organizational_consolidation""]","{""organizational_consolidation"": {""summary"": ""Company describes fewer management layers and consolidated teams. Earlier AI product strategy is context."", ""attribution"": ""company_stated"", ""scope"": ""event"", ""source_url"": ""https://www.musicbusinessworldwide.com/ticketmaster-cuts-around-350-jobs-8-of-global-workforce-in-engineering-product-and-design-restructuring-report/"", ""specificity"": ""concrete""}}","[{""kind"": ""earlier_period"", ""summary"": ""AI product vision predates the current layoff explanation."", ""source_url"": ""https://www.musicbusinessworldwide.com/ticketmaster-cuts-around-350-jobs-8-of-global-workforce-in-engineering-product-and-design-restructuring-report/""}]",[],"{""date"": ""2026-09-16"", ""status"": ""source_reviewed"", ""note"": ""Company describes fewer management layers and consolidated teams. Earlier AI product strategy is context."", ""sources"": [""https://hoodline.com/2026/05/ticketmaster-axes-350-jobs-as-it-fast-tracks-new-tech/"", ""https://www.musicbusinessworldwide.com/ticketmaster-cuts-around-350-jobs-8-of-global-workforce-in-engineering-product-and-design-restructuring-report/""], ""issues"": []}",specified,Company describes fewer management layers and consolidated teams. Earlier AI product strategy is context.,2,"{""status"": ""identified"", ""functions"": [""engineering"", ""product_design""], ""details"": [{""functions"": [""engineering"", ""product_design""], ""summary"": ""Reported cuts primarily affect engineering, product and design."", ""attribution"": ""press_reported"", ""source_url"": ""https://www.musicbusinessworldwide.com/ticketmaster-cuts-around-350-jobs-8-of-global-workforce-in-engineering-product-and-design-restructuring-report/"", ""evidence_access"": ""full""}], ""units"": [], ""levels"": [], ""review"": {""date"": ""2026-09-17"", ""method"": ""manual_review_of_retrieved_sources_and_existing_evidence"", ""note"": ""Functions explicitly identified for this event; the list is not necessarily exhaustive."", ""sources"": [""https://hoodline.com/2026/05/ticketmaster-axes-350-jobs-as-it-fast-tracks-new-tech/"", ""https://www.musicbusinessworldwide.com/ticketmaster-cuts-around-350-jobs-8-of-global-workforce-in-engineering-product-and-design-restructuring-report/""]}}",,,,,,
layoff-2026-136,Truecaller,2026-05-07,70,,Consumer,Post-IPO,Sweden,"[""Stockholm"", ""Non-U.S.""]",101,https://uk.investing.com/news/earnings/toast-shares-tumble-6-as-q1-earnings-fall-short-of-analyst-expectations-93CH-4660610,https://corporate.truecaller.com/newsroom/press-release/user-and-premium-growth-continue%2C-while-we-strengthen-the-platform-for-the-future?id=787D9F8369CBBE33,announcement,announced_reduction,"[""cost_cutting"", ""organizational_consolidation"", ""demand_decline""]","{""cost_cutting"": {""summary"": ""Company explicitly targets lower operating costs."", ""attribution"": ""company_stated"", ""scope"": ""event"", ""source_url"": ""https://corporate.truecaller.com/newsroom/press-release/user-and-premium-growth-continue%2C-while-we-strengthen-the-platform-for-the-future?id=787D9F8369CBBE33"", ""specificity"": ""concrete""}, ""organizational_consolidation"": {""summary"": ""Company describes a simpler organization."", ""attribution"": ""company_stated"", ""scope"": ""event"", ""source_url"": ""https://corporate.truecaller.com/newsroom/press-release/user-and-premium-growth-continue%2C-while-we-strengthen-the-platform-for-the-future?id=787D9F8369CBBE33"", ""specificity"": ""concrete""}, ""demand_decline"": {""summary"": ""Company identifies weaker advertising revenue and partner contributions."", ""attribution"": ""company_stated"", ""scope"": ""event"", ""source_url"": ""https://corporate.truecaller.com/newsroom/press-release/user-and-premium-growth-continue%2C-while-we-strengthen-the-platform-for-the-future?id=787D9F8369CBBE33"", ""specificity"": ""concrete""}}",[],[],"{""date"": ""2026-09-16"", ""status"": ""source_reviewed"", ""note"": ""Correct company release cites weaker advertising/partner revenue, lower costs and organizational simplification. Previous source concerned Toast."", ""sources"": [""https://uk.investing.com/news/earnings/toast-shares-tumble-6-as-q1-earnings-fall-short-of-analyst-expectations-93CH-4660610"", ""https://corporate.truecaller.com/newsroom/press-release/user-and-premium-growth-continue%2C-while-we-strengthen-the-platform-for-the-future?id=787D9F8369CBBE33""], ""issues"": [""wrong_company_source_replaced""]}",specified,"Correct company release cites weaker advertising/partner revenue, lower costs and organizational simplification. Previous source concerned Toast.",2,"{""status"": ""not_identified"", ""functions"": [], ""details"": [], ""units"": [], ""levels"": [], ""review"": {""date"": ""2026-09-17"", ""method"": ""manual_review_of_retrieved_sources_and_existing_evidence"", ""note"": ""No explicit affected occupation identified in the material reviewed. This does not mean none were affected or that no other source can identify them."", ""sources"": [""https://uk.investing.com/news/earnings/toast-shares-tumble-6-as-q1-earnings-fall-short-of-analyst-expectations-93CH-4660610"", ""https://corporate.truecaller.com/newsroom/press-release/user-and-premium-growth-continue%2C-while-we-strengthen-the-platform-for-the-future?id=787D9F8369CBBE33""]}}",,,,,,
layoff-2026-137,Upwork,2026-05-07,151,0.24,Other,Post-IPO,United States,"[""SF Bay Area""]",168,https://www.upwork.com/press/releases/upwork-ceo-hayden-brown-shared-the-following-message-with-employees-on-may-7-2026,,announcement,announced_reduction,"[""cost_cutting"", ""organizational_consolidation"", ""ai_productivity""]","{""cost_cutting"": {""summary"": ""Upwork cut ~24% of workforce. CEO Hayden Brown's memo: 'Two pizza teams are dead. AI means smaller, differently resourced teams in product and engineering can make a bigger impact than ever.' Also: 'Fewer layers means faster decisions. Flatter is better.' Cited slower near-term growth in Q1 and profitability goals."", ""attribution"": ""press_reported"", ""scope"": ""event"", ""source_url"": ""https://www.upwork.com/press/releases/upwork-ceo-hayden-brown-shared-the-following-message-with-employees-on-may-7-2026"", ""specificity"": ""concrete""}, ""organizational_consolidation"": {""summary"": ""The CEO memo explicitly calls for fewer layers and a flatter organization."", ""attribution"": ""press_reported"", ""scope"": ""event"", ""source_url"": ""https://www.upwork.com/press/releases/upwork-ceo-hayden-brown-shared-the-following-message-with-employees-on-may-7-2026"", ""specificity"": ""concrete""}, ""ai_productivity"": {""summary"": ""The CEO says AI enables smaller, differently resourced product and engineering teams to deliver greater impact, in the memo announcing the reduction."", ""attribution"": ""company_stated"", ""scope"": ""event"", ""source_url"": ""https://www.upwork.com/press/releases/upwork-ceo-hayden-brown-shared-the-following-message-with-employees-on-may-7-2026"", ""specificity"": ""concrete""}}",[],[],"{""date"": ""2026-09-16"", ""status"": ""source_reviewed"", ""note"": ""CEO links profitability and fewer layers with AI-enabled smaller product teams."", ""sources"": [""https://www.upwork.com/press/releases/upwork-ceo-hayden-brown-shared-the-following-message-with-employees-on-may-7-2026""], ""issues"": []}",specified,CEO links profitability and fewer layers with AI-enabled smaller product teams.,2,"{""status"": ""not_identified"", ""functions"": [], ""details"": [], ""units"": [], ""levels"": [], ""review"": {""date"": ""2026-09-17"", ""method"": ""manual_review_of_retrieved_sources_and_existing_evidence"", ""note"": ""No explicit affected occupation identified in the material reviewed. This does not mean none were affected or that no other source can identify them."", ""sources"": [""https://www.upwork.com/press/releases/upwork-ceo-hayden-brown-shared-the-following-message-with-employees-on-may-7-2026""]}}",,,,,,
layoff-2026-138,Staffbase,2026-05-08,176,0.22,Other,Series E,Germany,"[""Chemnitz"", ""Non-U.S.""]",306,https://www.msn.com/de-de/finanzen/top-stories/harter-einschnitt-bei-sachsens-einhorn-staffbase-streicht-jede-f%C3%BCnfte-stelle/ar-AA22HHQv,,announcement,announced_reduction,[],{},[],[],"{""date"": ""2026-09-16"", ""status"": ""partial"", ""note"": ""Previously used alternate source describes 2023, not 2026. Current count appears in trackers; current causal explanation remains unverified."", ""sources"": [""https://www.msn.com/de-de/finanzen/top-stories/harter-einschnitt-bei-sachsens-einhorn-staffbase-streicht-jede-f%C3%BCnfte-stelle/ar-AA22HHQv""], ""issues"": [""wrong_year_source"", ""causal_evidence_unverified""]}",unresolved,"Previously used alternate source describes 2023, not 2026. Current count appears in trackers; current causal explanation remains unverified.",2,"{""status"": ""not_identified"", ""functions"": [], ""details"": [], ""units"": [], ""levels"": [], ""review"": {""date"": ""2026-09-17"", ""method"": ""manual_review_of_retrieved_sources_and_existing_evidence"", ""note"": ""No explicit affected occupation identified in the material reviewed. This does not mean none were affected or that no other source can identify them."", ""sources"": [""https://www.msn.com/de-de/finanzen/top-stories/harter-einschnitt-bei-sachsens-einhorn-staffbase-streicht-jede-f%C3%BCnfte-stelle/ar-AA22HHQv""]}}",,,,,,
layoff-2026-139,Parker,2026-05-09,,1,Finance,Series B,United States,"[""New York City""]",57,https://techcrunch.com/2026/05/09/fintech-startup-parker-files-for-bankruptcy/,,announcement,announced_reduction,"[""shutdown"", ""financial_distress""]","{""shutdown"": {""summary"": ""Bankruptcy and closure support financial distress and shutdown."", ""attribution"": ""company_stated"", ""scope"": ""event"", ""source_url"": ""https://techcrunch.com/2026/05/09/fintech-startup-parker-files-for-bankruptcy/"", ""specificity"": ""concrete""}, ""financial_distress"": {""summary"": ""Bankruptcy and closure support financial distress and shutdown."", ""attribution"": ""company_stated"", ""scope"": ""event"", ""source_url"": ""https://techcrunch.com/2026/05/09/fintech-startup-parker-files-for-bankruptcy/"", ""specificity"": ""concrete""}}",[],[],"{""date"": ""2026-09-16"", ""status"": ""source_reviewed"", ""note"": ""Bankruptcy and closure support financial distress and shutdown."", ""sources"": [""https://techcrunch.com/2026/05/09/fintech-startup-parker-files-for-bankruptcy/""], ""issues"": []}",specified,Bankruptcy and closure support financial distress and shutdown.,2,"{""status"": ""not_identified"", ""functions"": [], ""details"": [], ""units"": [], ""levels"": [], ""review"": {""date"": ""2026-09-17"", ""method"": ""manual_review_of_retrieved_sources_and_existing_evidence"", ""note"": ""No explicit affected occupation identified in the material reviewed. This does not mean none were affected or that no other source can identify them."", ""sources"": [""https://techcrunch.com/2026/05/09/fintech-startup-parker-files-for-bankruptcy/""]}}",,,,,,
layoff-2026-140,Adda247,2026-05-10,200,0.2,Education,Series B,India,"[""Gurugram"", ""Non-U.S.""]",61,https://www.whalesbook.com/news/English/tech/Adda247-Cuts-Staff-Ahead-of-IPO-Signals-Profitability-Push/6a00cbb0707d23e84421af77,https://www.business-standard.com/companies/start-ups/adda247-lays-off-over-20-employees-amid-restructuring-and-ipo-plans-126051000564_1.html,announcement,announced_reduction,"[""cost_cutting"", ""unit_closure""]","{""cost_cutting"": {""summary"": ""Employee accounts describe cost reduction and shuttered exam verticals; company explanation remains general. IPO timing is context."", ""attribution"": ""worker_reported"", ""scope"": ""event"", ""source_url"": ""https://www.business-standard.com/companies/start-ups/adda247-lays-off-over-20-employees-amid-restructuring-and-ipo-plans-126051000564_1.html"", ""specificity"": ""concrete""}, ""unit_closure"": {""summary"": ""Employee accounts describe cost reduction and shuttered exam verticals; company explanation remains general. IPO timing is context."", ""attribution"": ""worker_reported"", ""scope"": ""event"", ""source_url"": ""https://www.business-standard.com/companies/start-ups/adda247-lays-off-over-20-employees-amid-restructuring-and-ipo-plans-126051000564_1.html"", ""specificity"": ""concrete""}}","[{""kind"": ""ipo_context"", ""summary"": ""IPO timing does not establish IPO preparation as the cause."", ""source_url"": ""https://www.business-standard.com/companies/start-ups/adda247-lays-off-over-20-employees-amid-restructuring-and-ipo-plans-126051000564_1.html""}]",[],"{""date"": ""2026-09-16"", ""status"": ""source_reviewed"", ""note"": ""Employee accounts describe cost reduction and shuttered exam verticals; company explanation remains general. IPO timing is context."", ""sources"": [""https://www.whalesbook.com/news/English/tech/Adda247-Cuts-Staff-Ahead-of-IPO-Signals-Profitability-Push/6a00cbb0707d23e84421af77"", ""https://www.business-standard.com/companies/start-ups/adda247-lays-off-over-20-employees-amid-restructuring-and-ipo-plans-126051000564_1.html""], ""issues"": []}",specified,Employee accounts describe cost reduction and shuttered exam verticals; company explanation remains general. IPO timing is context.,2,"{""status"": ""identified"", ""functions"": [""product_design"", ""content"", ""operations""], ""details"": [{""functions"": [""product_design"", ""content"", ""operations""], ""summary"": ""Sources identify product, design, content, teaching and business operations; CUET/UPSC/judiciary are program areas."", ""attribution"": ""worker_reported"", ""source_url"": ""https://www.business-standard.com/companies/start-ups/adda247-lays-off-over-20-employees-amid-restructuring-and-ipo-plans-126051000564_1.html"", ""evidence_access"": ""full""}], ""units"": [], ""levels"": [], ""review"": {""date"": ""2026-09-17"", ""method"": ""manual_review_of_retrieved_sources_and_existing_evidence"", ""note"": ""Functions explicitly identified for this event; the list is not necessarily exhaustive."", ""sources"": [""https://www.whalesbook.com/news/English/tech/Adda247-Cuts-Staff-Ahead-of-IPO-Signals-Profitability-Push/6a00cbb0707d23e84421af77"", ""https://www.business-standard.com/companies/start-ups/adda247-lays-off-over-20-employees-amid-restructuring-and-ipo-plans-126051000564_1.html""]}}",,,,,,
layoff-2026-141,MRI Software,2026-05-11,200,,Real Estate,Acquired,United States,"[""Cleveland""]",16,https://propmodo.com/private-equity-backed-proptech-firm-cuts-200-jobs-cites-ai-adoption/,,announcement,announced_reduction,"[""ai_transition""]","{""ai_transition"": {""summary"": ""Company attributes cuts broadly to increased AI adoption across products and operations, without detailing which work changes."", ""attribution"": ""company_stated"", ""scope"": ""event"", ""source_url"": ""https://propmodo.com/private-equity-backed-proptech-firm-cuts-200-jobs-cites-ai-adoption/"", ""specificity"": ""generic"", ""evidence_access"": ""full""}}",[],[],"{""date"": ""2026-09-16"", ""status"": ""source_reviewed"", ""note"": ""Company describes AI adoption and scale without identifying displaced tasks or a concrete workforce mechanism. Explanation review: attributed reasons are recorded below with explicit specificity."", ""sources"": [""https://propmodo.com/private-equity-backed-proptech-firm-cuts-200-jobs-cites-ai-adoption/""], ""issues"": []}",generic,"Generic attributed reason: Company attributes cuts broadly to increased AI adoption across products and operations, without detailing which work changes.",2,"{""status"": ""not_identified"", ""functions"": [], ""details"": [], ""units"": [], ""levels"": [], ""review"": {""date"": ""2026-09-17"", ""method"": ""manual_review_of_retrieved_sources_and_existing_evidence"", ""note"": ""No explicit affected occupation identified in the material reviewed. This does not mean none were affected or that no other source can identify them."", ""sources"": [""https://propmodo.com/private-equity-backed-proptech-firm-cuts-200-jobs-cites-ai-adoption/""]}}",,"{""date"": ""2026-09-17"", ""outcome"": ""generic"", ""note"": ""Event-specific attributed explanation retained at its stated level of detail. Generic language does not establish a concrete operating mechanism or verified causal effect.""}","{""review_date"": ""2026-09-17"", ""outcome"": ""investigation_limited"", ""note_es"": ""Se conserva la declaración reproducida por Propmodo. No se pudo acceder al artículo original de Crain’s Cleveland; la afirmación de mayor escalabilidad no identifica tareas ni una relación medida entre producción y plantilla."", ""open_question_es"": ""¿Qué tareas cambian con IA y cómo modifica eso la necesidad de personal en esta ronda?"", ""sources"": [""https://propmodo.com/private-equity-backed-proptech-firm-cuts-200-jobs-cites-ai-adoption/""], ""search_scope"": ""Individual reread of event sources and search by company, announcement date and stated rationale; targeted primary-document checks where a relevant lead was found.""}",,,
layoff-2026-142,MessageBird,2026-05-11,,0.2,Other,Series C,Netherlands,"[""Amsterdam"", ""Non-U.S.""]",1100,https://www.linkedin.com/posts/robertvis_this-is-a-note-i-sent-earlier-today-to-all-share-7459557337901645826-VIus/,,announcement,announced_reduction,"[""work_relocation"", ""ai_substitution""]","{""work_relocation"": {""summary"": ""CEO identifies relocation of work as a separate reason."", ""attribution"": ""company_stated"", ""scope"": ""event"", ""source_url"": ""https://www.linkedin.com/posts/robertvis_this-is-a-note-i-sent-earlier-today-to-all-share-7459557337901645826-VIus/"", ""specificity"": ""concrete""}, ""ai_substitution"": {""summary"": ""CEO says AI removes work that previously needed dedicated headcount."", ""attribution"": ""company_stated"", ""scope"": ""event"", ""source_url"": ""https://www.linkedin.com/posts/robertvis_this-is-a-note-i-sent-earlier-today-to-all-share-7459557337901645826-VIus/"", ""specificity"": ""concrete""}}",[],[],"{""date"": ""2026-09-16"", ""status"": ""source_reviewed"", ""note"": ""CEO explicitly gives relocation and AI eliminating work requiring dedicated headcount as two reasons."", ""sources"": [""https://www.linkedin.com/posts/robertvis_this-is-a-note-i-sent-earlier-today-to-all-share-7459557337901645826-VIus/""], ""issues"": []}",specified,CEO explicitly gives relocation and AI eliminating work requiring dedicated headcount as two reasons.,2,"{""status"": ""not_identified"", ""functions"": [], ""details"": [], ""units"": [], ""levels"": [], ""review"": {""date"": ""2026-09-17"", ""method"": ""manual_review_of_retrieved_sources_and_existing_evidence"", ""note"": ""No explicit affected occupation identified in the material reviewed. This does not mean none were affected or that no other source can identify them."", ""sources"": [""https://www.linkedin.com/posts/robertvis_this-is-a-note-i-sent-earlier-today-to-all-share-7459557337901645826-VIus/""]}}",,,,,,
layoff-2026-143,One Identity,2026-05-11,41,,Security,Unknown,Germany,"[""Dresden"", ""Non-U.S.""]",,https://www.heise.de/news/Verlagerung-ins-Ausland-One-Identity-schliesst-Entwicklung-in-Deutschland-11287793.html,,announcement,announced_reduction,"[""work_relocation""]","{""work_relocation"": {""summary"": ""Accessible headline describes development work moving abroad; full original report unavailable."", ""attribution"": ""press_reported"", ""scope"": ""event"", ""source_url"": ""https://www.heise.de/news/Verlagerung-ins-Ausland-One-Identity-schliesst-Entwicklung-in-Deutschland-11287793.html"", ""specificity"": ""concrete""}}",[],[],"{""date"": ""2026-09-16"", ""status"": ""partial"", ""note"": ""Indexed original report identifies development and support relocation to Budapest. Full page access remains unavailable; retrieved extracts add function detail but do not establish the complete causal account."", ""sources"": [""https://www.heise.de/news/Verlagerung-ins-Ausland-One-Identity-schliesst-Entwicklung-in-Deutschland-11287793.html""], ""issues"": []}",specified,Indexed original report identifies development and support relocation to Budapest. Full page access remains unavailable; retrieved extracts add function detail but do not establish the complete causal account.,2,"{""status"": ""identified"", ""functions"": [""engineering"", ""support""], ""details"": [{""functions"": [""engineering"", ""support""], ""summary"": ""Indexed original report explicitly identifies development and support moving to Budapest."", ""attribution"": ""press_reported"", ""source_url"": ""https://www.heise.de/news/Verlagerung-ins-Ausland-One-Identity-schliesst-Entwicklung-in-Deutschland-11287793.html"", ""evidence_access"": ""partial""}], ""units"": [{""name"": ""Identity Manager"", ""summary"": ""The affected product is Identity Manager."", ""source_url"": ""https://www.heise.de/news/Verlagerung-ins-Ausland-One-Identity-schliesst-Entwicklung-in-Deutschland-11287793.html""}], ""levels"": [], ""review"": {""date"": ""2026-09-17"", ""method"": ""manual_review_of_retrieved_sources_and_existing_evidence"", ""note"": ""Functions explicitly identified for this event; the list is not necessarily exhaustive."", ""sources"": [""https://www.heise.de/news/Verlagerung-ins-Ausland-One-Identity-schliesst-Entwicklung-in-Deutschland-11287793.html""]}}",,,,,,
layoff-2026-144,ZoomInfo,2026-05-11,600,0.2,Sales,Post-IPO,United States,"[""Portland""]",7,https://finance.yahoo.com/news/zoominfo-stock-plunges-company-slashes-133002815.html,https://www.sec.gov/Archives/edgar/data/1794515/000179451526000033/gtm-8kex991x20260505.htm,announcement,announced_reduction,"[""work_relocation"", ""strategic_pivot""]","{""work_relocation"": {""summary"": ""CEO closes the Israeli site and transfers some positions to other countries."", ""attribution"": ""company_stated"", ""scope"": ""event"", ""source_url"": ""https://www.sec.gov/Archives/edgar/data/1794515/000179451526000033/gtm-8kex991x20260505.htm"", ""specificity"": ""concrete""}, ""strategic_pivot"": {""summary"": ""CEO redirects resources from smaller customers toward enterprise customers and customer-facing engineering."", ""attribution"": ""company_stated"", ""scope"": ""event"", ""source_url"": ""https://www.sec.gov/Archives/edgar/data/1794515/000179451526000033/gtm-8kex991x20260505.htm"", ""specificity"": ""concrete""}}",[],[],"{""date"": ""2026-09-16"", ""status"": ""source_reviewed"", ""note"": ""CEO identifies closing a site and moving upmarket. Reinvestment destination is not explicitly AI in the cited letter."", ""sources"": [""https://finance.yahoo.com/news/zoominfo-stock-plunges-company-slashes-133002815.html"", ""https://www.sec.gov/Archives/edgar/data/1794515/000179451526000033/gtm-8kex991x20260505.htm""], ""issues"": []}",specified,CEO identifies closing a site and moving upmarket. Reinvestment destination is not explicitly AI in the cited letter.,2,"{""status"": ""identified"", ""functions"": [""engineering"", ""sales"", ""marketing""], ""details"": [{""functions"": [""engineering"", ""sales"", ""marketing""], ""summary"": ""Reporting identifies R&D and downmarket sales/marketing cuts."", ""attribution"": ""press_reported"", ""source_url"": ""https://www.sec.gov/Archives/edgar/data/1794515/000179451526000033/gtm-8kex991x20260505.htm"", ""evidence_access"": ""full""}], ""units"": [], ""levels"": [], ""review"": {""date"": ""2026-09-17"", ""method"": ""manual_review_of_retrieved_sources_and_existing_evidence"", ""note"": ""Functions explicitly identified for this event; the list is not necessarily exhaustive."", ""sources"": [""https://finance.yahoo.com/news/zoominfo-stock-plunges-company-slashes-133002815.html"", ""https://www.sec.gov/Archives/edgar/data/1794515/000179451526000033/gtm-8kex991x20260505.htm""]}}",,,,,,
layoff-2026-145,Breadfast,2026-05-12,58,,Food,Series C,Egypt,"[""Cairo"", ""Non-U.S.""]",89,https://www.fwdstart.me/p/egyptian-grocery-delivery-startup-breadfast-cuts-58-tech-staff-months-after-50m-raise,https://www.fwdstart.me/p/egyptian-grocery-delivery-startup-breadfast-cuts-58-tech-staff-months-after-50m-raise,announcement,contract_nonrenewals,[],{},[],[],"{""date"": ""2026-09-17"", ""status"": ""source_reviewed"", ""note"": ""Full article recovered. Company confirms 58 fixed-term contracts were not renewed in engineering, product and data. It does not answer the questions about an AI-related motive; the explanation remains nonspecific."", ""sources"": [""https://www.fwdstart.me/p/egyptian-grocery-delivery-startup-breadfast-cuts-58-tech-staff-months-after-50m-raise""], ""issues"": [""fixed_term_contract_nonrenewals""]}",unspecified,"Full article recovered. Company confirms 58 fixed-term contracts were not renewed in engineering, product and data. It does not answer the questions about an AI-related motive; the explanation remains nonspecific.",2,"{""status"": ""identified"", ""functions"": [""engineering"", ""product_design"", ""data""], ""details"": [{""functions"": [""engineering"", ""product_design"", ""data""], ""summary"": ""Company confirms non-renewal of 58 contracts in engineering, product and data."", ""attribution"": ""company_stated"", ""source_url"": ""https://www.fwdstart.me/p/egyptian-grocery-delivery-startup-breadfast-cuts-58-tech-staff-months-after-50m-raise"", ""evidence_access"": ""full""}], ""units"": [], ""levels"": [], ""review"": {""date"": ""2026-09-17"", ""method"": ""manual_review_of_retrieved_sources_and_existing_evidence"", ""note"": ""Functions explicitly identified for this event; the list is not necessarily exhaustive."", ""sources"": [""https://www.fwdstart.me/p/egyptian-grocery-delivery-startup-breadfast-cuts-58-tech-staff-months-after-50m-raise""]}}",,"{""date"": ""2026-09-17"", ""outcome"": ""no_explanation_identified"", ""method"": ""individual_source_reread_and_alternative_source_search"", ""note"": ""Reporting contains a company explanation of contract expiry/nonrenewal, which describes how employment ended rather than why those roles were eliminated. Financing and AI investment remain context.""}",,,,
layoff-2026-146,Cisco,2026-05-13,4000,0.05,Infrastructure,Post-IPO,United States,"[""SF Bay Area""]",2,https://blogs.cisco.com/news/our-path-forward,,announcement,announced_reduction,"[""ai_investment_reallocation""]","{""ai_investment_reallocation"": {""summary"": ""The CEO links the workforce reduction to redirecting investment toward silicon, optics, security and AI opportunities. This is a mixed investment program, not an AI-only allocation."", ""attribution"": ""company_stated"", ""scope"": ""event"", ""source_url"": ""https://blogs.cisco.com/news/our-path-forward"", ""specificity"": ""concrete""}}",[],[],"{""date"": ""2026-09-16"", ""status"": ""source_reviewed"", ""note"": ""Company directly links resource reallocation with investment including AI infrastructure."", ""sources"": [""https://blogs.cisco.com/news/our-path-forward""], ""issues"": []}",specified,Company directly links resource reallocation with investment including AI infrastructure.,2,"{""status"": ""not_identified"", ""functions"": [], ""details"": [], ""units"": [], ""levels"": [], ""review"": {""date"": ""2026-09-17"", ""method"": ""manual_review_of_retrieved_sources_and_existing_evidence"", ""note"": ""No explicit affected occupation identified in the material reviewed. This does not mean none were affected or that no other source can identify them."", ""sources"": [""https://blogs.cisco.com/news/our-path-forward""]}}",,,,,,
layoff-2026-147,Guesty,2026-05-13,20,0.02,Travel,Series F,Israel,"[""Tel Aviv"", ""Non-U.S.""]",411,https://www.geektime.co.il/guesty-lays-off-20-employees-in-israel/,,announcement,announced_reduction,"[""ai_transition""]","{""ai_transition"": {""summary"": ""Company attributes role adjustments to preparing for the AI era, without specifying an operating mechanism."", ""attribution"": ""company_stated"", ""scope"": ""event"", ""source_url"": ""https://www.geektime.co.il/guesty-lays-off-20-employees-in-israel/"", ""specificity"": ""generic"", ""evidence_access"": ""full""}}",[],[],"{""date"": ""2026-09-16"", ""status"": ""source_reviewed"", ""note"": ""Company invokes the AI era and future products without specifying how these roles became unnecessary. Explanation review: attributed reasons are recorded below with explicit specificity."", ""sources"": [""https://www.geektime.co.il/guesty-lays-off-20-employees-in-israel/""], ""issues"": []}",generic,"Generic attributed reason: Company attributes role adjustments to preparing for the AI era, without specifying an operating mechanism.",2,"{""status"": ""not_identified"", ""functions"": [], ""details"": [], ""units"": [], ""levels"": [], ""review"": {""date"": ""2026-09-17"", ""method"": ""manual_review_of_retrieved_sources_and_existing_evidence"", ""note"": ""No explicit affected occupation identified in the material reviewed. This does not mean none were affected or that no other source can identify them."", ""sources"": [""https://www.geektime.co.il/guesty-lays-off-20-employees-in-israel/""]}}",,"{""date"": ""2026-09-17"", ""outcome"": ""generic"", ""note"": ""Event-specific attributed explanation retained at its stated level of detail. Generic language does not establish a concrete operating mechanism or verified causal effect.""}","{""review_date"": ""2026-09-17"", ""outcome"": ""published_reason_remains_general"", ""note_es"": ""La declaración original en hebreo confirma preparación para la era de IA y rehúsa detallar puestos específicos. La automatización ofrecida a clientes por el producto no demuestra automatización del trabajo interno."", ""open_question_es"": ""¿Qué tareas cambian con IA y cómo modifica eso la necesidad de personal en esta ronda?"", ""sources"": [""https://www.geektime.co.il/guesty-lays-off-20-employees-in-israel/""], ""search_scope"": ""Individual reread of event sources and search by company, announcement date and stated rationale; targeted primary-document checks where a relevant lead was found.""}",,,
layoff-2026-148,Jumia,2026-05-13,200,,Retail,Post-IPO,Nigeria,"[""Lagos"", ""Non-U.S.""]",1200,https://thekenyatimes.com/latest-kenya-times-news/jumia-announces-job-cuts-as-company-expands-ai-use/,,announcement,announced_reduction,"[""cost_cutting"", ""ai_productivity""]","{""cost_cutting"": {""summary"": ""Reducing headcount and process automation through expansion of AI tools to improve operational efficiency and cut costs."", ""attribution"": ""press_reported"", ""scope"": ""event"", ""source_url"": ""https://thekenyatimes.com/latest-kenya-times-news/jumia-announces-job-cuts-as-company-expands-ai-use/"", ""specificity"": ""concrete""}, ""ai_productivity"": {""summary"": ""The company links planned headcount reductions to process automation through expanded use of AI tools."", ""attribution"": ""company_stated"", ""scope"": ""event"", ""source_url"": ""https://thekenyatimes.com/latest-kenya-times-news/jumia-announces-job-cuts-as-company-expands-ai-use/"", ""specificity"": ""concrete""}}",[],[],"{""date"": ""2026-09-16"", ""status"": ""source_reviewed"", ""note"": ""Company reporting links AI process automation to reduced staffing and costs."", ""sources"": [""https://thekenyatimes.com/latest-kenya-times-news/jumia-announces-job-cuts-as-company-expands-ai-use/""], ""issues"": []}",specified,Company reporting links AI process automation to reduced staffing and costs.,2,"{""status"": ""not_identified"", ""functions"": [], ""details"": [], ""units"": [], ""levels"": [], ""review"": {""date"": ""2026-09-17"", ""method"": ""manual_review_of_retrieved_sources_and_existing_evidence"", ""note"": ""No explicit affected occupation identified in the material reviewed. This does not mean none were affected or that no other source can identify them."", ""sources"": [""https://thekenyatimes.com/latest-kenya-times-news/jumia-announces-job-cuts-as-company-expands-ai-use/""]}}",,,,,,
layoff-2026-149,LinkedIn,2026-05-13,875,0.05,Recruiting,Acquired,United States,"[""SF Bay Area""]",154,https://www.reuters.com/business/world-at-work/linkedin-is-planning-lay-off-5-staff-latest-tech-sector-cuts-source-says-2026-05-13/,https://www.hcamag.com/us/news/general/linkedin-cuts-5-of-staff-despite-record-revenue-reuters-reports/575160,announcement,announced_reduction,"[""organizational_realignment""]","{""organizational_realignment"": {""summary"": ""Company describes regular business planning intended to position it for future success."", ""attribution"": ""company_stated"", ""scope"": ""event"", ""source_url"": ""https://www.hcamag.com/us/news/general/linkedin-cuts-5-of-staff-despite-record-revenue-reuters-reports/575160"", ""specificity"": ""generic"", ""evidence_access"": ""full""}}",[],"[{""target"": ""replacement"", ""speaker"": ""anonymous_source"", ""summary"": ""An anonymous source rejects AI automation as the cause; this is not an official denial."", ""source_url"": ""https://www.hcamag.com/us/news/general/linkedin-cuts-5-of-staff-despite-record-revenue-reuters-reports/575160""}]","{""date"": ""2026-09-16"", ""status"": ""source_reviewed"", ""note"": ""Company explanation is general. AI-automation denial is attributed to an anonymous source, not a company spokesperson. Explanation review: attributed reasons are recorded below with explicit specificity."", ""sources"": [""https://www.reuters.com/business/world-at-work/linkedin-is-planning-lay-off-5-staff-latest-tech-sector-cuts-source-says-2026-05-13/"", ""https://www.hcamag.com/us/news/general/linkedin-cuts-5-of-staff-despite-record-revenue-reuters-reports/575160""], ""issues"": [""denial_not_company_statement""]}",generic,Generic attributed reason: Company describes regular business planning intended to position it for future success.,2,"{""status"": ""identified"", ""functions"": [""engineering"", ""product_design"", ""marketing""], ""details"": [{""functions"": [""engineering"", ""product_design"", ""marketing""], ""summary"": ""Report relays Reuters identification of engineering, product and marketing staff."", ""attribution"": ""press_reported"", ""source_url"": ""https://www.hcamag.com/us/news/general/linkedin-cuts-5-of-staff-despite-record-revenue-reuters-reports/575160"", ""evidence_access"": ""full""}], ""units"": [], ""levels"": [], ""review"": {""date"": ""2026-09-17"", ""method"": ""manual_review_of_retrieved_sources_and_existing_evidence"", ""note"": ""Functions explicitly identified for this event; the list is not necessarily exhaustive."", ""sources"": [""https://www.reuters.com/business/world-at-work/linkedin-is-planning-lay-off-5-staff-latest-tech-sector-cuts-source-says-2026-05-13/"", ""https://www.hcamag.com/us/news/general/linkedin-cuts-5-of-staff-despite-record-revenue-reuters-reports/575160""]}}",,"{""date"": ""2026-09-17"", ""outcome"": ""generic"", ""note"": ""Event-specific attributed explanation retained at its stated level of detail. Generic language does not establish a concrete operating mechanism or verified causal effect.""}","{""review_date"": ""2026-09-17"", ""outcome"": ""published_reason_remains_general"", ""note_es"": ""La empresa habla de planificación regular; una fuente anónima menciona trasladar personal hacia áreas de crecimiento sin precisar cuáles. Se conserva por separado la negación anónima del reemplazo por IA."", ""open_question_es"": ""¿Qué proceso, actividad o criterio conecta la explicación publicada con estos puestos concretos?"", ""sources"": [""https://www.reuters.com/business/world-at-work/linkedin-is-planning-lay-off-5-staff-latest-tech-sector-cuts-source-says-2026-05-13/"", ""https://www.hcamag.com/us/news/general/linkedin-cuts-5-of-staff-despite-record-revenue-reuters-reports/575160""], ""search_scope"": ""Individual reread of event sources and search by company, announcement date and stated rationale; targeted primary-document checks where a relevant lead was found.""}",,,
layoff-2026-150,Dune,2026-05-14,35,0.25,Crypto,Series B,Norway,"[""Oslo"", ""Non-U.S.""]",79,https://x.com/hagaetc/status/2054937771811192837?s=20,https://www.theblock.co/news/business/2026-05-14-crypto-data-firm-dune-cuts-25-of-staff-citing-ai-efficiencies-401322,announcement,announced_reduction,"[""strategic_pivot""]","{""strategic_pivot"": {""summary"": ""CEO describes refocusing on core data products and institutional customers; AI tooling is product strategy, not proven internal job replacement."", ""attribution"": ""company_stated"", ""scope"": ""event"", ""source_url"": ""https://www.theblock.co/news/business/2026-05-14-crypto-data-firm-dune-cuts-25-of-staff-citing-ai-efficiencies-401322"", ""specificity"": ""concrete""}}","[{""kind"": ""ai_product_strategy"", ""summary"": ""AI-enabled customer tooling is part of the product strategy."", ""source_url"": ""https://www.theblock.co/news/business/2026-05-14-crypto-data-firm-dune-cuts-25-of-staff-citing-ai-efficiencies-401322""}]",[],"{""date"": ""2026-09-16"", ""status"": ""source_reviewed"", ""note"": ""CEO describes refocusing on core data products and institutional customers; AI tooling is product strategy, not proven internal job replacement."", ""sources"": [""https://x.com/hagaetc/status/2054937771811192837?s=20"", ""https://www.theblock.co/news/business/2026-05-14-crypto-data-firm-dune-cuts-25-of-staff-citing-ai-efficiencies-401322""], ""issues"": []}",specified,"CEO describes refocusing on core data products and institutional customers; AI tooling is product strategy, not proven internal job replacement.",2,"{""status"": ""not_identified"", ""functions"": [], ""details"": [], ""units"": [], ""levels"": [], ""review"": {""date"": ""2026-09-17"", ""method"": ""manual_review_of_retrieved_sources_and_existing_evidence"", ""note"": ""No explicit affected occupation identified in the material reviewed. This does not mean none were affected or that no other source can identify them."", ""sources"": [""https://x.com/hagaetc/status/2054937771811192837?s=20"", ""https://www.theblock.co/news/business/2026-05-14-crypto-data-firm-dune-cuts-25-of-staff-citing-ai-efficiencies-401322""]}}",,,,,,
layoff-2026-151,Gambling.com Group,2026-05-14,,,Other,Post-IPO,Ireland,"[""Dublin"", ""Non-U.S.""]",276,https://finance.yahoo.com/markets/stocks/articles/gambling-com-group-reports-first-200500152.html,https://www.sec.gov/Archives/edgar/data/1839799/000183979926000099/gamb-q12026xpressrelease.htm,announcement,announced_reduction,"[""cost_cutting"", ""ai_work_redesign""]","{""cost_cutting"": {""summary"": ""Company expects $13 million annual savings from the proposed restructuring."", ""attribution"": ""company_stated"", ""scope"": ""event"", ""source_url"": ""https://www.sec.gov/Archives/edgar/data/1839799/000183979926000099/gamb-q12026xpressrelease.htm"", ""specificity"": ""concrete""}, ""ai_work_redesign"": {""summary"": ""Company makes AI foundational to team structures and processes, enabling smaller teams."", ""attribution"": ""company_stated"", ""scope"": ""event"", ""source_url"": ""https://www.sec.gov/Archives/edgar/data/1839799/000183979926000099/gamb-q12026xpressrelease.htm"", ""specificity"": ""concrete""}}",[],[],"{""date"": ""2026-09-16"", ""status"": ""source_reviewed"", ""note"": ""Filing explicitly connects AI-based team/workflow redesign with smaller teams and savings."", ""sources"": [""https://finance.yahoo.com/markets/stocks/articles/gambling-com-group-reports-first-200500152.html"", ""https://www.sec.gov/Archives/edgar/data/1839799/000183979926000099/gamb-q12026xpressrelease.htm""], ""issues"": []}",specified,Filing explicitly connects AI-based team/workflow redesign with smaller teams and savings.,2,"{""status"": ""not_identified"", ""functions"": [], ""details"": [], ""units"": [], ""levels"": [], ""review"": {""date"": ""2026-09-17"", ""method"": ""manual_review_of_retrieved_sources_and_existing_evidence"", ""note"": ""No explicit affected occupation identified in the material reviewed. This does not mean none were affected or that no other source can identify them."", ""sources"": [""https://finance.yahoo.com/markets/stocks/articles/gambling-com-group-reports-first-200500152.html"", ""https://www.sec.gov/Archives/edgar/data/1839799/000183979926000099/gamb-q12026xpressrelease.htm""]}}",,,,,,
layoff-2026-152,Innovaccer,2026-05-14,340,,Healthcare,Series E,United States,"[""SF Bay Area""]",379,https://inc42.com/buzz/exclusive-healthtech-unicorn-innovaccer-lays-off-340-employees-in-another-restructuring-round/,https://inc42.com/buzz/exclusive-healthtech-unicorn-innovaccer-lays-off-340-employees-in-another-restructuring-round/,announcement,announced_reduction,"[""ai_transition"", ""strategic_priorities""]","{""ai_transition"": {""summary"": ""CEO describes a transition to an AI-native company in the internal communication about the cuts."", ""attribution"": ""company_stated"", ""scope"": ""event"", ""source_url"": ""https://inc42.com/buzz/exclusive-healthtech-unicorn-innovaccer-lays-off-340-employees-in-another-restructuring-round/"", ""specificity"": ""generic"", ""evidence_access"": ""full""}, ""strategic_priorities"": {""summary"": ""Company says it is aligning its team with current business priorities."", ""attribution"": ""company_stated"", ""scope"": ""event"", ""source_url"": ""https://inc42.com/buzz/exclusive-healthtech-unicorn-innovaccer-lays-off-340-employees-in-another-restructuring-round/"", ""specificity"": ""generic"", ""evidence_access"": ""full""}}",[],[],"{""date"": ""2026-09-17"", ""status"": ""source_reviewed"", ""note"": ""Full original report recovered. CEO describes an AI-native transition, but neither the statement nor reporting identifies what work is automated or how AI requires these particular cuts. Explanation review: attributed reasons are recorded below with explicit specificity."", ""sources"": [""https://inc42.com/buzz/exclusive-healthtech-unicorn-innovaccer-lays-off-340-employees-in-another-restructuring-round/""], ""issues"": []}",generic,Generic attributed reason: CEO describes a transition to an AI-native company in the internal communication about the cuts. Generic attributed reason: Company says it is aligning its team with current business priorities.,2,"{""status"": ""not_identified"", ""functions"": [], ""details"": [], ""units"": [], ""levels"": [], ""review"": {""date"": ""2026-09-17"", ""method"": ""manual_review_of_retrieved_sources_and_existing_evidence"", ""note"": ""No explicit affected occupation identified in the material reviewed. This does not mean none were affected or that no other source can identify them."", ""sources"": [""https://inc42.com/buzz/exclusive-healthtech-unicorn-innovaccer-lays-off-340-employees-in-another-restructuring-round/""]}}",,"{""date"": ""2026-09-17"", ""outcome"": ""generic"", ""note"": ""Event-specific attributed explanation retained at its stated level of detail. Generic language does not establish a concrete operating mechanism or verified causal effect.""}","{""review_date"": ""2026-09-17"", ""outcome"": ""published_reason_remains_general"", ""note_es"": ""El correo reproducido y la declaración confirman una transición AI-native. Los artículos que describen grandes equipos manuales sustituidos no aportan una base primaria recuperada para ese detalle; no se adopta como mecanismo."", ""open_question_es"": ""¿Qué tareas cambian con IA y cómo modifica eso la necesidad de personal en esta ronda?"", ""sources"": [""https://inc42.com/buzz/exclusive-healthtech-unicorn-innovaccer-lays-off-340-employees-in-another-restructuring-round/"", ""https://www.moneycontrol.com/news/trends/some-of-our-colleagues-indian-origin-ceo-announces-fresh-layoffs-at-3-45-billion-startup-13921433.html""], ""search_scope"": ""Individual reread of event sources and search by company, announcement date and stated rationale; targeted primary-document checks where a relevant lead was found.""}",,,
layoff-2026-153,Kraken,2026-05-15,150,,Crypto,Unknown,United States,"[""SF Bay Area""]",134,https://www.bloomberg.com/news/articles/2026-05-15/kraken-cuts-150-workers-after-deploying-ai-ipo-may-slip-to-2027,https://unchainedcrypto.com/kraken-cuts-150-workers-after-deploying-ai-as-ipo-timeline-may-slip-to-2027/,announcement,announced_reduction,"[""ai_productivity"", ""ipo_prep""]","{""ai_productivity"": {""summary"": ""Anonymous reporting attributes part of the optimization to AI efficiency."", ""attribution"": ""press_reported"", ""scope"": ""event"", ""source_url"": ""https://unchainedcrypto.com/kraken-cuts-150-workers-after-deploying-ai-as-ipo-timeline-may-slip-to-2027/"", ""specificity"": ""concrete""}, ""ipo_prep"": {""summary"": ""Anonymous reporting describes the optimization as preparation for listing."", ""attribution"": ""press_reported"", ""scope"": ""event"", ""source_url"": ""https://unchainedcrypto.com/kraken-cuts-150-workers-after-deploying-ai-as-ipo-timeline-may-slip-to-2027/"", ""specificity"": ""concrete""}}",[],[],"{""date"": ""2026-09-16"", ""status"": ""source_reviewed"", ""note"": ""Anonymous reporting links AI efficiency and optimization before listing; no official company explanation. Specific job substitution is unverified."", ""sources"": [""https://www.bloomberg.com/news/articles/2026-05-15/kraken-cuts-150-workers-after-deploying-ai-ipo-may-slip-to-2027"", ""https://unchainedcrypto.com/kraken-cuts-150-workers-after-deploying-ai-as-ipo-timeline-may-slip-to-2027/""], ""issues"": []}",specified,Anonymous reporting links AI efficiency and optimization before listing; no official company explanation. Specific job substitution is unverified.,2,"{""status"": ""not_identified"", ""functions"": [], ""details"": [], ""units"": [], ""levels"": [], ""review"": {""date"": ""2026-09-17"", ""method"": ""manual_review_of_retrieved_sources_and_existing_evidence"", ""note"": ""No explicit affected occupation identified in the material reviewed. This does not mean none were affected or that no other source can identify them."", ""sources"": [""https://www.bloomberg.com/news/articles/2026-05-15/kraken-cuts-150-workers-after-deploying-ai-ipo-may-slip-to-2027"", ""https://unchainedcrypto.com/kraken-cuts-150-workers-after-deploying-ai-as-ipo-timeline-may-slip-to-2027/""]}}",,,,,,
layoff-2026-154,AI21 Labs,2026-05-18,110,0.61,AI,Series D,Israel,"[""Tel Aviv"", ""Non-U.S.""]",626,https://en.globes.co.il/en/article-shashuas-ai21-labs-laying-off-60-of-employees-1001543241,https://www.calcalistech.com/ctechnews/article/rjwumhukfx,announcement,announced_reduction,"[""strategic_pivot"", ""ai_market_disruption""]","{""strategic_pivot"": {""summary"": ""Company moves from standalone language models toward agent optimization."", ""attribution"": ""company_stated"", ""scope"": ""event"", ""source_url"": ""https://www.calcalistech.com/ctechnews/article/rjwumhukfx"", ""specificity"": ""concrete""}, ""ai_market_disruption"": {""summary"": ""Company describes changes in model economics undermining its earlier strategy."", ""attribution"": ""company_stated"", ""scope"": ""event"", ""source_url"": ""https://www.calcalistech.com/ctechnews/article/rjwumhukfx"", ""specificity"": ""concrete""}}",[],[],"{""date"": ""2026-09-16"", ""status"": ""source_reviewed"", ""note"": ""Company describes standalone-model economics changing and a move toward agent optimization."", ""sources"": [""https://en.globes.co.il/en/article-shashuas-ai21-labs-laying-off-60-of-employees-1001543241"", ""https://www.calcalistech.com/ctechnews/article/rjwumhukfx""], ""issues"": []}",specified,Company describes standalone-model economics changing and a move toward agent optimization.,2,"{""status"": ""not_identified"", ""functions"": [], ""details"": [], ""units"": [], ""levels"": [], ""review"": {""date"": ""2026-09-17"", ""method"": ""manual_review_of_retrieved_sources_and_existing_evidence"", ""note"": ""No explicit affected occupation identified in the material reviewed. This does not mean none were affected or that no other source can identify them."", ""sources"": [""https://en.globes.co.il/en/article-shashuas-ai21-labs-laying-off-60-of-employees-1001543241"", ""https://www.calcalistech.com/ctechnews/article/rjwumhukfx""]}}",,,,,,
layoff-2026-155,Intuit,2026-05-20,3000,0.17,Finance,Post-IPO,United States,"[""SF Bay Area""]",18,https://www.reuters.com/business/world-at-work/intuit-cut-17-global-jobs-streamline-operations-memo-shows-2026-05-20/,https://www.indiatoday.in/jobs/story/software-maker-intuit-to-cut-3000-jobs-ceo-says-layoff-has-nothing-to-do-with-ai-tchc-2914758-2026-05-21,announcement,announced_reduction,"[""organizational_consolidation""]","{""organizational_consolidation"": {""summary"": ""Company simplifies management and consolidates teams."", ""attribution"": ""company_stated"", ""scope"": ""event"", ""source_url"": ""https://www.indiatoday.in/jobs/story/software-maker-intuit-to-cut-3000-jobs-ceo-says-layoff-has-nothing-to-do-with-ai-tchc-2914758-2026-05-21"", ""specificity"": ""concrete""}}",[],"[{""target"": ""all_ai"", ""speaker"": ""company"", ""summary"": ""CEO denies an AI cause."", ""source_url"": ""https://www.indiatoday.in/jobs/story/software-maker-intuit-to-cut-3000-jobs-ceo-says-layoff-has-nothing-to-do-with-ai-tchc-2914758-2026-05-21""}]","{""date"": ""2026-09-16"", ""status"": ""source_reviewed"", ""note"": ""Company describes simpler structure and consolidated teams; CEO publicly denies an AI cause."", ""sources"": [""https://www.reuters.com/business/world-at-work/intuit-cut-17-global-jobs-streamline-operations-memo-shows-2026-05-20/"", ""https://www.indiatoday.in/jobs/story/software-maker-intuit-to-cut-3000-jobs-ceo-says-layoff-has-nothing-to-do-with-ai-tchc-2914758-2026-05-21"", ""https://www.aol.com/articles/credit-karma-lays-off-hundreds-153300000.html""], ""issues"": [""includes_credit_karma_notice""]}",specified,Company describes simpler structure and consolidated teams; CEO publicly denies an AI cause.,2,"{""status"": ""not_identified"", ""functions"": [], ""details"": [], ""units"": [], ""levels"": [""leadership""], ""review"": {""date"": ""2026-09-17"", ""method"": ""manual_review_of_retrieved_sources_and_existing_evidence"", ""note"": ""Removal of management layers and coordination-heavy roles does not identify an occupational function."", ""sources"": [""https://www.reuters.com/business/world-at-work/intuit-cut-17-global-jobs-streamline-operations-memo-shows-2026-05-20/"", ""https://www.indiatoday.in/jobs/story/software-maker-intuit-to-cut-3000-jobs-ceo-says-layoff-has-nothing-to-do-with-ai-tchc-2914758-2026-05-21"", ""https://www.aol.com/articles/credit-karma-lays-off-hundreds-153300000.html""]}}",,,,"[{""record_id"": ""layoff-2026-210"", ""relationship"": ""reported_parent_plan"", ""source_url"": ""https://www.aol.com/articles/credit-karma-lays-off-hundreds-153300000.html""}]",,
layoff-2026-156,Meta,2026-05-20,8000,0.1,Consumer,Post-IPO,United States,"[""SF Bay Area""]",26000,https://www.cnbc.com/2026/05/20/meta-layoffs-zuckerberg-says-success-isnt-a-given-in-memo.html,https://fortune.com/2026/05/21/meta-10-percent-workforce-layoffs-ai-tech-success-is-not-a-given-8-thousand-employees-mark-zuckerberg/,announcement,announced_reduction,"[""ai_investment_reallocation""]","{""ai_investment_reallocation"": {""summary"": ""Reported CEO memo connects workforce changes with AI priorities."", ""attribution"": ""press_reported"", ""scope"": ""event"", ""source_url"": ""https://fortune.com/2026/05/21/meta-10-percent-workforce-layoffs-ai-tech-success-is-not-a-given-8-thousand-employees-mark-zuckerberg/"", ""specificity"": ""concrete""}}",[],[],"{""date"": ""2026-09-16"", ""status"": ""source_reviewed"", ""note"": ""Reporting of CEO memo links workforce reductions and redeployment to AI priorities; no individual-job allocation."", ""sources"": [""https://www.cnbc.com/2026/05/20/meta-layoffs-zuckerberg-says-success-isnt-a-given-in-memo.html"", ""https://fortune.com/2026/05/21/meta-10-percent-workforce-layoffs-ai-tech-success-is-not-a-given-8-thousand-employees-mark-zuckerberg/""], ""issues"": []}",specified,Reporting of CEO memo links workforce reductions and redeployment to AI priorities; no individual-job allocation.,2,"{""status"": ""not_identified"", ""functions"": [], ""details"": [], ""units"": [], ""levels"": [], ""review"": {""date"": ""2026-09-17"", ""method"": ""manual_review_of_retrieved_sources_and_existing_evidence"", ""note"": ""No explicit affected occupation identified in the material reviewed. This does not mean none were affected or that no other source can identify them."", ""sources"": [""https://www.cnbc.com/2026/05/20/meta-layoffs-zuckerberg-says-success-isnt-a-given-in-memo.html"", ""https://fortune.com/2026/05/21/meta-10-percent-workforce-layoffs-ai-tech-success-is-not-a-given-8-thousand-employees-mark-zuckerberg/""]}}",,,,,,
layoff-2026-157,ClickUp,2026-05-21,290,0.22,Other,Series C,United States,"[""San Diego""]",537,https://x.com/DJ_CURFEW/status/2057522382315929802?s=20,https://thenextweb.com/news/clickup-layoffs-22-percent-ai-100x-org-million-salary,announcement,announced_reduction,"[""ai_work_redesign""]","{""ai_work_redesign"": {""summary"": ""The CEO describes a restructuring into builders, system managers and frontline roles organized around AI agents, changing the work and skills required."", ""attribution"": ""company_stated"", ""scope"": ""event"", ""source_url"": ""https://thenextweb.com/news/clickup-layoffs-22-percent-ai-100x-org-million-salary"", ""specificity"": ""concrete""}}",[],[],"{""date"": ""2026-09-16"", ""status"": ""source_reviewed"", ""note"": ""CEO reorganizes jobs around building and managing AI systems; productivity targets are claims."", ""sources"": [""https://x.com/DJ_CURFEW/status/2057522382315929802?s=20"", ""https://thenextweb.com/news/clickup-layoffs-22-percent-ai-100x-org-million-salary""], ""issues"": []}",specified,CEO reorganizes jobs around building and managing AI systems; productivity targets are claims.,2,"{""status"": ""not_identified"", ""functions"": [], ""details"": [], ""units"": [], ""levels"": [], ""review"": {""date"": ""2026-09-17"", ""method"": ""manual_review_of_retrieved_sources_and_existing_evidence"", ""note"": ""No explicit affected occupation identified in the material reviewed. This does not mean none were affected or that no other source can identify them."", ""sources"": [""https://x.com/DJ_CURFEW/status/2057522382315929802?s=20"", ""https://thenextweb.com/news/clickup-layoffs-22-percent-ai-100x-org-million-salary""]}}",,,,,,
layoff-2026-158,Wix,2026-05-25,1000,0.2,Marketing,Post-IPO,Israel,"[""Tel Aviv"", ""Non-U.S.""]",58,https://www.calcalistech.com/ctechnews/article/b1oebi11xge,,announcement,announced_reduction,"[""cost_cutting""]","{""cost_cutting"": {""summary"": ""CTech frames the reduction as a response to cost pressure; Wix declined comment."", ""attribution"": ""press_reported"", ""scope"": ""event"", ""source_url"": ""https://www.calcalistech.com/ctechnews/article/b1oebi11xge"", ""specificity"": ""concrete""}}",[],[],"{""date"": ""2026-09-16"", ""status"": ""source_reviewed"", ""note"": ""Company declined comment. Cost explanation is attributed to reporting, not company admission."", ""sources"": [""https://www.calcalistech.com/ctechnews/article/b1oebi11xge""], ""issues"": []}",specified,"Company declined comment. Cost explanation is attributed to reporting, not company admission.",2,"{""status"": ""not_identified"", ""functions"": [], ""details"": [], ""units"": [], ""levels"": [], ""review"": {""date"": ""2026-09-17"", ""method"": ""manual_review_of_retrieved_sources_and_existing_evidence"", ""note"": ""No explicit affected occupation identified in the material reviewed. This does not mean none were affected or that no other source can identify them."", ""sources"": [""https://www.calcalistech.com/ctechnews/article/b1oebi11xge""]}}",,,,,,
layoff-2026-159,GitLab,2026-06-03,350,0.14,Data,Post-IPO,United States,"[""SF Bay Area""]",413,https://techcrunch.com/2026/06/03/gitlab-cuts-14-of-staff-as-it-scales-its-platform-to-serve-ai-workloads/,https://about.gitlab.com/blog/gitlab-act-2/,announcement,announced_plan,"[""ai_investment_reallocation"", ""organizational_consolidation"", ""work_relocation""]","{""ai_investment_reallocation"": {""summary"": ""Company plans to reinvest most savings into its agentic product and technology strategy."", ""attribution"": ""company_stated"", ""scope"": ""announced_plan"", ""source_url"": ""https://about.gitlab.com/blog/gitlab-act-2/"", ""specificity"": ""concrete""}, ""organizational_consolidation"": {""summary"": ""Company reduces layers and handoffs."", ""attribution"": ""company_stated"", ""scope"": ""announced_plan"", ""source_url"": ""https://about.gitlab.com/blog/gitlab-act-2/"", ""specificity"": ""concrete""}, ""work_relocation"": {""summary"": ""Company reduces its employment-country footprint while continuing customer service and offering some staff relocation."", ""attribution"": ""company_stated"", ""scope"": ""announced_plan"", ""source_url"": ""https://about.gitlab.com/blog/gitlab-act-2/"", ""specificity"": ""concrete""}}",[],"[{""target"": ""ai_optimization"", ""speaker"": ""company"", ""summary"": ""CEO denies AI optimization or cost cutting as the purpose, while naming AI reinvestment."", ""source_url"": ""https://about.gitlab.com/blog/gitlab-act-2/""}]","{""date"": ""2026-09-16"", ""status"": ""source_reviewed"", ""note"": ""CEO names reinvestment, fewer layers and a smaller country footprint; serving customers continues, so market exit was the wrong tag."", ""sources"": [""https://techcrunch.com/2026/06/03/gitlab-cuts-14-of-staff-as-it-scales-its-platform-to-serve-ai-workloads/"", ""https://about.gitlab.com/blog/gitlab-act-2/""], ""issues"": [""plan_supersedes_prior_announcement""]}",specified,"CEO names reinvestment, fewer layers and a smaller country footprint; serving customers continues, so market exit was the wrong tag.",2,"{""status"": ""not_identified"", ""functions"": [], ""details"": [], ""units"": [], ""levels"": [], ""review"": {""date"": ""2026-09-17"", ""method"": ""manual_review_of_retrieved_sources_and_existing_evidence"", ""note"": ""No explicit affected occupation identified in the material reviewed. This does not mean none were affected or that no other source can identify them."", ""sources"": [""https://techcrunch.com/2026/06/03/gitlab-cuts-14-of-staff-as-it-scales-its-platform-to-serve-ai-workloads/"", ""https://about.gitlab.com/blog/gitlab-act-2/""]}}",,,,,,
layoff-2026-160,Robinhood,2026-06-16,290,0.1,Finance,Post-IPO,United States,"[""Menlo Park""]",,https://techcrunch.com/2026/06/16/robinhoods-note-on-10-layoffs-shows-blaming-ai-isnt-cutting-it/,,announcement,announced_reduction,"[""organizational_consolidation""]","{""organizational_consolidation"": {""summary"": ""CEO links the cuts to flatter organizational structures and avoiding a heavily layered organization."", ""attribution"": ""company_stated"", ""scope"": ""event"", ""source_url"": ""https://techcrunch.com/2026/06/16/robinhoods-note-on-10-layoffs-shows-blaming-ai-isnt-cutting-it/"", ""specificity"": ""concrete"", ""evidence_access"": ""full""}}","[{""kind"": ""ai_link_unspecified"", ""summary"": ""Technology framing is nonspecific; earlier workforce growth alone does not establish overhiring."", ""source_url"": ""https://techcrunch.com/2026/06/16/robinhoods-note-on-10-layoffs-shows-blaming-ai-isnt-cutting-it/""}]",[],"{""date"": ""2026-09-16"", ""status"": ""source_reviewed"", ""note"": ""CEO describes flattening the organization. Frontier-technology language does not by itself specify an AI mechanism; earlier growth does not establish overhiring. Explanation review: attributed reasons are recorded below with explicit specificity."", ""sources"": [""https://techcrunch.com/2026/06/16/robinhoods-note-on-10-layoffs-shows-blaming-ai-isnt-cutting-it/""], ""issues"": []}",specified,Concrete attributed mechanism: CEO links the cuts to flatter organizational structures and avoiding a heavily layered organization.,2,"{""status"": ""not_identified"", ""functions"": [], ""details"": [], ""units"": [], ""levels"": [], ""review"": {""date"": ""2026-09-17"", ""method"": ""manual_review_of_retrieved_sources_and_existing_evidence"", ""note"": ""No explicit affected occupation identified in the material reviewed. This does not mean none were affected or that no other source can identify them."", ""sources"": [""https://techcrunch.com/2026/06/16/robinhoods-note-on-10-layoffs-shows-blaming-ai-isnt-cutting-it/""]}}",,"{""date"": ""2026-09-17"", ""outcome"": ""concrete"", ""note"": ""Event-specific attributed explanation retained at its stated level of detail. Generic language does not establish a concrete operating mechanism or verified causal effect.""}",,,,
layoff-2026-161,Bungie,2026-06-25,400,0.5,Consumer,Acquired,United States,"[""Bellevue""]",,https://www.shacknews.com/article/149807/bungie-layoffs-june-2026,,announcement,announced_reduction,"[""strategic_pivot"", ""demand_decline""]","{""strategic_pivot"": {""summary"": ""Company links staffing changes to Destiny 2 performance and changed product priorities; recorded size needs independent confirmation."", ""attribution"": ""company_stated"", ""scope"": ""event"", ""source_url"": ""https://www.shacknews.com/article/149807/bungie-layoffs-june-2026"", ""specificity"": ""concrete""}, ""demand_decline"": {""summary"": ""Company links staffing changes to Destiny 2 performance and changed product priorities; recorded size needs independent confirmation."", ""attribution"": ""company_stated"", ""scope"": ""event"", ""source_url"": ""https://www.shacknews.com/article/149807/bungie-layoffs-june-2026"", ""specificity"": ""concrete""}}",[],[],"{""date"": ""2026-09-16"", ""status"": ""source_reviewed"", ""note"": ""Company links staffing changes to Destiny 2 performance and changed product priorities; recorded size needs independent confirmation."", ""sources"": [""https://www.shacknews.com/article/149807/bungie-layoffs-june-2026""], ""issues"": [""headcount_unconfirmed""]}",specified,Company links staffing changes to Destiny 2 performance and changed product priorities; recorded size needs independent confirmation.,2,"{""status"": ""not_identified"", ""functions"": [], ""details"": [], ""units"": [], ""levels"": [], ""review"": {""date"": ""2026-09-17"", ""method"": ""manual_review_of_retrieved_sources_and_existing_evidence"", ""note"": ""No explicit affected occupation identified in the material reviewed. This does not mean none were affected or that no other source can identify them."", ""sources"": [""https://www.shacknews.com/article/149807/bungie-layoffs-june-2026""]}}",,,,,,
layoff-2026-164,PlaxidityX,2026-06-30,80,,Unknown,Unknown,Unknown,[],,https://www.calcalistech.com/ctechnews/article/rj3q6xzmfg,,announcement,announced_reduction,"[""shutdown"", ""demand_decline""]","{""shutdown"": {""summary"": ""Parent is winding down the business."", ""attribution"": ""company_stated"", ""scope"": ""event"", ""source_url"": ""https://www.calcalistech.com/ctechnews/article/rj3q6xzmfg"", ""specificity"": ""concrete""}, ""demand_decline"": {""summary"": ""Parent attributes the wind-down to slower market growth affecting automotive cybersecurity."", ""attribution"": ""company_stated"", ""scope"": ""event"", ""source_url"": ""https://www.calcalistech.com/ctechnews/article/rj3q6xzmfg"", ""specificity"": ""concrete""}}",[],[],"{""date"": ""2026-09-17"", ""status"": ""source_reviewed"", ""note"": ""Parent announces wind-down of PlaxidityX and links the decision to slower-than-expected automotive-market growth."", ""sources"": [""https://www.calcalistech.com/ctechnews/article/rj3q6xzmfg""], ""issues"": []}",specified,Parent announces wind-down of PlaxidityX and links the decision to slower-than-expected automotive-market growth.,2,"{""status"": ""not_identified"", ""functions"": [], ""details"": [], ""units"": [], ""levels"": [], ""review"": {""date"": ""2026-09-17"", ""method"": ""manual_review_of_retrieved_sources_and_existing_evidence"", ""note"": ""No explicit affected occupation identified in the material reviewed. This does not mean none were affected or that no other source can identify them."", ""sources"": [""https://www.calcalistech.com/ctechnews/article/rj3q6xzmfg""]}}",,,,,"{""tracker"": ""layoffs.fyi"", ""retrieved"": ""2026-09-17"", ""tracker_date"": ""2026-06-30""}",
layoff-2026-165,Elementor,2026-06-29,100,0.3,Unknown,Unknown,Unknown,[],,https://www.calcalistech.com/ctechnews/article/sycgn6yxze,,announcement,announced_reduction,"[""ai_market_disruption"", ""organizational_consolidation""]","{""ai_market_disruption"": {""summary"": ""AI agents change the website-building market and undermine the traditional model."", ""attribution"": ""company_stated"", ""scope"": ""event"", ""source_url"": ""https://www.calcalistech.com/ctechnews/article/sycgn6yxze"", ""specificity"": ""concrete""}, ""organizational_consolidation"": {""summary"": ""Company specifies a flatter structure with fewer management layers."", ""attribution"": ""company_stated"", ""scope"": ""event"", ""source_url"": ""https://www.calcalistech.com/ctechnews/article/sycgn6yxze"", ""specificity"": ""concrete""}}",[],[],"{""date"": ""2026-09-17"", ""status"": ""source_reviewed"", ""note"": ""CEO connects changes in website creation and consumption caused by AI agents to the reset; company specifies fewer management layers."", ""sources"": [""https://www.calcalistech.com/ctechnews/article/sycgn6yxze""], ""issues"": []}",specified,CEO connects changes in website creation and consumption caused by AI agents to the reset; company specifies fewer management layers.,2,"{""status"": ""not_identified"", ""functions"": [], ""details"": [], ""units"": [], ""levels"": [""leadership""], ""review"": {""date"": ""2026-09-17"", ""method"": ""manual_review_of_retrieved_sources_and_existing_evidence"", ""note"": ""Fewer management layers identify seniority/structure, not a specific occupation."", ""sources"": [""https://www.calcalistech.com/ctechnews/article/sycgn6yxze""]}}",,,,,"{""tracker"": ""layoffs.fyi"", ""retrieved"": ""2026-09-17"", ""tracker_date"": ""2026-06-29""}",
layoff-2026-166,Equip Health,2026-06-29,,0.04,Unknown,Unknown,Unknown,[],,https://bhbusiness.com/2026/06/29/digital-eating-disorder-treatment-startup-equip-health-rolls-out-layoffs/,,announcement,announced_reduction,[],{},[],[],"{""date"": ""2026-09-17"", ""status"": ""partial"", ""note"": ""Indexed original reporting recovers a company statement about market dynamics and priorities. No specific function or mechanism is established; full article access remains incomplete."", ""sources"": [""https://bhbusiness.com/2026/06/29/digital-eating-disorder-treatment-startup-equip-health-rolls-out-layoffs/""], ""issues"": [""limited_source_access""]}",unresolved,Indexed original reporting recovers a company statement about market dynamics and priorities. No specific function or mechanism is established; full article access remains incomplete.,2,"{""status"": ""not_identified"", ""functions"": [], ""details"": [], ""units"": [], ""levels"": [], ""review"": {""date"": ""2026-09-17"", ""method"": ""manual_review_of_retrieved_sources_and_existing_evidence"", ""note"": ""No explicit affected occupation identified in the material reviewed. This does not mean none were affected or that no other source can identify them."", ""sources"": [""https://bhbusiness.com/2026/06/29/digital-eating-disorder-treatment-startup-equip-health-rolls-out-layoffs/""]}}",,,,,"{""tracker"": ""layoffs.fyi"", ""retrieved"": ""2026-09-17"", ""tracker_date"": ""2026-06-29""}",
layoff-2026-167,ADP,2026-06-26,76,,Unknown,Unknown,Unknown,[],,https://www.nj.gov/labor/assets/PDFs/WARN/2026_WARN_Notice_Archive.pdf,https://www.nj.gov/labor/assets/PDFs/WARN/2026_WARN_Notice_Archive.pdf,announcement,announced_plan,[],{},[],[],"{""date"": ""2026-09-17"", ""status"": ""source_reviewed"", ""note"": ""State archive lists Automatic Data Processing, Roseland, 76 affected workers, posted in June and effective September 25. It gives no functions or causal explanation."", ""sources"": [""https://www.nj.gov/labor/assets/PDFs/WARN/2026_WARN_Notice_Archive.pdf"", ""https://finance.yahoo.com/economy/articles/more-200-layoffs-planned-tech-160244643.html""], ""issues"": [""notice_not_located""]}",unspecified,"State archive lists Automatic Data Processing, Roseland, 76 affected workers, posted in June and effective September 25. It gives no functions or causal explanation.",2,"{""status"": ""not_identified"", ""functions"": [], ""details"": [], ""units"": [], ""levels"": [], ""review"": {""date"": ""2026-09-17"", ""method"": ""manual_review_of_retrieved_sources_and_existing_evidence"", ""note"": ""No explicit affected occupation identified in the material reviewed. This does not mean none were affected or that no other source can identify them."", ""sources"": [""https://www.nj.gov/labor/assets/PDFs/WARN/2026_WARN_Notice_Archive.pdf""]}}",,"{""date"": ""2026-09-17"", ""outcome"": ""no_explanation_identified"", ""method"": ""individual_source_reread_and_alternative_source_search"", ""note"": ""The New Jersey WARN archive and June 29 local reporting establish 76 planned exits. No event-specific reason recovered; ADP employment surveys and anonymous discussions cannot establish the cause of this notice.""}",,,"{""tracker"": ""layoffs.fyi"", ""retrieved"": ""2026-09-17"", ""tracker_date"": ""2026-06-26""}",
layoff-2026-168,SAS,2026-06-26,300,,Unknown,Unknown,Unknown,[],,https://www.newsobserver.com/news/business/article316281262.html,https://finance.yahoo.com/technology/ai/articles/cary-sas-cuts-300-positions-133919519.html,announcement,announced_reduction,"[""strategic_priorities""]","{""strategic_priorities"": {""summary"": ""Company frames the cuts as redirecting resources toward cloud computing, sales and product development."", ""attribution"": ""company_stated"", ""scope"": ""event"", ""source_url"": ""https://finance.yahoo.com/technology/ai/articles/cary-sas-cuts-300-positions-133919519.html"", ""specificity"": ""generic"", ""evidence_access"": ""full""}}",[],[],"{""date"": ""2026-09-17"", ""status"": ""source_reviewed"", ""note"": ""Full syndicated News & Observer report recovered. Company describes resource priorities, including cloud, sales and product development; these are investment destinations, not identified occupations cut. Explanation review: attributed reasons are recorded below with explicit specificity."", ""sources"": [""https://www.newsobserver.com/news/business/article316281262.html"", ""https://finance.yahoo.com/technology/ai/articles/cary-sas-cuts-300-positions-133919519.html""], ""issues"": []}",generic,"Generic attributed reason: Company frames the cuts as redirecting resources toward cloud computing, sales and product development.",2,"{""status"": ""not_identified"", ""functions"": [], ""details"": [], ""units"": [], ""levels"": [], ""review"": {""date"": ""2026-09-17"", ""method"": ""manual_review_of_retrieved_sources_and_existing_evidence"", ""note"": ""Sales, cloud and product development are investment destinations, not established cut functions."", ""sources"": [""https://www.newsobserver.com/news/business/article316281262.html"", ""https://finance.yahoo.com/technology/ai/articles/cary-sas-cuts-300-positions-133919519.html""]}}",,"{""date"": ""2026-09-17"", ""outcome"": ""generic"", ""note"": ""Event-specific attributed explanation retained at its stated level of detail. Generic language does not establish a concrete operating mechanism or verified causal effect.""}","{""review_date"": ""2026-09-17"", ""outcome"": ""published_reason_remains_general"", ""note_es"": ""SAS nombra destinos de recursos —nube, ventas y producto—, pero no concreta qué actividad se reduce o qué presupuesto se transfiere. Su inversión anterior en IA no explica por sí sola esta ronda."", ""open_question_es"": ""¿Qué proceso, actividad o criterio conecta la explicación publicada con estos puestos concretos?"", ""sources"": [""https://www.newsobserver.com/news/business/article316281262.html"", ""https://finance.yahoo.com/technology/ai/articles/cary-sas-cuts-300-positions-133919519.html""], ""search_scope"": ""Individual reread of event sources and search by company, announcement date and stated rationale; targeted primary-document checks where a relevant lead was found.""}",,"{""tracker"": ""layoffs.fyi"", ""retrieved"": ""2026-09-17"", ""tracker_date"": ""2026-06-26""}",
layoff-2026-169,CompanyCam,2026-06-26,,,Unknown,Unknown,Unknown,[],,https://journalstar.com/news/local/business/article_8361d6df-899e-4843-a5ed-634232e5c917.html,https://siliconprairienews.com/2026/06/companycam-conducts-round-of-layoffs-amidst-indicators-of-continued-traction/,announcement,announced_reduction,"[""organizational_realignment""]","{""organizational_realignment"": {""summary"": ""Employee accounts describe a marketing reorganization; no company rationale is available."", ""attribution"": ""worker_reported"", ""scope"": ""event"", ""source_url"": ""https://siliconprairienews.com/2026/06/companycam-conducts-round-of-layoffs-amidst-indicators-of-continued-traction/"", ""specificity"": ""generic"", ""evidence_access"": ""prior_review""}}",[],[],"{""date"": ""2026-09-17"", ""status"": ""source_reviewed"", ""note"": ""Employee accounts confirm a marketing reorganization; the source reports no company explanation identifying a specific mechanism. Explanation review: attributed reasons are recorded below with explicit specificity."", ""sources"": [""https://journalstar.com/news/local/business/article_8361d6df-899e-4843-a5ed-634232e5c917.html"", ""https://siliconprairienews.com/2026/06/companycam-conducts-round-of-layoffs-amidst-indicators-of-continued-traction/""], ""issues"": []}",generic,Generic attributed reason: Employee accounts describe a marketing reorganization; no company rationale is available.,2,"{""status"": ""identified"", ""functions"": [""marketing""], ""details"": [{""functions"": [""marketing""], ""summary"": ""Affected employees identify a marketing reorganization."", ""attribution"": ""worker_reported"", ""source_url"": ""https://siliconprairienews.com/2026/06/companycam-conducts-round-of-layoffs-amidst-indicators-of-continued-traction/"", ""evidence_access"": ""prior_review""}], ""units"": [], ""levels"": [], ""review"": {""date"": ""2026-09-17"", ""method"": ""manual_review_of_retrieved_sources_and_existing_evidence"", ""note"": ""Functions explicitly identified for this event; the list is not necessarily exhaustive."", ""sources"": [""https://journalstar.com/news/local/business/article_8361d6df-899e-4843-a5ed-634232e5c917.html"", ""https://siliconprairienews.com/2026/06/companycam-conducts-round-of-layoffs-amidst-indicators-of-continued-traction/""]}}",,"{""date"": ""2026-09-17"", ""outcome"": ""generic"", ""note"": ""Event-specific attributed explanation retained at its stated level of detail. Generic language does not establish a concrete operating mechanism or verified causal effect.""}","{""review_date"": ""2026-09-17"", ""outcome"": ""published_reason_remains_general"", ""note_es"": ""Los testimonios públicos identifican una reorganización de marketing. La empresa no respondió a la publicación; no se especifican equipos fusionados o funciones eliminadas."", ""open_question_es"": ""¿Qué proceso, actividad o criterio conecta la explicación publicada con estos puestos concretos?"", ""sources"": [""https://journalstar.com/news/local/business/article_8361d6df-899e-4843-a5ed-634232e5c917.html"", ""https://siliconprairienews.com/2026/06/companycam-conducts-round-of-layoffs-amidst-indicators-of-continued-traction/""], ""search_scope"": ""Individual reread of event sources and search by company, announcement date and stated rationale; targeted primary-document checks where a relevant lead was found.""}",,"{""tracker"": ""layoffs.fyi"", ""retrieved"": ""2026-09-17"", ""tracker_date"": ""2026-06-26""}",
layoff-2026-170,JiviAI,2026-06-26,,1,Unknown,Unknown,Unknown,[],,https://entrackr.com/exclusive/exclusive-jiviai-shuts-down-founder-ankur-jain-may-rejoin-bharatpe-12108207,https://entrackr.com/exclusive/exclusive-jiviai-shuts-down-founder-ankur-jain-may-rejoin-bharatpe-12108207,announcement,announced_reduction,"[""shutdown"", ""financial_distress""]","{""shutdown"": {""summary"": ""Employees were told to leave as the company wound down operations."", ""attribution"": ""press_reported"", ""scope"": ""event"", ""source_url"": ""https://entrackr.com/exclusive/exclusive-jiviai-shuts-down-founder-ankur-jain-may-rejoin-bharatpe-12108207"", ""specificity"": ""concrete""}, ""financial_distress"": {""summary"": ""Sources attribute closure to funding shortfalls, high infrastructure costs and failed acquisition talks."", ""attribution"": ""press_reported"", ""scope"": ""event"", ""source_url"": ""https://entrackr.com/exclusive/exclusive-jiviai-shuts-down-founder-ankur-jain-may-rejoin-bharatpe-12108207"", ""specificity"": ""concrete""}}",[],[],"{""date"": ""2026-09-17"", ""status"": ""source_reviewed"", ""note"": ""Full original report recovered. Sources connect the shutdown to funding and infrastructure-cost pressure, with failed acquisition discussions. Employees were asked to leave as operations wound down."", ""sources"": [""https://entrackr.com/exclusive/exclusive-jiviai-shuts-down-founder-ankur-jain-may-rejoin-bharatpe-12108207""], ""issues"": []}",specified,"Full original report recovered. Sources connect the shutdown to funding and infrastructure-cost pressure, with failed acquisition discussions. Employees were asked to leave as operations wound down.",2,"{""status"": ""not_identified"", ""functions"": [], ""details"": [], ""units"": [], ""levels"": [], ""review"": {""date"": ""2026-09-17"", ""method"": ""manual_review_of_retrieved_sources_and_existing_evidence"", ""note"": ""No explicit affected occupation identified in the material reviewed. This does not mean none were affected or that no other source can identify them."", ""sources"": [""https://entrackr.com/exclusive/exclusive-jiviai-shuts-down-founder-ankur-jain-may-rejoin-bharatpe-12108207""]}}",,,,,"{""tracker"": ""layoffs.fyi"", ""retrieved"": ""2026-09-17"", ""tracker_date"": ""2026-06-26""}",
layoff-2026-171,Culture Amp,2026-06-26,70,0.09,Unknown,Unknown,Unknown,[],,https://www.capitalbrief.com/article/culture-amp-cuts-70-jobs-9-of-its-workforce-in-third-round-of-layoffs-in-3-years-400d7e8e-c8d8-4c82-b4c2-3bb36bdfb5d5/,,announcement,announced_reduction,[],{},[],[],"{""date"": ""2026-09-17"", ""status"": ""partial"", ""note"": ""Accessible company comments mention strategic priorities and organizational change; the full report is restricted. Reasons for earlier rounds are not transferred."", ""sources"": [""https://www.capitalbrief.com/article/culture-amp-cuts-70-jobs-9-of-its-workforce-in-third-round-of-layoffs-in-3-years-400d7e8e-c8d8-4c82-b4c2-3bb36bdfb5d5/""], ""issues"": [""limited_source_access""]}",unresolved,Accessible company comments mention strategic priorities and organizational change; the full report is restricted. Reasons for earlier rounds are not transferred.,2,"{""status"": ""not_identified"", ""functions"": [], ""details"": [], ""units"": [], ""levels"": [], ""review"": {""date"": ""2026-09-17"", ""method"": ""manual_review_of_retrieved_sources_and_existing_evidence"", ""note"": ""No explicit affected occupation identified in the material reviewed. This does not mean none were affected or that no other source can identify them."", ""sources"": [""https://www.capitalbrief.com/article/culture-amp-cuts-70-jobs-9-of-its-workforce-in-third-round-of-layoffs-in-3-years-400d7e8e-c8d8-4c82-b4c2-3bb36bdfb5d5/""]}}",,,,,"{""tracker"": ""layoffs.fyi"", ""retrieved"": ""2026-09-17"", ""tracker_date"": ""2026-06-26""}",
layoff-2026-172,Amperity,2026-06-25,,,Unknown,Unknown,Unknown,[],,https://www.geekwire.com/2026/amperity-hit-with-layoffs-as-ai-changes-the-shape-of-the-customer-data-startup-and-how-it-operates/,,announcement,announced_reduction,"[""ai_transition""]","{""ai_transition"": {""summary"": ""Company says broader adoption of AI changes its investment priorities and team needs; the concrete staffing mechanism is unspecified."", ""attribution"": ""company_stated"", ""scope"": ""event"", ""source_url"": ""https://www.geekwire.com/2026/amperity-hit-with-layoffs-as-ai-changes-the-shape-of-the-customer-data-startup-and-how-it-operates/"", ""specificity"": ""generic"", ""evidence_access"": ""full""}}",[],[],"{""date"": ""2026-09-17"", ""status"": ""source_reviewed"", ""note"": ""Company links the cuts broadly to using AI across the business, without specifying displaced work, changed roles or the destination of transferred investment. Explanation review: attributed reasons are recorded below with explicit specificity."", ""sources"": [""https://www.geekwire.com/2026/amperity-hit-with-layoffs-as-ai-changes-the-shape-of-the-customer-data-startup-and-how-it-operates/""], ""issues"": []}",generic,Generic attributed reason: Company says broader adoption of AI changes its investment priorities and team needs; the concrete staffing mechanism is unspecified.,2,"{""status"": ""not_identified"", ""functions"": [], ""details"": [], ""units"": [], ""levels"": [], ""review"": {""date"": ""2026-09-17"", ""method"": ""manual_review_of_retrieved_sources_and_existing_evidence"", ""note"": ""No explicit affected occupation identified in the material reviewed. This does not mean none were affected or that no other source can identify them."", ""sources"": [""https://www.geekwire.com/2026/amperity-hit-with-layoffs-as-ai-changes-the-shape-of-the-customer-data-startup-and-how-it-operates/""]}}",,"{""date"": ""2026-09-17"", ""outcome"": ""generic"", ""note"": ""Event-specific attributed explanation retained at its stated level of detail. Generic language does not establish a concrete operating mechanism or verified causal effect.""}","{""review_date"": ""2026-09-17"", ""outcome"": ""published_reason_remains_general"", ""note_es"": ""El portavoz confirma que la IA cambia inversiones y composición del equipo. No identifica tareas, herramientas, ratios de productividad ni transferencias concretas de presupuesto."", ""open_question_es"": ""¿Qué tareas cambian con IA y cómo modifica eso la necesidad de personal en esta ronda?"", ""sources"": [""https://www.geekwire.com/2026/amperity-hit-with-layoffs-as-ai-changes-the-shape-of-the-customer-data-startup-and-how-it-operates/""], ""search_scope"": ""Individual reread of event sources and search by company, announcement date and stated rationale; targeted primary-document checks where a relevant lead was found.""}",,"{""tracker"": ""layoffs.fyi"", ""retrieved"": ""2026-09-17"", ""tracker_date"": ""2026-06-25""}",
layoff-2026-173,Sonos,2026-06-25,,0.03,Consumer,Post-IPO,United States,"[""Santa Barbara""]",455.2,https://www.bloomberg.com/news/articles/2026-06-25/sonos-cuts-3-of-staff-across-user-experience-product-teams,https://finance.yahoo.com/markets/stocks/articles/market-chatter-sonos-cuts-3-195105247.html,announcement,announced_reduction,"[""organizational_consolidation""]","{""organizational_consolidation"": {""summary"": ""Company says the cuts remove layers and streamline teams."", ""attribution"": ""company_stated"", ""scope"": ""event"", ""source_url"": ""https://finance.yahoo.com/markets/stocks/articles/market-chatter-sonos-cuts-3-195105247.html"", ""specificity"": ""concrete""}}",[],[],"{""date"": ""2026-09-17"", ""status"": ""source_reviewed"", ""note"": ""MT Newswires reproduces the company response confirming removal of layers and identifies product, design and user-experience teams. April marketing cuts are a separate event."", ""sources"": [""https://www.bloomberg.com/news/articles/2026-06-25/sonos-cuts-3-of-staff-across-user-experience-product-teams"", ""https://finance.yahoo.com/markets/stocks/articles/market-chatter-sonos-cuts-3-195105247.html""], ""issues"": []}",specified,"MT Newswires reproduces the company response confirming removal of layers and identifies product, design and user-experience teams. April marketing cuts are a separate event.",2,"{""status"": ""identified"", ""functions"": [""product_design""], ""details"": [{""functions"": [""product_design""], ""summary"": ""The June report identifies user experience, product and design; includes leadership positions."", ""attribution"": ""press_reported"", ""source_url"": ""https://finance.yahoo.com/markets/stocks/articles/market-chatter-sonos-cuts-3-195105247.html"", ""evidence_access"": ""full""}], ""units"": [], ""levels"": [""leadership""], ""review"": {""date"": ""2026-09-17"", ""method"": ""manual_review_of_retrieved_sources_and_existing_evidence"", ""note"": ""Functions explicitly identified for this event; the list is not necessarily exhaustive."", ""sources"": [""https://www.bloomberg.com/news/articles/2026-06-25/sonos-cuts-3-of-staff-across-user-experience-product-teams"", ""https://finance.yahoo.com/markets/stocks/articles/market-chatter-sonos-cuts-3-195105247.html""]}}",,,,,"{""tracker"": ""layoffs.fyi"", ""retrieved"": ""2026-09-17"", ""tracker_date"": ""2026-06-25""}",
layoff-2026-174,BitGo,2026-06-25,90,0.15,Unknown,Unknown,Unknown,[],,https://x.com/mikebelshe/status/2070240967479996463,,announcement,announced_reduction,"[""strategic_pivot""]","{""strategic_pivot"": {""summary"": ""CEO narrows focus to named financial-services priorities."", ""attribution"": ""company_stated"", ""scope"": ""event"", ""source_url"": ""https://x.com/mikebelshe/status/2070240967479996463"", ""specificity"": ""concrete""}}",[],[],"{""date"": ""2026-09-17"", ""status"": ""source_reviewed"", ""note"": ""CEO connects reductions to concentrating resources on specified businesses, including security, trading and stablecoins. Mentioning AI-powered infrastructure does not establish a separate AI mechanism."", ""sources"": [""https://x.com/mikebelshe/status/2070240967479996463""], ""issues"": []}",specified,"CEO connects reductions to concentrating resources on specified businesses, including security, trading and stablecoins. Mentioning AI-powered infrastructure does not establish a separate AI mechanism.",2,"{""status"": ""not_identified"", ""functions"": [], ""details"": [], ""units"": [], ""levels"": [], ""review"": {""date"": ""2026-09-17"", ""method"": ""manual_review_of_retrieved_sources_and_existing_evidence"", ""note"": ""No explicit affected occupation identified in the material reviewed. This does not mean none were affected or that no other source can identify them."", ""sources"": [""https://x.com/mikebelshe/status/2070240967479996463""]}}",,,,,"{""tracker"": ""layoffs.fyi"", ""retrieved"": ""2026-09-17"", ""tracker_date"": ""2026-06-25""}",
layoff-2026-175,Snyk,2026-06-24,,,Unknown,Unknown,Unknown,[],,https://snyk.io/blog/a-note-to-our-customers-and-partners/,,announcement,announced_reduction,"[""organizational_consolidation""]","{""organizational_consolidation"": {""summary"": ""R&D and go-to-market are unified and leadership is flattened."", ""attribution"": ""company_stated"", ""scope"": ""event"", ""source_url"": ""https://snyk.io/blog/a-note-to-our-customers-and-partners/"", ""specificity"": ""concrete""}}",[],[],"{""date"": ""2026-09-17"", ""status"": ""source_reviewed"", ""note"": ""Company specifies unified R&D leadership, flatter leadership and unified go-to-market. AI security is the product context, not evidence of automated employee tasks."", ""sources"": [""https://snyk.io/blog/a-note-to-our-customers-and-partners/""], ""issues"": []}",specified,"Company specifies unified R&D leadership, flatter leadership and unified go-to-market. AI security is the product context, not evidence of automated employee tasks.",2,"{""status"": ""not_identified"", ""functions"": [], ""details"": [], ""units"": [], ""levels"": [], ""review"": {""date"": ""2026-09-17"", ""method"": ""manual_review_of_retrieved_sources_and_existing_evidence"", ""note"": ""Product strategy and agent-oriented investment do not supply an occupation inventory."", ""sources"": [""https://snyk.io/blog/a-note-to-our-customers-and-partners/""]}}",,,,,"{""tracker"": ""layoffs.fyi"", ""retrieved"": ""2026-09-17"", ""tracker_date"": ""2026-06-24""}",
layoff-2026-176,Elastic,2026-06-24,,0.07,Unknown,Unknown,Unknown,[],,https://www.elastic.co/blog/ceo-ash-kulkarni-announcement-to-elastic-employees,,announcement,announced_reduction,"[""ai_productivity"", ""organizational_consolidation""]","{""ai_productivity"": {""summary"": ""AI and automation allow some areas to operate with leaner teams."", ""attribution"": ""company_stated"", ""scope"": ""event"", ""source_url"": ""https://www.elastic.co/blog/ceo-ash-kulkarni-announcement-to-elastic-employees"", ""specificity"": ""concrete""}, ""organizational_consolidation"": {""summary"": ""Fewer management layers and three engineering areas under senior leaders."", ""attribution"": ""company_stated"", ""scope"": ""event"", ""source_url"": ""https://www.elastic.co/blog/ceo-ash-kulkarni-announcement-to-elastic-employees"", ""specificity"": ""concrete""}}",[],[],"{""date"": ""2026-09-17"", ""status"": ""source_reviewed"", ""note"": ""CEO explicitly describes AI-enabled leaner teams and fewer layers, including three engineering areas. Continued hiring does not cancel the announced cuts."", ""sources"": [""https://www.elastic.co/blog/ceo-ash-kulkarni-announcement-to-elastic-employees""], ""issues"": []}",specified,"CEO explicitly describes AI-enabled leaner teams and fewer layers, including three engineering areas. Continued hiring does not cancel the announced cuts.",2,"{""status"": ""not_identified"", ""functions"": [], ""details"": [], ""units"": [], ""levels"": [""leadership""], ""review"": {""date"": ""2026-09-17"", ""method"": ""manual_review_of_retrieved_sources_and_existing_evidence"", ""note"": ""Engineering reorganization is described, but the statement does not explicitly enumerate terminated engineering occupations."", ""sources"": [""https://www.elastic.co/blog/ceo-ash-kulkarni-announcement-to-elastic-employees""]}}",,,,,"{""tracker"": ""layoffs.fyi"", ""retrieved"": ""2026-09-17"", ""tracker_date"": ""2026-06-24""}",
layoff-2026-177,Cyberbit,2026-06-24,,,Unknown,Unknown,Unknown,[],,https://www.calcalistech.com/ctechnews/article/r1wrssfffg,,announcement,announced_reduction,"[""unit_closure""]","{""unit_closure"": {""summary"": ""Company closes its Israeli operation and dismisses the local workforce."", ""attribution"": ""press_reported"", ""scope"": ""event"", ""source_url"": ""https://www.calcalistech.com/ctechnews/article/r1wrssfffg"", ""specificity"": ""concrete""}}",[],[],"{""date"": ""2026-09-17"", ""status"": ""source_reviewed"", ""note"": ""Report identifies closure of the Israeli operation, not the whole company; acquisition history does not establish duplicate-role elimination."", ""sources"": [""https://www.calcalistech.com/ctechnews/article/r1wrssfffg""], ""issues"": []}",specified,"Report identifies closure of the Israeli operation, not the whole company; acquisition history does not establish duplicate-role elimination.",2,"{""status"": ""not_identified"", ""functions"": [], ""details"": [], ""units"": [], ""levels"": [], ""review"": {""date"": ""2026-09-17"", ""method"": ""manual_review_of_retrieved_sources_and_existing_evidence"", ""note"": ""No explicit affected occupation identified in the material reviewed. This does not mean none were affected or that no other source can identify them."", ""sources"": [""https://www.calcalistech.com/ctechnews/article/r1wrssfffg""]}}",,,,,"{""tracker"": ""layoffs.fyi"", ""retrieved"": ""2026-09-17"", ""tracker_date"": ""2026-06-24""}",
layoff-2026-178,Lazada Group,2026-06-23,,0.05,Unknown,Unknown,Unknown,[],,https://www.techinasia.com/lazada-cuts-5-workforce-sea-market-review,https://production.humanresourcesonline.net/lazada-to-undertake-workforce-reduction-across-southeast-asia-amid-organisational-review,announcement,announced_reduction,"[""operational_efficiency""]","{""operational_efficiency"": {""summary"": ""Company says its role review seeks a focused, efficient organization aligned with current business needs."", ""attribution"": ""company_stated"", ""scope"": ""event"", ""source_url"": ""https://production.humanresourcesonline.net/lazada-to-undertake-workforce-reduction-across-southeast-asia-amid-organisational-review"", ""specificity"": ""generic"", ""evidence_access"": ""full""}}","[{""kind"": ""reported_ai_nonconnection"", ""summary"": ""HRO relays Business Times reporting that the cuts are not related to AI initiatives; this is not recorded as a company denial without a named source."", ""source_url"": ""https://production.humanresourcesonline.net/lazada-to-undertake-workforce-reduction-across-southeast-asia-amid-organisational-review""}]",[],"{""date"": ""2026-09-17"", ""status"": ""source_reviewed"", ""note"": ""Full report includes a direct company response but no concrete mechanism or affected functions. It also relays a report that cuts are unrelated to AI; the original speaker is not identified. Explanation review: attributed reasons are recorded below with explicit specificity."", ""sources"": [""https://www.techinasia.com/lazada-cuts-5-workforce-sea-market-review"", ""https://production.humanresourcesonline.net/lazada-to-undertake-workforce-reduction-across-southeast-asia-amid-organisational-review""], ""issues"": []}",generic,"Generic attributed reason: Company says its role review seeks a focused, efficient organization aligned with current business needs.",2,"{""status"": ""not_identified"", ""functions"": [], ""details"": [], ""units"": [], ""levels"": [], ""review"": {""date"": ""2026-09-17"", ""method"": ""manual_review_of_retrieved_sources_and_existing_evidence"", ""note"": ""No explicit affected occupation identified in the material reviewed. This does not mean none were affected or that no other source can identify them."", ""sources"": [""https://www.techinasia.com/lazada-cuts-5-workforce-sea-market-review"", ""https://production.humanresourcesonline.net/lazada-to-undertake-workforce-reduction-across-southeast-asia-amid-organisational-review""]}}",,"{""date"": ""2026-09-17"", ""outcome"": ""generic"", ""note"": ""Event-specific attributed explanation retained at its stated level of detail. Generic language does not establish a concrete operating mechanism or verified causal effect.""}","{""review_date"": ""2026-09-17"", ""outcome"": ""published_reason_remains_general"", ""note_es"": ""La revisión de roles se explica por eficiencia y necesidades del negocio. No se publican funciones o cambios concretos; la atribución de que no es IA procede de información periodística, no de una nueva declaración empresarial."", ""open_question_es"": ""¿Qué proceso, actividad o criterio conecta la explicación publicada con estos puestos concretos?"", ""sources"": [""https://www.techinasia.com/lazada-cuts-5-workforce-sea-market-review"", ""https://production.humanresourcesonline.net/lazada-to-undertake-workforce-reduction-across-southeast-asia-amid-organisational-review""], ""search_scope"": ""Individual reread of event sources and search by company, announcement date and stated rationale; targeted primary-document checks where a relevant lead was found.""}",,"{""tracker"": ""layoffs.fyi"", ""retrieved"": ""2026-09-17"", ""tracker_date"": ""2026-06-23""}",
layoff-2026-179,Ethereum Foundation,2026-06-23,54,0.2,Unknown,Unknown,Unknown,[],,https://www.coindesk.com/tech/2026/06/23/ethereum-foundation-cuts-20-of-staff-amid-leadership-exodus,,announcement,announced_reduction,"[""organizational_consolidation""]","{""organizational_consolidation"": {""summary"": ""Work is grouped into five clusters as part of the restructuring."", ""attribution"": ""press_reported"", ""scope"": ""event"", ""source_url"": ""https://www.coindesk.com/tech/2026/06/23/ethereum-foundation-cuts-20-of-staff-amid-leadership-exodus"", ""specificity"": ""concrete""}}",[],[],"{""date"": ""2026-09-17"", ""status"": ""source_reviewed"", ""note"": ""Report connects the reductions to a specific reorganization into five clusters under an updated mandate."", ""sources"": [""https://www.coindesk.com/tech/2026/06/23/ethereum-foundation-cuts-20-of-staff-amid-leadership-exodus""], ""issues"": []}",specified,Report connects the reductions to a specific reorganization into five clusters under an updated mandate.,2,"{""status"": ""not_identified"", ""functions"": [], ""details"": [], ""units"": [], ""levels"": [], ""review"": {""date"": ""2026-09-17"", ""method"": ""manual_review_of_retrieved_sources_and_existing_evidence"", ""note"": ""No explicit affected occupation identified in the material reviewed. This does not mean none were affected or that no other source can identify them."", ""sources"": [""https://www.coindesk.com/tech/2026/06/23/ethereum-foundation-cuts-20-of-staff-amid-leadership-exodus""]}}",,,,,"{""tracker"": ""layoffs.fyi"", ""retrieved"": ""2026-09-17"", ""tracker_date"": ""2026-06-23""}",
layoff-2026-181,91Trucks,2026-06-22,,,Unknown,Unknown,Unknown,[],,https://entrackr.com/exclusive/exclusive-91trucks-lays-off-nearly-70-workforce-shuts-stores-as-growth-slows-12061133,https://entrackr.com/exclusive/exclusive-91trucks-lays-off-nearly-70-workforce-shuts-stores-as-growth-slows-12061133,announcement,disputed_event_size,"[""market_exit"", ""unit_closure"", ""demand_decline""]","{""market_exit"": {""summary"": ""CEO confirms withdrawal from selected markets to focus on northern India."", ""attribution"": ""company_stated"", ""scope"": ""event"", ""source_url"": ""https://entrackr.com/exclusive/exclusive-91trucks-lays-off-nearly-70-workforce-shuts-stores-as-growth-slows-12061133"", ""specificity"": ""concrete""}, ""unit_closure"": {""summary"": ""Reporting and store operators identify closures in the offline store network."", ""attribution"": ""press_reported"", ""scope"": ""event"", ""source_url"": ""https://entrackr.com/exclusive/exclusive-91trucks-lays-off-nearly-70-workforce-shuts-stores-as-growth-slows-12061133"", ""specificity"": ""concrete""}, ""demand_decline"": {""summary"": ""Sources attribute the reduction to missed growth expectations and weaker commercial-vehicle demand."", ""attribution"": ""press_reported"", ""scope"": ""event"", ""source_url"": ""https://entrackr.com/exclusive/exclusive-91trucks-lays-off-nearly-70-workforce-shuts-stores-as-growth-slows-12061133"", ""specificity"": ""concrete""}}",[],[],"{""date"": ""2026-09-17"", ""status"": ""source_reviewed"", ""note"": ""Updated original report contradicts the tracker’s 70% figure: CEO says approximately 30%, while anonymous sources estimate 100 departures from a 150-person team. Keep both accounts, not a single settled count."", ""sources"": [""https://entrackr.com/exclusive/exclusive-91trucks-lays-off-nearly-70-workforce-shuts-stores-as-growth-slows-12061133""], ""issues"": [""conflicting_headcount_accounts""]}",specified,"Updated original report contradicts the tracker’s 70% figure: CEO says approximately 30%, while anonymous sources estimate 100 departures from a 150-person team. Keep both accounts, not a single settled count.",2,"{""status"": ""unit_only"", ""functions"": [], ""details"": [], ""units"": [{""name"": ""Offline store network"", ""summary"": ""Store closures and a country-head departure are reported; shop-floor occupations are not individually identified."", ""source_url"": ""https://entrackr.com/exclusive/exclusive-91trucks-lays-off-nearly-70-workforce-shuts-stores-as-growth-slows-12061133""}], ""levels"": [], ""review"": {""date"": ""2026-09-17"", ""method"": ""manual_review_of_retrieved_sources_and_existing_evidence"", ""note"": ""A business unit or broad scope is named; this does not supply a complete occupation breakdown."", ""sources"": [""https://entrackr.com/exclusive/exclusive-91trucks-lays-off-nearly-70-workforce-shuts-stores-as-growth-slows-12061133""]}}",,,,,"{""tracker"": ""layoffs.fyi"", ""retrieved"": ""2026-09-17"", ""tracker_date"": ""2026-06-22""}","[{""value"": 100, ""pct"": 0.7, ""attribution"": ""press_reported"", ""source_url"": ""https://entrackr.com/exclusive/exclusive-91trucks-lays-off-nearly-70-workforce-shuts-stores-as-growth-slows-12061133"", ""note"": ""Anonymous sources estimate roughly 100 departures; approximate prior workforce 150.""}, {""value"": null, ""pct"": 0.3, ""attribution"": ""company_stated"", ""source_url"": ""https://entrackr.com/exclusive/exclusive-91trucks-lays-off-nearly-70-workforce-shuts-stores-as-growth-slows-12061133"", ""note"": ""CEO disputes reported scale and says remaining workforce exceeds 200.""}]"
layoff-2026-182,Tractive,2026-06-22,,,Unknown,Unknown,Unknown,[],,https://ooe.orf.at/stories/3359562/,,announcement,announced_reduction,"[""operational_efficiency""]","{""operational_efficiency"": {""summary"": ""Company says a leaner organization will allow greater focus and flexibility following its review."", ""attribution"": ""company_stated"", ""scope"": ""event"", ""source_url"": ""https://ooe.orf.at/stories/3359562/"", ""specificity"": ""generic"", ""evidence_access"": ""full""}}",[],[],"{""date"": ""2026-09-17"", ""status"": ""source_reviewed"", ""note"": ""Company cites a leaner organization after acquisition. Neither timing nor general flexibility language specifies integration, duplication or another mechanism. Explanation review: attributed reasons are recorded below with explicit specificity."", ""sources"": [""https://ooe.orf.at/stories/3359562/""], ""issues"": []}",generic,Generic attributed reason: Company says a leaner organization will allow greater focus and flexibility following its review.,2,"{""status"": ""not_identified"", ""functions"": [], ""details"": [], ""units"": [], ""levels"": [], ""review"": {""date"": ""2026-09-17"", ""method"": ""manual_review_of_retrieved_sources_and_existing_evidence"", ""note"": ""No explicit affected occupation identified in the material reviewed. This does not mean none were affected or that no other source can identify them."", ""sources"": [""https://ooe.orf.at/stories/3359562/""]}}",,"{""date"": ""2026-09-17"", ""outcome"": ""generic"", ""note"": ""Event-specific attributed explanation retained at its stated level of detail. Generic language does not establish a concrete operating mechanism or verified causal effect.""}","{""review_date"": ""2026-09-17"", ""outcome"": ""published_reason_remains_general"", ""note_es"": ""La revisión posterior a la adquisición concluye que una organización menor será más flexible. No describe integración de equipos del comprador, duplicidades ni productos abandonados; adquirir la empresa no basta para clasificar integración."", ""open_question_es"": ""¿Qué proceso, actividad o criterio conecta la explicación publicada con estos puestos concretos?"", ""sources"": [""https://ooe.orf.at/stories/3359562/""], ""search_scope"": ""Individual reread of event sources and search by company, announcement date and stated rationale; targeted primary-document checks where a relevant lead was found.""}",,"{""tracker"": ""layoffs.fyi"", ""retrieved"": ""2026-09-17"", ""tracker_date"": ""2026-06-22""}",
layoff-2026-183,Lucid Motors,2026-06-22,1500,0.18,Transportation,Post-IPO,United States,"[""SF Bay Area""]",8300,https://arstechnica.com/cars/2026/06/lucid-lays-off-1500-workers-in-second-big-cut-of-the-year/,,announcement,announced_reduction,"[""cost_cutting"", ""organizational_consolidation""]","{""cost_cutting"": {""summary"": ""Plan targets operating-expense savings and positive cash flow."", ""attribution"": ""company_stated"", ""scope"": ""event"", ""source_url"": ""https://arstechnica.com/cars/2026/06/lucid-lays-off-1500-workers-in-second-big-cut-of-the-year/"", ""specificity"": ""concrete""}, ""organizational_consolidation"": {""summary"": ""COO position is eliminated as the organizational structure is streamlined."", ""attribution"": ""company_stated"", ""scope"": ""event"", ""source_url"": ""https://arstechnica.com/cars/2026/06/lucid-lays-off-1500-workers-in-second-big-cut-of-the-year/"", ""specificity"": ""concrete""}}",[],[],"{""date"": ""2026-09-17"", ""status"": ""source_reviewed"", ""note"": ""Filing quoted in reporting targets profitability and lower operating expense; company removes the COO role and ends a factory shift."", ""sources"": [""https://arstechnica.com/cars/2026/06/lucid-lays-off-1500-workers-in-second-big-cut-of-the-year/""], ""issues"": []}",specified,Filing quoted in reporting targets profitability and lower operating expense; company removes the COO role and ends a factory shift.,2,"{""status"": ""identified"", ""functions"": [""manufacturing""], ""details"": [{""functions"": [""manufacturing""], ""summary"": ""Report connects this June reduction with ending a factory second shift; do not transfer exclusions from February."", ""attribution"": ""press_reported"", ""source_url"": ""https://arstechnica.com/cars/2026/06/lucid-lays-off-1500-workers-in-second-big-cut-of-the-year/"", ""evidence_access"": ""full""}], ""units"": [], ""levels"": [], ""review"": {""date"": ""2026-09-17"", ""method"": ""manual_review_of_retrieved_sources_and_existing_evidence"", ""note"": ""Functions explicitly identified for this event; the list is not necessarily exhaustive."", ""sources"": [""https://arstechnica.com/cars/2026/06/lucid-lays-off-1500-workers-in-second-big-cut-of-the-year/""]}}",,,,,"{""tracker"": ""layoffs.fyi"", ""retrieved"": ""2026-09-17"", ""tracker_date"": ""2026-06-22""}",
layoff-2026-184,Optimove,2026-06-17,,0.1,Unknown,Unknown,Unknown,[],,https://www.intergameonline.com/igaming/news/optimove-cut-jobs-artificial-intelligence-ai,,announcement,announced_reduction,"[""ai_transition""]","{""ai_transition"": {""summary"": ""CEO presents the cuts as part of an AI push and plans AI training for remaining staff; displaced work is not identified."", ""attribution"": ""company_stated"", ""scope"": ""event"", ""source_url"": ""https://www.intergameonline.com/igaming/news/optimove-cut-jobs-artificial-intelligence-ai"", ""specificity"": ""generic"", ""evidence_access"": ""full""}}",[],[],"{""date"": ""2026-09-17"", ""status"": ""source_reviewed"", ""note"": ""CEO announces AI training and a faster company but does not identify specific displaced work or changes in roles and workflows. Explanation review: attributed reasons are recorded below with explicit specificity."", ""sources"": [""https://www.intergameonline.com/igaming/news/optimove-cut-jobs-artificial-intelligence-ai""], ""issues"": []}",generic,Generic attributed reason: CEO presents the cuts as part of an AI push and plans AI training for remaining staff; displaced work is not identified.,2,"{""status"": ""not_identified"", ""functions"": [], ""details"": [], ""units"": [], ""levels"": [], ""review"": {""date"": ""2026-09-17"", ""method"": ""manual_review_of_retrieved_sources_and_existing_evidence"", ""note"": ""No explicit affected occupation identified in the material reviewed. This does not mean none were affected or that no other source can identify them."", ""sources"": [""https://www.intergameonline.com/igaming/news/optimove-cut-jobs-artificial-intelligence-ai""]}}",,"{""date"": ""2026-09-17"", ""outcome"": ""generic"", ""note"": ""Event-specific attributed explanation retained at its stated level of detail. Generic language does not establish a concrete operating mechanism or verified causal effect.""}","{""review_date"": ""2026-09-17"", ""outcome"": ""published_reason_remains_general"", ""note_es"": ""Se recuperó el mensaje original del CEO: anuncia formación y herramientas de IA, pero no describe qué tareas o estructura pasan a otro modelo. Mejor acceso no equivale a mayor detalle causal."", ""open_question_es"": ""¿Qué tareas cambian con IA y cómo modifica eso la necesidad de personal en esta ronda?"", ""sources"": [""https://www.intergameonline.com/igaming/news/optimove-cut-jobs-artificial-intelligence-ai"", ""https://www.linkedin.com/posts/piniyakuel_the-ai-era-is-changing-what-it-takes-to-build-activity-7472616123805405185-p-j_""], ""search_scope"": ""Individual reread of event sources and search by company, announcement date and stated rationale; targeted primary-document checks where a relevant lead was found.""}",,"{""tracker"": ""layoffs.fyi"", ""retrieved"": ""2026-09-17"", ""tracker_date"": ""2026-06-17""}",
layoff-2026-185,Lastminute,2026-06-17,400,0.25,Unknown,Unknown,Unknown,[],,https://res.cloudinary.com/lastminute-contenthub/image/upload/v1781669340/DAM/Artwork/lastminute.com/press_release/2026/20260617%20lastminute.com%20Announces%20AI%20Powered%20Transformation%20to%20Drive%20Its%20Next%20Phase%20of%20Growth_EN.pdf,,announcement,announced_plan,"[""ai_work_redesign"", ""cost_cutting"", ""ai_investment_reallocation""]","{""ai_work_redesign"": {""summary"": ""Company redesigns core workflows around AI tools."", ""attribution"": ""company_stated"", ""scope"": ""announced_plan"", ""source_url"": ""https://res.cloudinary.com/lastminute-contenthub/image/upload/v1781669340/DAM/Artwork/lastminute.com/press_release/2026/20260617%20lastminute.com%20Announces%20AI%20Powered%20Transformation%20to%20Drive%20Its%20Next%20Phase%20of%20Growth_EN.pdf"", ""specificity"": ""concrete""}, ""cost_cutting"": {""summary"": ""Company forecasts annualized savings of EUR16 million."", ""attribution"": ""company_stated"", ""scope"": ""announced_plan"", ""source_url"": ""https://res.cloudinary.com/lastminute-contenthub/image/upload/v1781669340/DAM/Artwork/lastminute.com/press_release/2026/20260617%20lastminute.com%20Announces%20AI%20Powered%20Transformation%20to%20Drive%20Its%20Next%20Phase%20of%20Growth_EN.pdf"", ""specificity"": ""concrete""}, ""ai_investment_reallocation"": {""summary"": ""Capital is reallocated to AI applications, data infrastructure and specialist expertise."", ""attribution"": ""company_stated"", ""scope"": ""announced_plan"", ""source_url"": ""https://res.cloudinary.com/lastminute-contenthub/image/upload/v1781669340/DAM/Artwork/lastminute.com/press_release/2026/20260617%20lastminute.com%20Announces%20AI%20Powered%20Transformation%20to%20Drive%20Its%20Next%20Phase%20of%20Growth_EN.pdf"", ""specificity"": ""concrete""}}",[],[],"{""date"": ""2026-09-17"", ""status"": ""source_reviewed"", ""note"": ""Company plan ties workforce reductions to AI adoption across core workflows, cost savings and capital reallocation into AI applications, infrastructure and expertise. Completion is expected around year-end."", ""sources"": [""https://res.cloudinary.com/lastminute-contenthub/image/upload/v1781669340/DAM/Artwork/lastminute.com/press_release/2026/20260617%20lastminute.com%20Announces%20AI%20Powered%20Transformation%20to%20Drive%20Its%20Next%20Phase%20of%20Growth_EN.pdf""], ""issues"": []}",specified,"Company plan ties workforce reductions to AI adoption across core workflows, cost savings and capital reallocation into AI applications, infrastructure and expertise. Completion is expected around year-end.",2,"{""status"": ""not_identified"", ""functions"": [], ""details"": [], ""units"": [], ""levels"": [], ""review"": {""date"": ""2026-09-17"", ""method"": ""manual_review_of_retrieved_sources_and_existing_evidence"", ""note"": ""No explicit affected occupation identified in the material reviewed. This does not mean none were affected or that no other source can identify them."", ""sources"": [""https://res.cloudinary.com/lastminute-contenthub/image/upload/v1781669340/DAM/Artwork/lastminute.com/press_release/2026/20260617%20lastminute.com%20Announces%20AI%20Powered%20Transformation%20to%20Drive%20Its%20Next%20Phase%20of%20Growth_EN.pdf""]}}",,,,,"{""tracker"": ""layoffs.fyi"", ""retrieved"": ""2026-09-17"", ""tracker_date"": ""2026-06-17""}",
layoff-2026-186,Matter Labs,2026-06-16,,,Unknown,Unknown,Unknown,[],,https://x.com/gluk64/status/2066964567884747146,,announcement,announced_reduction,"[""strategic_pivot""]","{""strategic_pivot"": {""summary"": ""Company focuses on enterprise and regulated-finance infrastructure requiring a different mix of roles."", ""attribution"": ""company_stated"", ""scope"": ""event"", ""source_url"": ""https://x.com/gluk64/status/2066964567884747146"", ""specificity"": ""concrete""}}",[],[],"{""date"": ""2026-09-17"", ""status"": ""source_reviewed"", ""note"": ""CEO links reductions to a different skill mix for Prividium and regulated-financial-institution infrastructure."", ""sources"": [""https://x.com/gluk64/status/2066964567884747146""], ""issues"": []}",specified,CEO links reductions to a different skill mix for Prividium and regulated-financial-institution infrastructure.,2,"{""status"": ""not_identified"", ""functions"": [], ""details"": [], ""units"": [], ""levels"": [], ""review"": {""date"": ""2026-09-17"", ""method"": ""manual_review_of_retrieved_sources_and_existing_evidence"", ""note"": ""No explicit affected occupation identified in the material reviewed. This does not mean none were affected or that no other source can identify them."", ""sources"": [""https://x.com/gluk64/status/2066964567884747146""]}}",,,,,"{""tracker"": ""layoffs.fyi"", ""retrieved"": ""2026-09-17"", ""tracker_date"": ""2026-06-16""}",
layoff-2026-187,Artlist,2026-06-16,200,0.4,Unknown,Unknown,Unknown,[],,https://www.calcalistech.com/ctechnews/article/xrqudqiq6,,announcement,announced_reduction,"[""ai_substitution"", ""organizational_consolidation""]","{""ai_substitution"": {""summary"": ""CEO says AI removes work chains and makes certain roles redundant."", ""attribution"": ""company_stated"", ""scope"": ""event"", ""source_url"": ""https://www.calcalistech.com/ctechnews/article/xrqudqiq6"", ""specificity"": ""concrete""}, ""organizational_consolidation"": {""summary"": ""Company flattens the organization to reduce delivery delays."", ""attribution"": ""company_stated"", ""scope"": ""event"", ""source_url"": ""https://www.calcalistech.com/ctechnews/article/xrqudqiq6"", ""specificity"": ""concrete""}}",[],[],"{""date"": ""2026-09-17"", ""status"": ""source_reviewed"", ""note"": ""CEO describes AI eliminating entire work chains and making some roles redundant; company also specifies flattening the organization."", ""sources"": [""https://www.calcalistech.com/ctechnews/article/xrqudqiq6""], ""issues"": []}",specified,CEO describes AI eliminating entire work chains and making some roles redundant; company also specifies flattening the organization.,2,"{""status"": ""not_identified"", ""functions"": [], ""details"": [], ""units"": [], ""levels"": [], ""review"": {""date"": ""2026-09-17"", ""method"": ""manual_review_of_retrieved_sources_and_existing_evidence"", ""note"": ""No explicit affected occupation identified in the material reviewed. This does not mean none were affected or that no other source can identify them."", ""sources"": [""https://www.calcalistech.com/ctechnews/article/xrqudqiq6""]}}",,,,,"{""tracker"": ""layoffs.fyi"", ""retrieved"": ""2026-09-17"", ""tracker_date"": ""2026-06-16""}",
layoff-2026-188,FNZ,2026-06-16,,,Unknown,Unknown,Unknown,[],,https://citywire.com/new-model-adviser/news/exclusive-fnz-to-cut-jobs-in-turnaround-plan-after-1-4bn-loss/a2492053,,announcement,announced_reduction,[],{},[],[],"{""date"": ""2026-09-17"", ""status"": ""partial"", ""note"": ""Tracker identifies the event, but the linked source could not be read in full during this review. A specific mechanism remains unverified."", ""sources"": [""https://citywire.com/new-model-adviser/news/exclusive-fnz-to-cut-jobs-in-turnaround-plan-after-1-4bn-loss/a2492053""], ""issues"": [""limited_source_access""]}",unresolved,"Tracker identifies the event, but the linked source could not be read in full during this review. A specific mechanism remains unverified.",2,"{""status"": ""not_identified"", ""functions"": [], ""details"": [], ""units"": [], ""levels"": [], ""review"": {""date"": ""2026-09-17"", ""method"": ""manual_review_of_retrieved_sources_and_existing_evidence"", ""note"": ""No explicit affected occupation identified in the material reviewed. This does not mean none were affected or that no other source can identify them."", ""sources"": [""https://citywire.com/new-model-adviser/news/exclusive-fnz-to-cut-jobs-in-turnaround-plan-after-1-4bn-loss/a2492053""]}}",,,,,"{""tracker"": ""layoffs.fyi"", ""retrieved"": ""2026-09-17"", ""tracker_date"": ""2026-06-16""}",
layoff-2026-189,Rackspace,2026-06-16,,0.15,Unknown,Unknown,Unknown,[],,https://www.bizjournals.com/sanantonio/news/2026/06/16/rackspace-slashes-local-workforce.html,https://www.sec.gov/Archives/edgar/data/1810019/000181001926000058/rxt-20260610.htm,announcement,announced_plan,"[""ai_investment_reallocation"", ""strategic_pivot"", ""cost_cutting""]","{""ai_investment_reallocation"": {""summary"": ""Filing explicitly reallocates resources from legacy service delivery to enterprise AI."", ""attribution"": ""company_stated"", ""scope"": ""event"", ""source_url"": ""https://www.sec.gov/Archives/edgar/data/1810019/000181001926000058/rxt-20260610.htm"", ""specificity"": ""concrete""}, ""strategic_pivot"": {""summary"": ""Company deemphasizes legacy Public Cloud service delivery as its operating model shifts."", ""attribution"": ""company_stated"", ""scope"": ""event"", ""source_url"": ""https://www.sec.gov/Archives/edgar/data/1810019/000181001926000058/rxt-20260610.htm"", ""specificity"": ""concrete""}, ""cost_cutting"": {""summary"": ""Plan is expected to save $75–85 million annually, with substantial reinvestment."", ""attribution"": ""company_stated"", ""scope"": ""event"", ""source_url"": ""https://www.sec.gov/Archives/edgar/data/1810019/000181001926000058/rxt-20260610.htm"", ""specificity"": ""concrete""}}",[],[],"{""date"": ""2026-09-17"", ""status"": ""source_reviewed"", ""note"": ""June 16 filing links a 15% reduction to legacy Public Cloud service delivery, resource reallocation toward enterprise AI and expected annual savings. It does not say all affected workers are replaced by AI."", ""sources"": [""https://www.bizjournals.com/sanantonio/news/2026/06/16/rackspace-slashes-local-workforce.html"", ""https://www.sec.gov/Archives/edgar/data/1810019/000181001926000058/rxt-20260610.htm""], ""issues"": []}",specified,"June 16 filing links a 15% reduction to legacy Public Cloud service delivery, resource reallocation toward enterprise AI and expected annual savings. It does not say all affected workers are replaced by AI.",2,"{""status"": ""identified"", ""functions"": [""operations""], ""details"": [{""functions"": [""operations""], ""summary"": ""Filing identifies legacy service delivery, primarily in the Public Cloud unit."", ""attribution"": ""company_stated"", ""source_url"": ""https://www.sec.gov/Archives/edgar/data/1810019/000181001926000058/rxt-20260610.htm"", ""evidence_access"": ""full""}], ""units"": [{""name"": ""Public Cloud"", ""summary"": ""Public Cloud is the business unit, not an occupational category."", ""source_url"": ""https://www.sec.gov/Archives/edgar/data/1810019/000181001926000058/rxt-20260610.htm""}], ""levels"": [], ""review"": {""date"": ""2026-09-17"", ""method"": ""manual_review_of_retrieved_sources_and_existing_evidence"", ""note"": ""Functions explicitly identified for this event; the list is not necessarily exhaustive."", ""sources"": [""https://www.bizjournals.com/sanantonio/news/2026/06/16/rackspace-slashes-local-workforce.html"", ""https://www.sec.gov/Archives/edgar/data/1810019/000181001926000058/rxt-20260610.htm""]}}",,,,,"{""tracker"": ""layoffs.fyi"", ""retrieved"": ""2026-09-17"", ""tracker_date"": ""2026-06-16""}",
layoff-2026-190,Rivian,2026-06-16,,0.02,Unknown,Unknown,Unknown,[],,https://techcrunch.com/2026/06/16/rivian-cuts-hundreds-of-workers-after-r2-deliveries-start/,,announcement,announced_reduction,"[""cost_cutting""]","{""cost_cutting"": {""summary"": ""Company links team reductions to scaling the business profitably."", ""attribution"": ""company_stated"", ""scope"": ""event"", ""source_url"": ""https://techcrunch.com/2026/06/16/rivian-cuts-hundreds-of-workers-after-r2-deliveries-start/"", ""specificity"": ""concrete""}}",[],[],"{""date"": ""2026-09-17"", ""status"": ""source_reviewed"", ""note"": ""Company connects the restructuring to profitable growth; no specific AI mechanism is established."", ""sources"": [""https://techcrunch.com/2026/06/16/rivian-cuts-hundreds-of-workers-after-r2-deliveries-start/""], ""issues"": []}",specified,Company connects the restructuring to profitable growth; no specific AI mechanism is established.,2,"{""status"": ""not_identified"", ""functions"": [], ""details"": [], ""units"": [], ""levels"": [], ""review"": {""date"": ""2026-09-17"", ""method"": ""manual_review_of_retrieved_sources_and_existing_evidence"", ""note"": ""No explicit affected occupation identified in the material reviewed. This does not mean none were affected or that no other source can identify them."", ""sources"": [""https://techcrunch.com/2026/06/16/rivian-cuts-hundreds-of-workers-after-r2-deliveries-start/""]}}",,,,,"{""tracker"": ""layoffs.fyi"", ""retrieved"": ""2026-09-17"", ""tracker_date"": ""2026-06-16""}",
layoff-2026-191,Pleo,2026-06-12,50,,Unknown,Unknown,Unknown,[],,https://tech.eu/2026/06/12/pleo-undertakes-fresh-round-of-job-cuts-around-50-laid-off/,,announcement,announced_reduction,"[""operational_efficiency""]","{""operational_efficiency"": {""summary"": ""Company attributes the changes to stronger focus, simpler decisions and faster product delivery."", ""attribution"": ""company_stated"", ""scope"": ""event"", ""source_url"": ""https://tech.eu/2026/06/12/pleo-undertakes-fresh-round-of-job-cuts-around-50-laid-off/"", ""specificity"": ""generic"", ""evidence_access"": ""full""}}",[],[],"{""date"": ""2026-09-17"", ""status"": ""source_reviewed"", ""note"": ""Company describes focus, simpler decisions and new technology generally, without specifying a staffing mechanism. Explanation review: attributed reasons are recorded below with explicit specificity."", ""sources"": [""https://tech.eu/2026/06/12/pleo-undertakes-fresh-round-of-job-cuts-around-50-laid-off/""], ""issues"": []}",generic,"Generic attributed reason: Company attributes the changes to stronger focus, simpler decisions and faster product delivery.",2,"{""status"": ""identified"", ""functions"": [""engineering"", ""data"", ""product_design""], ""details"": [{""functions"": [""engineering"", ""data"", ""product_design""], ""summary"": ""Reporting identifies Offering teams spanning product, technology, design and data; most affected held engineering/data roles."", ""attribution"": ""press_reported"", ""source_url"": ""https://tech.eu/2026/06/12/pleo-undertakes-fresh-round-of-job-cuts-around-50-laid-off/"", ""evidence_access"": ""full""}], ""units"": [], ""levels"": [], ""review"": {""date"": ""2026-09-17"", ""method"": ""manual_review_of_retrieved_sources_and_existing_evidence"", ""note"": ""Functions explicitly identified for this event; the list is not necessarily exhaustive."", ""sources"": [""https://tech.eu/2026/06/12/pleo-undertakes-fresh-round-of-job-cuts-around-50-laid-off/""]}}",,"{""date"": ""2026-09-17"", ""outcome"": ""generic"", ""note"": ""Event-specific attributed explanation retained at its stated level of detail. Generic language does not establish a concrete operating mechanism or verified causal effect.""}","{""review_date"": ""2026-09-17"", ""outcome"": ""published_reason_remains_general"", ""note_es"": ""La declaración menciona foco, decisiones y entrega de producto. Identifica el área Offering, pero no describe capas suprimidas. El lanzamiento simultáneo de agentes de IA es contexto."", ""open_question_es"": ""¿Qué proceso, actividad o criterio conecta la explicación publicada con estos puestos concretos?"", ""sources"": [""https://tech.eu/2026/06/12/pleo-undertakes-fresh-round-of-job-cuts-around-50-laid-off/"", ""https://thenextweb.com/news/pleo-layoffs-ai-agents-finance""], ""search_scope"": ""Individual reread of event sources and search by company, announcement date and stated rationale; targeted primary-document checks where a relevant lead was found.""}",,"{""tracker"": ""layoffs.fyi"", ""retrieved"": ""2026-09-17"", ""tracker_date"": ""2026-06-12""}",
layoff-2026-192,ServiceNow,2026-06-11,54,,Unknown,Unknown,Unknown,[],,https://www.siliconvalley.com/2026/06/11/tech-servicenow-jobs-salesforce-layoff-ubisoft-santa-clara-work-ai/amp/,,announcement,announced_reduction,[],{},[],[],"{""date"": ""2026-09-17"", ""status"": ""source_reviewed"", ""note"": ""WARN-based reporting identifies 54 planned August departures but gives no causal explanation for the ServiceNow event."", ""sources"": [""https://www.siliconvalley.com/2026/06/11/tech-servicenow-jobs-salesforce-layoff-ubisoft-santa-clara-work-ai/amp/""], ""issues"": []}",unspecified,WARN-based reporting identifies 54 planned August departures but gives no causal explanation for the ServiceNow event.,2,"{""status"": ""not_identified"", ""functions"": [], ""details"": [], ""units"": [], ""levels"": [], ""review"": {""date"": ""2026-09-17"", ""method"": ""manual_review_of_retrieved_sources_and_existing_evidence"", ""note"": ""No explicit affected occupation identified in the material reviewed. This does not mean none were affected or that no other source can identify them."", ""sources"": [""https://www.siliconvalley.com/2026/06/11/tech-servicenow-jobs-salesforce-layoff-ubisoft-santa-clara-work-ai/amp/""]}}",,"{""date"": ""2026-09-17"", ""outcome"": ""no_explanation_identified"", ""method"": ""individual_source_reread_and_alternative_source_search"", ""note"": ""June WARN-based coverage establishes 54 Santa Clara cuts. Later July notices and broad AI-product reporting do not establish a reason for this specific event.""}",,,"{""tracker"": ""layoffs.fyi"", ""retrieved"": ""2026-09-17"", ""tracker_date"": ""2026-06-11""}",
layoff-2026-193,Shopee,2026-06-10,,,Unknown,Unknown,Unknown,[],,https://www.straitstimes.com/business/seas-shopee-cuts-hundreds-of-developer-jobs-during-pivot-to-ai,,announcement,announced_reduction,"[""organizational_realignment""]","{""organizational_realignment"": {""summary"": ""Company describes regular review and adjustment of staffing needs; the report explicitly leaves an AI connection unclear."", ""attribution"": ""company_stated"", ""scope"": ""event"", ""source_url"": ""https://www.straitstimes.com/business/seas-shopee-cuts-hundreds-of-developer-jobs-during-pivot-to-ai"", ""specificity"": ""generic"", ""evidence_access"": ""full""}}",[],[],"{""date"": ""2026-09-17"", ""status"": ""source_reviewed"", ""note"": ""Report explicitly says a direct AI connection is unclear. The 8% figure concerns developers, not all employees. Explanation review: attributed reasons are recorded below with explicit specificity."", ""sources"": [""https://www.straitstimes.com/business/seas-shopee-cuts-hundreds-of-developer-jobs-during-pivot-to-ai""], ""issues"": [""percentage_not_company_wide""]}",generic,Generic attributed reason: Company describes regular review and adjustment of staffing needs; the report explicitly leaves an AI connection unclear.,2,"{""status"": ""identified"", ""functions"": [""engineering""], ""details"": [{""functions"": [""engineering""], ""summary"": ""Reporting identifies developer jobs."", ""attribution"": ""press_reported"", ""source_url"": ""https://www.straitstimes.com/business/seas-shopee-cuts-hundreds-of-developer-jobs-during-pivot-to-ai"", ""evidence_access"": ""full""}], ""units"": [], ""levels"": [], ""review"": {""date"": ""2026-09-17"", ""method"": ""manual_review_of_retrieved_sources_and_existing_evidence"", ""note"": ""Functions explicitly identified for this event; the list is not necessarily exhaustive."", ""sources"": [""https://www.straitstimes.com/business/seas-shopee-cuts-hundreds-of-developer-jobs-during-pivot-to-ai""]}}",,"{""date"": ""2026-09-17"", ""outcome"": ""generic"", ""note"": ""Event-specific attributed explanation retained at its stated level of detail. Generic language does not establish a concrete operating mechanism or verified causal effect.""}","{""review_date"": ""2026-09-17"", ""outcome"": ""published_reason_remains_general"", ""note_es"": ""La cobertura distingue expresamente entre el recorte y una conexión con IA que sigue incierta. El área de QA afectada no demuestra que sus tareas se automatizaran."", ""open_question_es"": ""¿Qué proceso, actividad o criterio conecta la explicación publicada con estos puestos concretos?"", ""sources"": [""https://www.straitstimes.com/business/seas-shopee-cuts-hundreds-of-developer-jobs-during-pivot-to-ai""], ""search_scope"": ""Individual reread of event sources and search by company, announcement date and stated rationale; targeted primary-document checks where a relevant lead was found.""}",,"{""tracker"": ""layoffs.fyi"", ""retrieved"": ""2026-09-17"", ""tracker_date"": ""2026-06-10""}",
layoff-2026-194,Opendoor,2026-06-10,,,Unknown,Unknown,Unknown,[],,https://techcrunch.com/2026/06/10/opendoors-india-exit-is-fueling-a-bigger-conversation-about-ai-and-outsourcing/,,announcement,uncertain,"[""work_relocation"", ""unit_closure""]","{""work_relocation"": {""summary"": ""Operational work is brought back to the US."", ""attribution"": ""company_stated"", ""scope"": ""event"", ""source_url"": ""https://techcrunch.com/2026/06/10/opendoors-india-exit-is-fueling-a-bigger-conversation-about-ai-and-outsourcing/"", ""specificity"": ""concrete""}, ""unit_closure"": {""summary"": ""India operations are shut down."", ""attribution"": ""company_stated"", ""scope"": ""event"", ""source_url"": ""https://techcrunch.com/2026/06/10/opendoors-india-exit-is-fueling-a-bigger-conversation-about-ai-and-outsourcing/"", ""specificity"": ""concrete""}}",[],[],"{""date"": ""2026-09-17"", ""status"": ""source_reviewed"", ""note"": ""CEO links closure to bringing operational work back to the US and smaller AI-native teams. The cited 250 employees describes 2024 staffing, not confirmed June departures."", ""sources"": [""https://techcrunch.com/2026/06/10/opendoors-india-exit-is-fueling-a-bigger-conversation-about-ai-and-outsourcing/""], ""issues"": [""headcount_denominator_uncertain""]}",specified,"CEO links closure to bringing operational work back to the US and smaller AI-native teams. The cited 250 employees describes 2024 staffing, not confirmed June departures.",2,"{""status"": ""identified"", ""functions"": [""operations""], ""details"": [{""functions"": [""operations""], ""summary"": ""CEO identifies operating work being brought back to the United States."", ""attribution"": ""company_stated"", ""source_url"": ""https://techcrunch.com/2026/06/10/opendoors-india-exit-is-fueling-a-bigger-conversation-about-ai-and-outsourcing/"", ""evidence_access"": ""full""}], ""units"": [], ""levels"": [], ""review"": {""date"": ""2026-09-17"", ""method"": ""manual_review_of_retrieved_sources_and_existing_evidence"", ""note"": ""Functions explicitly identified for this event; the list is not necessarily exhaustive."", ""sources"": [""https://techcrunch.com/2026/06/10/opendoors-india-exit-is-fueling-a-bigger-conversation-about-ai-and-outsourcing/""]}}",,,,,"{""tracker"": ""layoffs.fyi"", ""retrieved"": ""2026-09-17"", ""tracker_date"": ""2026-06-10""}",
layoff-2026-195,Veritone,2026-06-10,,0.25,Unknown,Unknown,Unknown,[],,https://www.marketwatch.com/story/veritone-to-cut-at-least-25-of-workforce-64eca1cb,https://investors.veritone.com/sec-filings/all-sec-filings/content/0001628280-26-056828/veri-20260630.htm,announcement,uncertain,"[""cost_cutting""]","{""cost_cutting"": {""summary"": ""June Expense Reduction Plan targets lower workforce and third-party operating costs."", ""attribution"": ""company_stated"", ""scope"": ""announced_plan"", ""source_url"": ""https://investors.veritone.com/sec-filings/all-sec-filings/content/0001628280-26-056828/veri-20260630.htm"", ""specificity"": ""concrete""}}",[],[],"{""date"": ""2026-09-17"", ""status"": ""source_reviewed"", ""note"": ""June plan targets operating-cost reductions. Later filing links this plan to AI tools and agents, but does not specify what work was displaced. The 111 estimate uses an older workforce denominator."", ""sources"": [""https://www.marketwatch.com/story/veritone-to-cut-at-least-25-of-workforce-64eca1cb"", ""https://investors.veritone.com/sec-filings/all-sec-filings/content/0001628280-26-056828/veri-20260630.htm""], ""issues"": [""headcount_denominator_uncertain""]}",specified,"June plan targets operating-cost reductions. Later filing links this plan to AI tools and agents, but does not specify what work was displaced. The 111 estimate uses an older workforce denominator.",2,"{""status"": ""not_identified"", ""functions"": [], ""details"": [], ""units"": [], ""levels"": [], ""review"": {""date"": ""2026-09-17"", ""method"": ""manual_review_of_retrieved_sources_and_existing_evidence"", ""note"": ""No explicit affected occupation identified in the material reviewed. This does not mean none were affected or that no other source can identify them."", ""sources"": [""https://www.marketwatch.com/story/veritone-to-cut-at-least-25-of-workforce-64eca1cb"", ""https://investors.veritone.com/sec-filings/all-sec-filings/content/0001628280-26-056828/veri-20260630.htm""]}}",,,,,"{""tracker"": ""layoffs.fyi"", ""retrieved"": ""2026-09-17"", ""tracker_date"": ""2026-06-10""}",
layoff-2026-196,Paytm,2026-06-09,400,0.01,Unknown,Unknown,Unknown,[],,https://www.moneycontrol.com/news/business/paytm-plans-10-staff-increase-in-ai-pivot-with-some-roles-cut-13944509.html,,announcement,announced_reduction,"[""performance_cull""]","{""performance_cull"": {""summary"": ""Departures follow the current employee performance appraisal cycle."", ""attribution"": ""company_stated"", ""scope"": ""event"", ""source_url"": ""https://www.moneycontrol.com/news/business/paytm-plans-10-staff-increase-in-ai-pivot-with-some-roles-cut-13944509.html"", ""specificity"": ""concrete""}}",[],[],"{""date"": ""2026-09-17"", ""status"": ""source_reviewed"", ""note"": ""Company attributes approximately 400 departures to the performance appraisal cycle. AI hiring is separate context, not evidence that AI caused these cuts."", ""sources"": [""https://www.moneycontrol.com/news/business/paytm-plans-10-staff-increase-in-ai-pivot-with-some-roles-cut-13944509.html""], ""issues"": []}",specified,"Company attributes approximately 400 departures to the performance appraisal cycle. AI hiring is separate context, not evidence that AI caused these cuts.",2,"{""status"": ""not_identified"", ""functions"": [], ""details"": [], ""units"": [], ""levels"": [], ""review"": {""date"": ""2026-09-17"", ""method"": ""manual_review_of_retrieved_sources_and_existing_evidence"", ""note"": ""No explicit affected occupation identified in the material reviewed. This does not mean none were affected or that no other source can identify them."", ""sources"": [""https://www.moneycontrol.com/news/business/paytm-plans-10-staff-increase-in-ai-pivot-with-some-roles-cut-13944509.html""]}}",,,,,"{""tracker"": ""layoffs.fyi"", ""retrieved"": ""2026-09-17"", ""tracker_date"": ""2026-06-09""}",
layoff-2026-197,Verily,2026-06-09,58,,Unknown,Unknown,Unknown,[],,https://www.bizjournals.com/sanfrancisco/news/2026/06/09/sfbt-digest-tuesday-salesforce-layoffs-ucsf-fine.html,https://www.siliconvalley.com/2026/06/11/tech-servicenow-jobs-salesforce-layoff-ubisoft-santa-clara-work-ai/amp/,announcement,announced_reduction,[],{},[],[],"{""date"": ""2026-09-17"", ""status"": ""source_reviewed"", ""note"": ""WARN-based reporting identifies 58 planned August departures at Verily, without a causal explanation."", ""sources"": [""https://www.bizjournals.com/sanfrancisco/news/2026/06/09/sfbt-digest-tuesday-salesforce-layoffs-ucsf-fine.html"", ""https://www.siliconvalley.com/2026/06/11/tech-servicenow-jobs-salesforce-layoff-ubisoft-santa-clara-work-ai/amp/""], ""issues"": []}",unspecified,"WARN-based reporting identifies 58 planned August departures at Verily, without a causal explanation.",2,"{""status"": ""not_identified"", ""functions"": [], ""details"": [], ""units"": [], ""levels"": [], ""review"": {""date"": ""2026-09-17"", ""method"": ""manual_review_of_retrieved_sources_and_existing_evidence"", ""note"": ""No explicit affected occupation identified in the material reviewed. This does not mean none were affected or that no other source can identify them."", ""sources"": [""https://www.bizjournals.com/sanfrancisco/news/2026/06/09/sfbt-digest-tuesday-salesforce-layoffs-ucsf-fine.html"", ""https://www.siliconvalley.com/2026/06/11/tech-servicenow-jobs-salesforce-layoff-ubisoft-santa-clara-work-ai/amp/""]}}",,"{""date"": ""2026-09-17"", ""outcome"": ""no_explanation_identified"", ""method"": ""individual_source_reread_and_alternative_source_search"", ""note"": ""June WARN-based reporting identifies the San Bruno reduction. Searches surfaced earlier Verily rounds and different company Veritone; these cannot explain this event.""}",,,"{""tracker"": ""layoffs.fyi"", ""retrieved"": ""2026-09-17"", ""tracker_date"": ""2026-06-09""}",
layoff-2026-198,Salesforce,2026-06-09,86,,Sales,Post-IPO,United States,"[""SF Bay Area""]",65,https://www.businessinsider.com/salesforce-cuts-jobs-agentforce-2026-6,https://www.siliconvalley.com/2026/06/11/tech-servicenow-jobs-salesforce-layoff-ubisoft-santa-clara-work-ai/amp/,announcement,announced_reduction,[],{},[],[],"{""date"": ""2026-09-17"", ""status"": ""source_reviewed"", ""note"": ""Alternative WARN coverage confirms 86 Salesforce departures scheduled for August, but does not specify a mechanism. AI strategy alone does not establish one."", ""sources"": [""https://www.businessinsider.com/salesforce-cuts-jobs-agentforce-2026-6"", ""https://www.siliconvalley.com/2026/06/11/tech-servicenow-jobs-salesforce-layoff-ubisoft-santa-clara-work-ai/amp/"", ""https://www.theregister.com/saas/2026/06/09/salesforce-layoffs-hit-amid-m3ter-acquisition-and-stock-buyback/5253162""], ""issues"": []}",unspecified,"Alternative WARN coverage confirms 86 Salesforce departures scheduled for August, but does not specify a mechanism. AI strategy alone does not establish one.",2,"{""status"": ""not_identified"", ""functions"": [], ""details"": [], ""units"": [], ""levels"": [], ""review"": {""date"": ""2026-09-17"", ""method"": ""manual_review_of_retrieved_sources_and_existing_evidence"", ""note"": ""No explicit affected occupation identified in the material reviewed. This does not mean none were affected or that no other source can identify them."", ""sources"": [""https://www.businessinsider.com/salesforce-cuts-jobs-agentforce-2026-6"", ""https://www.siliconvalley.com/2026/06/11/tech-servicenow-jobs-salesforce-layoff-ubisoft-santa-clara-work-ai/amp/""]}}",,"{""date"": ""2026-09-17"", ""outcome"": ""no_explanation_identified"", ""method"": ""individual_source_reread_and_alternative_source_search"", ""note"": ""The Register confirms the June notice and says Salesforce had not responded. Acquisitions, buybacks and earlier AI support cuts are context, not an attributed mechanism for the 86 positions.""}",,,"{""tracker"": ""layoffs.fyi"", ""retrieved"": ""2026-09-17"", ""tracker_date"": ""2026-06-09""}",
layoff-2026-199,Hailo,2026-06-08,110,0.5,Manufacturing,Series C,Israel,"[""Tel Aviv"", ""Non-U.S.""]",344,https://www.calcalistech.com/ctechnews/article/3hmpcioxj,,announcement,announced_reduction,"[""strategic_pivot""]","{""strategic_pivot"": {""summary"": ""Company redirects its focus toward Physical AI markets and a partner-led distribution model."", ""attribution"": ""company_stated"", ""scope"": ""event"", ""source_url"": ""https://www.calcalistech.com/ctechnews/article/3hmpcioxj"", ""specificity"": ""concrete""}}",[],[],"{""date"": ""2026-09-17"", ""status"": ""source_reviewed"", ""note"": ""Company specifies a pivot toward robotics and drones and reliance on distribution partners that reduces internal support needs. Funding problems are context without an explicit event-level attribution."", ""sources"": [""https://www.calcalistech.com/ctechnews/article/3hmpcioxj""], ""issues"": []}",specified,Company specifies a pivot toward robotics and drones and reliance on distribution partners that reduces internal support needs. Funding problems are context without an explicit event-level attribution.,2,"{""status"": ""identified"", ""functions"": [""support"", ""operations""], ""details"": [{""functions"": [""support"", ""operations""], ""summary"": ""Company connects the reduction to lower need for internal customer support and deployment teams."", ""attribution"": ""company_stated"", ""source_url"": ""https://www.calcalistech.com/ctechnews/article/3hmpcioxj"", ""evidence_access"": ""full""}], ""units"": [], ""levels"": [], ""review"": {""date"": ""2026-09-17"", ""method"": ""manual_review_of_retrieved_sources_and_existing_evidence"", ""note"": ""Functions explicitly identified for this event; the list is not necessarily exhaustive."", ""sources"": [""https://www.calcalistech.com/ctechnews/article/3hmpcioxj""]}}",,,,,"{""tracker"": ""layoffs.fyi"", ""retrieved"": ""2026-09-17"", ""tracker_date"": ""2026-06-08""}",
layoff-2026-200,Tools for Humanity,2026-06-08,,,Unknown,Unknown,Unknown,[],,https://africa.businessinsider.com/news/sam-altmans-eye-scanning-startup-is-laying-off-employees/xwm6hxe,,announcement,announced_reduction,"[""strategic_priorities""]","{""strategic_priorities"": {""summary"": ""Company email links changes in roles and teams to its next stage of strategy and operating priorities."", ""attribution"": ""company_stated"", ""scope"": ""event"", ""source_url"": ""https://africa.businessinsider.com/news/sam-altmans-eye-scanning-startup-is-laying-off-employees/xwm6hxe"", ""specificity"": ""generic"", ""evidence_access"": ""full""}}",[],[],"{""date"": ""2026-09-17"", ""status"": ""source_reviewed"", ""note"": ""Company email invokes changes in strategy and operating priorities without identifying a concrete mechanism. Explanation review: attributed reasons are recorded below with explicit specificity."", ""sources"": [""https://africa.businessinsider.com/news/sam-altmans-eye-scanning-startup-is-laying-off-employees/xwm6hxe""], ""issues"": []}",generic,Generic attributed reason: Company email links changes in roles and teams to its next stage of strategy and operating priorities.,2,"{""status"": ""not_identified"", ""functions"": [], ""details"": [], ""units"": [], ""levels"": [], ""review"": {""date"": ""2026-09-17"", ""method"": ""manual_review_of_retrieved_sources_and_existing_evidence"", ""note"": ""No explicit affected occupation identified in the material reviewed. This does not mean none were affected or that no other source can identify them."", ""sources"": [""https://africa.businessinsider.com/news/sam-altmans-eye-scanning-startup-is-laying-off-employees/xwm6hxe""]}}",,"{""date"": ""2026-09-17"", ""outcome"": ""generic"", ""note"": ""Event-specific attributed explanation retained at its stated level of detail. Generic language does not establish a concrete operating mechanism or verified causal effect.""}","{""review_date"": ""2026-09-17"", ""outcome"": ""published_reason_remains_general"", ""note_es"": ""El correo remite a un town hall posterior para explicar la estrategia. No se recuperó una comunicación pública de esa reunión que detalle el motivo de los puestos eliminados."", ""open_question_es"": ""¿Qué proceso, actividad o criterio conecta la explicación publicada con estos puestos concretos?"", ""sources"": [""https://africa.businessinsider.com/news/sam-altmans-eye-scanning-startup-is-laying-off-employees/xwm6hxe""], ""search_scope"": ""Individual reread of event sources and search by company, announcement date and stated rationale; targeted primary-document checks where a relevant lead was found.""}",,"{""tracker"": ""layoffs.fyi"", ""retrieved"": ""2026-09-17"", ""tracker_date"": ""2026-06-08""}",
layoff-2026-201,Zencity,2026-06-07,15,,Unknown,Unknown,Unknown,[],,https://www.calcalistech.com/ctechnews/article/rkxkiagbgg,,announcement,announced_reduction,"[""operational_efficiency""]","{""operational_efficiency"": {""summary"": ""CTech frames the current cuts as an efficiency effort in its headline. The article supplies no company explanation or concrete mechanism; this is the publication’s attribution."", ""source_url"": ""https://www.calcalistech.com/ctechnews/article/rkxkiagbgg"", ""specificity"": ""generic"", ""attribution"": ""press_reported"", ""scope"": ""event"", ""evidence_access"": ""full""}}",[],[],"{""date"": ""2026-09-17"", ""status"": ""source_reviewed"", ""note"": ""CTech frames the current cuts as an efficiency effort in its headline. The article supplies no company explanation or concrete mechanism; this is the publication’s attribution. Existing overlap, count and plan-scope caveats remain applicable."", ""sources"": [""https://www.calcalistech.com/ctechnews/article/rkxkiagbgg""], ""issues"": []}",generic,CTech frames the current cuts as an efficiency effort in its headline. The article supplies no company explanation or concrete mechanism; this is the publication’s attribution.,2,"{""status"": ""identified"", ""functions"": [""engineering"", ""product_design"", ""operations""], ""details"": [{""functions"": [""engineering"", ""product_design"", ""operations""], ""summary"": ""Original reporting names development, product and professional services."", ""attribution"": ""press_reported"", ""source_url"": ""https://www.calcalistech.com/ctechnews/article/rkxkiagbgg"", ""evidence_access"": ""full""}], ""units"": [], ""levels"": [], ""review"": {""date"": ""2026-09-17"", ""method"": ""manual_review_of_retrieved_sources_and_existing_evidence"", ""note"": ""Functions explicitly identified for this event; the list is not necessarily exhaustive."", ""sources"": [""https://www.calcalistech.com/ctechnews/article/rkxkiagbgg""]}}",,"{""date"": ""2026-09-17"", ""outcome"": ""generic"", ""method"": ""individual_source_reread_and_alternative_source_search"", ""note"": ""CTech frames the current cuts as an efficiency effort in its headline. The article supplies no company explanation or concrete mechanism; this is the publication’s attribution.""}","{""review_date"": ""2026-09-17"", ""outcome"": ""published_reason_remains_general"", ""note_es"": ""Eficiencia es la atribución del titular de CTech; el cuerpo no aporta una declaración ni un mecanismo. La adquisición de Commonplace y el producto de IA son contexto."", ""open_question_es"": ""¿Qué proceso, actividad o criterio conecta la explicación publicada con estos puestos concretos?"", ""sources"": [""https://www.calcalistech.com/ctechnews/article/rkxkiagbgg""], ""search_scope"": ""Individual reread of event sources and search by company, announcement date and stated rationale; targeted primary-document checks where a relevant lead was found.""}",,"{""tracker"": ""layoffs.fyi"", ""retrieved"": ""2026-09-17"", ""tracker_date"": ""2026-06-07""}",
layoff-2026-202,FanDuel,2026-06-05,,,Unknown,Unknown,Unknown,[],,https://frontofficesports.com/fanduel-is-latest-gambling-company-to-cut-jobs/,,announcement,announced_reduction,"[""operational_efficiency"", ""market_conditions"", ""ai_transition""]","{""operational_efficiency"": {""summary"": ""Company says the changes seek agility, focus and execution of its long-term strategy."", ""attribution"": ""company_stated"", ""scope"": ""event"", ""source_url"": ""https://frontofficesports.com/fanduel-is-latest-gambling-company-to-cut-jobs/"", ""specificity"": ""generic"", ""evidence_access"": ""full""}, ""market_conditions"": {""summary"": ""Laid-off employees attribute the cuts partly to prediction-market competition and economic uncertainty."", ""attribution"": ""worker_reported"", ""scope"": ""event"", ""source_url"": ""https://frontofficesports.com/fanduel-is-latest-gambling-company-to-cut-jobs/"", ""specificity"": ""generic"", ""evidence_access"": ""full""}, ""ai_transition"": {""summary"": ""Laid-off employees identify greater emphasis on AI among the reasons they believe led to the cuts; no concrete staffing mechanism is specified."", ""attribution"": ""worker_reported"", ""scope"": ""event"", ""source_url"": ""https://frontofficesports.com/fanduel-is-latest-gambling-company-to-cut-jobs/"", ""specificity"": ""generic"", ""evidence_access"": ""full""}}",[],[],"{""date"": ""2026-09-17"", ""status"": ""source_reviewed"", ""note"": ""Company gives a general explanation. Employees mention AI, competition and the economy, but do not specify an AI staffing mechanism. Explanation review: attributed reasons are recorded below with explicit specificity."", ""sources"": [""https://frontofficesports.com/fanduel-is-latest-gambling-company-to-cut-jobs/""], ""issues"": []}",generic,"Generic attributed reason: Company says the changes seek agility, focus and execution of its long-term strategy. Generic attributed reason: Laid-off employees attribute the cuts partly to prediction-market competition and economic uncertainty. Generic attributed reason: Laid-off employees identify greater emphasis on AI among the reasons they believe led to the cuts; no concrete staffing mechanism is specified.",2,"{""status"": ""identified"", ""functions"": [""engineering"", ""support"", ""sales""], ""details"": [{""functions"": [""engineering"", ""support"", ""sales""], ""summary"": ""Sources identify software engineering, customer service and business development."", ""attribution"": ""press_reported"", ""source_url"": ""https://frontofficesports.com/fanduel-is-latest-gambling-company-to-cut-jobs/"", ""evidence_access"": ""full""}], ""units"": [], ""levels"": [], ""review"": {""date"": ""2026-09-17"", ""method"": ""manual_review_of_retrieved_sources_and_existing_evidence"", ""note"": ""Functions explicitly identified for this event; the list is not necessarily exhaustive."", ""sources"": [""https://frontofficesports.com/fanduel-is-latest-gambling-company-to-cut-jobs/""]}}",,"{""date"": ""2026-09-17"", ""outcome"": ""generic"", ""note"": ""Event-specific attributed explanation retained at its stated level of detail. Generic language does not establish a concrete operating mechanism or verified causal effect.""}","{""review_date"": ""2026-09-17"", ""outcome"": ""published_reason_remains_general"", ""note_es"": ""La empresa describe agilidad; trabajadores señalan IA, competencia e incertidumbre sin un mecanismo específico. El cierre de FanDuel TV pertenece a otra actividad/ronda y no se asigna a todo este anuncio."", ""open_question_es"": ""¿Qué tareas cambian con IA y cómo modifica eso la necesidad de personal en esta ronda?"", ""sources"": [""https://frontofficesports.com/fanduel-is-latest-gambling-company-to-cut-jobs/""], ""search_scope"": ""Individual reread of event sources and search by company, announcement date and stated rationale; targeted primary-document checks where a relevant lead was found.""}",,"{""tracker"": ""layoffs.fyi"", ""retrieved"": ""2026-09-17"", ""tracker_date"": ""2026-06-05""}",
layoff-2026-203,Quizlet,2026-06-05,79,,Unknown,Unknown,Unknown,[],,https://www.siliconvalley.com/2026/06/11/tech-servicenow-jobs-salesforce-layoff-ubisoft-santa-clara-work-ai/amp/,,announcement,announced_reduction,[],{},[],[],"{""date"": ""2026-09-17"", ""status"": ""source_reviewed"", ""note"": ""WARN-based reporting gives 79 departures on June 5, with no stated mechanism."", ""sources"": [""https://www.siliconvalley.com/2026/06/11/tech-servicenow-jobs-salesforce-layoff-ubisoft-santa-clara-work-ai/amp/""], ""issues"": []}",unspecified,"WARN-based reporting gives 79 departures on June 5, with no stated mechanism.",2,"{""status"": ""not_identified"", ""functions"": [], ""details"": [], ""units"": [], ""levels"": [], ""review"": {""date"": ""2026-09-17"", ""method"": ""manual_review_of_retrieved_sources_and_existing_evidence"", ""note"": ""No explicit affected occupation identified in the material reviewed. This does not mean none were affected or that no other source can identify them."", ""sources"": [""https://www.siliconvalley.com/2026/06/11/tech-servicenow-jobs-salesforce-layoff-ubisoft-santa-clara-work-ai/amp/""]}}",,"{""date"": ""2026-09-17"", ""outcome"": ""no_explanation_identified"", ""method"": ""individual_source_reread_and_alternative_source_search"", ""note"": ""June reporting and WARN summaries establish the reduction; no attributable event-specific rationale recovered in the additional search.""}",,,"{""tracker"": ""layoffs.fyi"", ""retrieved"": ""2026-09-17"", ""tracker_date"": ""2026-06-05""}",
layoff-2026-204,Google,2026-06-04,,,Unknown,Unknown,Unknown,[],,https://www.businessinsider.com/google-clouds-quiet-layoffs-hit-cybersecurity-teams-2026-6,,announcement,announced_reduction,[],{},[],[],"{""date"": ""2026-09-17"", ""status"": ""partial"", ""note"": ""Tracker identifies the event, but the linked source could not be read in full during this review. A specific mechanism remains unverified."", ""sources"": [""https://www.businessinsider.com/google-clouds-quiet-layoffs-hit-cybersecurity-teams-2026-6""], ""issues"": [""limited_source_access""]}",unresolved,"Tracker identifies the event, but the linked source could not be read in full during this review. A specific mechanism remains unverified.",2,"{""status"": ""identified"", ""functions"": [""it_security""], ""details"": [{""functions"": [""it_security""], ""summary"": ""Original report title and corroborating reporting identify cybersecurity teams; complete original access remains limited."", ""attribution"": ""press_reported"", ""source_url"": ""https://www.businessinsider.com/google-clouds-quiet-layoffs-hit-cybersecurity-teams-2026-6"", ""evidence_access"": ""partial""}], ""units"": [{""name"": ""Google Cloud / GTIG / Mandiant"", ""summary"": ""Cybersecurity teams within Cloud are named in reporting."", ""source_url"": ""https://stlawyers.ca/blog-news/google-cloud-job-cuts-june-2026/""}], ""levels"": [], ""review"": {""date"": ""2026-09-17"", ""method"": ""manual_review_of_retrieved_sources_and_existing_evidence"", ""note"": ""Functions explicitly identified for this event; the list is not necessarily exhaustive."", ""sources"": [""https://www.businessinsider.com/google-clouds-quiet-layoffs-hit-cybersecurity-teams-2026-6""]}}",,,,,"{""tracker"": ""layoffs.fyi"", ""retrieved"": ""2026-09-17"", ""tracker_date"": ""2026-06-04""}",
layoff-2026-205,Uber,2026-06-03,,,Unknown,Post-IPO,Unknown,[],,https://www.cnbc.com/2026/06/03/uber-layoffs-people-division-ai.html,,announcement,announced_reduction,"[""organizational_consolidation""]","{""organizational_consolidation"": {""summary"": ""Company removes overlap and fragmentation in its people organization."", ""attribution"": ""company_stated"", ""scope"": ""event"", ""source_url"": ""https://www.cnbc.com/2026/06/03/uber-layoffs-people-division-ai.html"", ""specificity"": ""concrete""}}",[],"[{""target"": ""ai_cause_broadly"", ""speaker"": ""company"", ""summary"": ""Company says these cuts did not result from AI."", ""source_url"": ""https://www.cnbc.com/2026/06/03/uber-layoffs-people-division-ai.html""}]","{""date"": ""2026-09-17"", ""status"": ""source_reviewed"", ""note"": ""Company identifies overlapping responsibilities and fragmented teams and explicitly denies AI caused these cuts. Company-wide percentage is well under 1%; 23% applies only to the people division."", ""sources"": [""https://www.cnbc.com/2026/06/03/uber-layoffs-people-division-ai.html""], ""issues"": [""percentage_is_upper_bound""]}",specified,Company identifies overlapping responsibilities and fragmented teams and explicitly denies AI caused these cuts. Company-wide percentage is well under 1%; 23% applies only to the people division.,2,"{""status"": ""identified"", ""functions"": [""people""], ""details"": [{""functions"": [""people""], ""summary"": ""Reporting and company memo identify the People division, including HR and recruitment."", ""attribution"": ""company_stated"", ""source_url"": ""https://www.cnbc.com/2026/06/03/uber-layoffs-people-division-ai.html"", ""evidence_access"": ""full""}], ""units"": [], ""levels"": [], ""review"": {""date"": ""2026-09-17"", ""method"": ""manual_review_of_retrieved_sources_and_existing_evidence"", ""note"": ""Functions explicitly identified for this event; the list is not necessarily exhaustive."", ""sources"": [""https://www.cnbc.com/2026/06/03/uber-layoffs-people-division-ai.html""]}}",,,,,"{""tracker"": ""layoffs.fyi"", ""retrieved"": ""2026-09-17"", ""tracker_date"": ""2026-06-03""}",
layoff-2026-206,Skai,2026-06-03,100,0.2,Unknown,Unknown,Unknown,[],,https://www.calcalistech.com/ctechnews/article/jmjuqzfe6,,announcement,announced_reduction,"[""ai_transition""]","{""ai_transition"": {""summary"": ""Company links its workforce adjustment to AI-related changes in how work is conducted, without specifying the tasks or roles transformed."", ""attribution"": ""company_stated"", ""scope"": ""event"", ""source_url"": ""https://www.calcalistech.com/ctechnews/article/jmjuqzfe6"", ""specificity"": ""generic"", ""evidence_access"": ""full""}}",[],[],"{""date"": ""2026-09-17"", ""status"": ""source_reviewed"", ""note"": ""Company invokes AI and faster workflows, but does not specify changed tasks, displaced roles or transferred investment. AI-first language alone is insufficient. Explanation review: attributed reasons are recorded below with explicit specificity."", ""sources"": [""https://www.calcalistech.com/ctechnews/article/jmjuqzfe6""], ""issues"": []}",generic,"Generic attributed reason: Company links its workforce adjustment to AI-related changes in how work is conducted, without specifying the tasks or roles transformed.",2,"{""status"": ""not_identified"", ""functions"": [], ""details"": [], ""units"": [], ""levels"": [], ""review"": {""date"": ""2026-09-17"", ""method"": ""manual_review_of_retrieved_sources_and_existing_evidence"", ""note"": ""No explicit affected occupation identified in the material reviewed. This does not mean none were affected or that no other source can identify them."", ""sources"": [""https://www.calcalistech.com/ctechnews/article/jmjuqzfe6""]}}",,"{""date"": ""2026-09-17"", ""outcome"": ""generic"", ""note"": ""Event-specific attributed explanation retained at its stated level of detail. Generic language does not establish a concrete operating mechanism or verified causal effect.""}","{""review_date"": ""2026-09-17"", ""outcome"": ""published_reason_remains_general"", ""note_es"": ""La empresa declara cambios en cómo trabaja con IA, pero no especifica qué proceso, tareas o responsabilidades cambian. La fórmula de flujos más rápidos sigue siendo general."", ""open_question_es"": ""¿Qué tareas cambian con IA y cómo modifica eso la necesidad de personal en esta ronda?"", ""sources"": [""https://www.calcalistech.com/ctechnews/article/jmjuqzfe6""], ""search_scope"": ""Individual reread of event sources and search by company, announcement date and stated rationale; targeted primary-document checks where a relevant lead was found.""}",,"{""tracker"": ""layoffs.fyi"", ""retrieved"": ""2026-09-17"", ""tracker_date"": ""2026-06-03""}",
layoff-2026-207,Aleph Farms,2026-06-02,10,,Unknown,Unknown,Unknown,[],,https://www.calcalistech.com/ctechnews/article/ppgzisqav,,announcement,announced_reduction,"[""cost_cutting"", ""strategic_pivot""]","{""cost_cutting"": {""summary"": ""Cuts and outsourcing are intended to reduce operating costs."", ""attribution"": ""press_reported"", ""scope"": ""event"", ""source_url"": ""https://www.calcalistech.com/ctechnews/article/ppgzisqav"", ""specificity"": ""concrete""}, ""strategic_pivot"": {""summary"": ""Company changes to a production model relying mainly on outside manufacturers."", ""attribution"": ""press_reported"", ""scope"": ""event"", ""source_url"": ""https://www.calcalistech.com/ctechnews/article/ppgzisqav"", ""specificity"": ""concrete""}}",[],[],"{""date"": ""2026-09-17"", ""status"": ""source_reviewed"", ""note"": ""Report links additional cuts to cost reduction and an outsourcing-based operating model. Financing difficulties are documented, but the prior-year near-collapse is not this event."", ""sources"": [""https://www.calcalistech.com/ctechnews/article/ppgzisqav""], ""issues"": []}",specified,"Report links additional cuts to cost reduction and an outsourcing-based operating model. Financing difficulties are documented, but the prior-year near-collapse is not this event.",2,"{""status"": ""not_identified"", ""functions"": [], ""details"": [], ""units"": [], ""levels"": [], ""review"": {""date"": ""2026-09-17"", ""method"": ""manual_review_of_retrieved_sources_and_existing_evidence"", ""note"": ""No explicit affected occupation identified in the material reviewed. This does not mean none were affected or that no other source can identify them."", ""sources"": [""https://www.calcalistech.com/ctechnews/article/ppgzisqav""]}}",,,,,"{""tracker"": ""layoffs.fyi"", ""retrieved"": ""2026-09-17"", ""tracker_date"": ""2026-06-02""}",
layoff-2026-208,Manhattan Associates,2026-06-02,,0.06,Unknown,Unknown,Unknown,[],,https://www.marketwatch.com/story/manhattan-associates-to-cut-6-of-workforce-1ff43c4a,https://ir.manh.com/static-files/88023415-72b4-44d1-abb5-d995fcfd2fc0,announcement,announced_plan,"[""operational_efficiency""]","{""operational_efficiency"": {""summary"": ""Company filing describes general efficiency and investment priorities without identifying an operating mechanism."", ""attribution"": ""company_stated"", ""scope"": ""event"", ""source_url"": ""https://ir.manh.com/static-files/88023415-72b4-44d1-abb5-d995fcfd2fc0"", ""specificity"": ""generic"", ""evidence_access"": ""full""}}",[],[],"{""date"": ""2026-09-17"", ""status"": ""source_reviewed"", ""note"": ""Company filing specifies 6% planned cuts and general efficiency and investment priorities, without identifying the concrete mechanism. Explanation review: attributed reasons are recorded below with explicit specificity."", ""sources"": [""https://www.marketwatch.com/story/manhattan-associates-to-cut-6-of-workforce-1ff43c4a"", ""https://ir.manh.com/static-files/88023415-72b4-44d1-abb5-d995fcfd2fc0""], ""issues"": []}",generic,Generic attributed reason: Company filing describes general efficiency and investment priorities without identifying an operating mechanism.,2,"{""status"": ""not_identified"", ""functions"": [], ""details"": [], ""units"": [], ""levels"": [], ""review"": {""date"": ""2026-09-17"", ""method"": ""manual_review_of_retrieved_sources_and_existing_evidence"", ""note"": ""No explicit affected occupation identified in the material reviewed. This does not mean none were affected or that no other source can identify them."", ""sources"": [""https://www.marketwatch.com/story/manhattan-associates-to-cut-6-of-workforce-1ff43c4a"", ""https://ir.manh.com/static-files/88023415-72b4-44d1-abb5-d995fcfd2fc0""]}}",,"{""date"": ""2026-09-17"", ""outcome"": ""generic"", ""note"": ""Event-specific attributed explanation retained at its stated level of detail. Generic language does not establish a concrete operating mechanism or verified causal effect.""}","{""review_date"": ""2026-09-17"", ""outcome"": ""published_reason_remains_general"", ""note_es"": ""El 10-Q confirma el recorte del 1 de junio y repite eficiencia y prioridades. Los gastos de reestructuración describen el costo del despido, no qué cambio operativo lo motiva."", ""open_question_es"": ""¿Qué proceso, actividad o criterio conecta la explicación publicada con estos puestos concretos?"", ""sources"": [""https://www.marketwatch.com/story/manhattan-associates-to-cut-6-of-workforce-1ff43c4a"", ""https://ir.manh.com/static-files/88023415-72b4-44d1-abb5-d995fcfd2fc0"", ""https://www.sec.gov/Archives/edgar/data/1056696/000119312526327591/manh-20260630.htm""], ""search_scope"": ""Individual reread of event sources and search by company, announcement date and stated rationale; targeted primary-document checks where a relevant lead was found.""}",,"{""tracker"": ""layoffs.fyi"", ""retrieved"": ""2026-09-17"", ""tracker_date"": ""2026-06-02""}",
layoff-2026-209,Lightricks,2026-06-01,75,0.17,Unknown,Unknown,Unknown,[],,https://www.calcalistech.com/ctechnews/article/r1dgjt5gmg,,announcement,announced_reduction,"[""strategic_pivot"", ""ai_work_redesign""]","{""strategic_pivot"": {""summary"": ""Company shifts toward AI-model licensing and enterprise customers."", ""attribution"": ""company_stated"", ""scope"": ""event"", ""source_url"": ""https://www.calcalistech.com/ctechnews/article/r1dgjt5gmg"", ""specificity"": ""concrete""}, ""ai_work_redesign"": {""summary"": ""AI-model activity requires specialists who have built models rather than the previous role mix."", ""attribution"": ""company_stated"", ""scope"": ""event"", ""source_url"": ""https://www.calcalistech.com/ctechnews/article/r1dgjt5gmg"", ""specificity"": ""concrete""}}",[],[],"{""date"": ""2026-09-17"", ""status"": ""source_reviewed"", ""note"": ""CEO ties the workforce change to a move into AI-model development requiring different technical expertise. AI competition and funding from Facetune are context, not separate causal assignments."", ""sources"": [""https://www.calcalistech.com/ctechnews/article/r1dgjt5gmg""], ""issues"": []}",specified,"CEO ties the workforce change to a move into AI-model development requiring different technical expertise. AI competition and funding from Facetune are context, not separate causal assignments.",2,"{""status"": ""identified"", ""functions"": [""engineering"", ""product_design""], ""details"": [{""functions"": [""engineering"", ""product_design""], ""summary"": ""Most affected employees are described as working in core software and product development."", ""attribution"": ""press_reported"", ""source_url"": ""https://www.calcalistech.com/ctechnews/article/r1dgjt5gmg"", ""evidence_access"": ""full""}], ""units"": [], ""levels"": [], ""review"": {""date"": ""2026-09-17"", ""method"": ""manual_review_of_retrieved_sources_and_existing_evidence"", ""note"": ""Functions explicitly identified for this event; the list is not necessarily exhaustive."", ""sources"": [""https://www.calcalistech.com/ctechnews/article/r1dgjt5gmg""]}}",,,,,"{""tracker"": ""layoffs.fyi"", ""retrieved"": ""2026-09-17"", ""tracker_date"": ""2026-06-01""}",
layoff-2026-210,Credit Karma,2026-05-30,117,,Unknown,Unknown,Unknown,[],,https://www.thestreet.com/employment/credit-karma-lays-off-hundreds-despite-631m-revenue-jump,https://www.aol.com/articles/credit-karma-lays-off-hundreds-153300000.html,announcement,announced_reduction,"[""organizational_consolidation""]","{""organizational_consolidation"": {""summary"": ""Intuit’s May 20 employee letter explicitly identifies elimination of overlapping TurboTax and Credit Karma roles following integration. Local reporting places this notice within that plan; it does not show that each of the 117 positions had the same rationale."", ""source_url"": ""https://investors.intuit.com/sec-filings/all-sec-filings/content/0000896878-26-000024/fy26q3-ex9902.htm"", ""specificity"": ""concrete"", ""attribution"": ""company_stated"", ""scope"": ""named_subsidiary_within_announced_plan"", ""evidence_access"": ""full""}}",[],[],"{""date"": ""2026-09-17"", ""status"": ""source_reviewed"", ""note"": ""Intuit’s May 20 employee letter explicitly identifies elimination of overlapping TurboTax and Credit Karma roles following integration. Local reporting places this notice within that plan; it does not show that each of the 117 positions had the same rationale. Existing overlap, count and plan-scope caveats remain applicable."", ""sources"": [""https://www.thestreet.com/employment/credit-karma-lays-off-hundreds-despite-631m-revenue-jump"", ""https://www.aol.com/articles/credit-karma-lays-off-hundreds-153300000.html"", ""https://investors.intuit.com/sec-filings/all-sec-filings/content/0000896878-26-000024/fy26q3-ex9902.htm""], ""issues"": [""overlap_with_intuit_may_plan""]}",specified,Intuit’s May 20 employee letter explicitly identifies elimination of overlapping TurboTax and Credit Karma roles following integration. Local reporting places this notice within that plan; it does not show that each of the 117 positions had the same rationale.,2,"{""status"": ""identified"", ""functions"": [""engineering"", ""product_design"", ""corporate"", ""marketing"", ""it_security"", ""people"", ""content"", ""support""], ""details"": [{""functions"": [""engineering"", ""product_design"", ""corporate"", ""marketing"", ""it_security"", ""people"", ""content"", ""support""], ""summary"": ""WARN-based reporting names engineering, product/design, legal/finance/procurement, marketing, security, talent acquisition, editorial and member success."", ""attribution"": ""press_reported"", ""source_url"": ""https://www.aol.com/articles/credit-karma-lays-off-hundreds-153300000.html"", ""evidence_access"": ""full""}], ""units"": [], ""levels"": [""leadership"", ""senior""], ""review"": {""date"": ""2026-09-17"", ""method"": ""manual_review_of_retrieved_sources_and_existing_evidence"", ""note"": ""Functions explicitly identified for this event; the list is not necessarily exhaustive."", ""sources"": [""https://www.thestreet.com/employment/credit-karma-lays-off-hundreds-despite-631m-revenue-jump"", ""https://www.aol.com/articles/credit-karma-lays-off-hundreds-153300000.html""]}}",,"{""date"": ""2026-09-17"", ""outcome"": ""concrete"", ""method"": ""individual_source_reread_and_alternative_source_search"", ""note"": ""Intuit’s May 20 employee letter explicitly identifies elimination of overlapping TurboTax and Credit Karma roles following integration. Local reporting places this notice within that plan; it does not show that each of the 117 positions had the same rationale.""}",,"[{""record_id"": ""layoff-2026-155"", ""relationship"": ""reported_subset"", ""source_url"": ""https://www.aol.com/articles/credit-karma-lays-off-hundreds-153300000.html""}]","{""tracker"": ""layoffs.fyi"", ""retrieved"": ""2026-09-17"", ""tracker_date"": ""2026-05-30""}",
layoff-2026-211,Interview Kickstart,2026-05-29,,,Unknown,Unknown,Unknown,[],,https://inc42.com/buzz/blume-backed-interview-kickstart-lays-off-nearly-50-employees-amid-ai-automation-push/,,announcement,uncertain,"[""demand_decline""]","{""demand_decline"": {""summary"": ""Anonymous accounts link cuts to lower enrollment; the company disputes that decline."", ""attribution"": ""press_reported"", ""scope"": ""event"", ""source_url"": ""https://inc42.com/buzz/blume-backed-interview-kickstart-lays-off-nearly-50-employees-amid-ai-automation-push/"", ""specificity"": ""concrete""}}","[{""kind"": ""disputed_explanation"", ""summary"": ""Cofounder disputes the anonymous enrollment-decline claim and says fewer than 50 employees were affected. Anonymous sources report 80–100."", ""source_url"": ""https://inc42.com/buzz/blume-backed-interview-kickstart-lays-off-nearly-50-employees-amid-ai-automation-push/""}]",[],"{""date"": ""2026-09-17"", ""status"": ""source_reviewed"", ""note"": ""Anonymous accounts attribute restructuring to AI automation and weaker enrollment; cofounder disputes the enrollment claim and reports fewer than 50 affected. The source does not identify the tasks automated."", ""sources"": [""https://inc42.com/buzz/blume-backed-interview-kickstart-lays-off-nearly-50-employees-amid-ai-automation-push/""], ""issues"": [""conflicting_headcounts""]}",specified,Anonymous accounts attribute restructuring to AI automation and weaker enrollment; cofounder disputes the enrollment claim and reports fewer than 50 affected. The source does not identify the tasks automated.,2,"{""status"": ""not_identified"", ""functions"": [], ""details"": [], ""units"": [], ""levels"": [], ""review"": {""date"": ""2026-09-17"", ""method"": ""manual_review_of_retrieved_sources_and_existing_evidence"", ""note"": ""No explicit affected occupation identified in the material reviewed. This does not mean none were affected or that no other source can identify them."", ""sources"": [""https://inc42.com/buzz/blume-backed-interview-kickstart-lays-off-nearly-50-employees-amid-ai-automation-push/""]}}",,,,,"{""tracker"": ""layoffs.fyi"", ""retrieved"": ""2026-09-17"", ""tracker_date"": ""2026-05-29""}",
layoff-2026-212,SentinelOne,2026-05-29,230,0.08,Unknown,Unknown,Unknown,[],,https://www.calcalistech.com/ctechnews/article/r1goyeuxgx,,announcement,announced_reduction,"[""strategic_pivot""]","{""strategic_pivot"": {""summary"": ""Company redirects focus toward its more profitable AI and data businesses."", ""attribution"": ""company_stated"", ""scope"": ""event"", ""source_url"": ""https://www.calcalistech.com/ctechnews/article/r1goyeuxgx"", ""specificity"": ""concrete""}}",[],[],"{""date"": ""2026-09-17"", ""status"": ""source_reviewed"", ""note"": ""CEO links cuts to concentrating on more profitable AI and data operations, a specified change in business focus; no employee replacement mechanism is established."", ""sources"": [""https://www.calcalistech.com/ctechnews/article/r1goyeuxgx""], ""issues"": []}",specified,"CEO links cuts to concentrating on more profitable AI and data operations, a specified change in business focus; no employee replacement mechanism is established.",2,"{""status"": ""not_identified"", ""functions"": [], ""details"": [], ""units"": [], ""levels"": [], ""review"": {""date"": ""2026-09-17"", ""method"": ""manual_review_of_retrieved_sources_and_existing_evidence"", ""note"": ""No explicit affected occupation identified in the material reviewed. This does not mean none were affected or that no other source can identify them."", ""sources"": [""https://www.calcalistech.com/ctechnews/article/r1goyeuxgx""]}}",,,,,"{""tracker"": ""layoffs.fyi"", ""retrieved"": ""2026-09-17"", ""tracker_date"": ""2026-05-29""}",
layoff-2026-213,Rapyd,2026-05-28,,,Unknown,Unknown,Unknown,[],,https://www.calcalistech.com/ctechnews/article/h1r00jfrgzl,,announcement,announced_reduction,"[""ai_productivity"", ""ai_investment_reallocation"", ""unit_closure""]","{""ai_productivity"": {""summary"": ""AI infrastructure enables a more focused team to operate at greater speed and scale."", ""attribution"": ""company_stated"", ""scope"": ""event"", ""source_url"": ""https://www.calcalistech.com/ctechnews/article/h1r00jfrgzl"", ""specificity"": ""concrete""}, ""ai_investment_reallocation"": {""summary"": ""Company explicitly reallocates resources into AI and platform capabilities."", ""attribution"": ""company_stated"", ""scope"": ""event"", ""source_url"": ""https://www.calcalistech.com/ctechnews/article/h1r00jfrgzl"", ""specificity"": ""concrete""}, ""unit_closure"": {""summary"": ""Company sources describe closure of an entire department."", ""attribution"": ""press_reported"", ""scope"": ""event"", ""source_url"": ""https://www.calcalistech.com/ctechnews/article/h1r00jfrgzl"", ""specificity"": ""concrete""}}",[],[],"{""date"": ""2026-09-17"", ""status"": ""source_reviewed"", ""note"": ""CEO explicitly connects a smaller organization with AI-enabled speed and performance and redirects resources to AI investment; reporting also identifies an entire department closure."", ""sources"": [""https://www.calcalistech.com/ctechnews/article/h1r00jfrgzl""], ""issues"": []}",specified,CEO explicitly connects a smaller organization with AI-enabled speed and performance and redirects resources to AI investment; reporting also identifies an entire department closure.,2,"{""status"": ""not_identified"", ""functions"": [], ""details"": [], ""units"": [], ""levels"": [], ""review"": {""date"": ""2026-09-17"", ""method"": ""manual_review_of_retrieved_sources_and_existing_evidence"", ""note"": ""No explicit affected occupation identified in the material reviewed. This does not mean none were affected or that no other source can identify them."", ""sources"": [""https://www.calcalistech.com/ctechnews/article/h1r00jfrgzl""]}}",,,,,"{""tracker"": ""layoffs.fyi"", ""retrieved"": ""2026-09-17"", ""tracker_date"": ""2026-05-28""}",
layoff-2026-214,Amdocs,2026-05-28,,0.07,Unknown,Unknown,Unknown,[],,https://www.calcalistech.com/ctechnews/article/u4qmp07cv,,announcement,announced_reduction,"[""organizational_consolidation"", ""ai_transition""]","{""organizational_consolidation"": {""summary"": ""Globes attributes the May round to a strategy that includes a less hierarchical organization. It does not quantify layers or assign individual positions."", ""source_url"": ""https://en.globes.co.il/en/article-amdocs-to-lay-off-3000-employees-1001544263"", ""attribution"": ""press_reported"", ""scope"": ""event"", ""specificity"": ""concrete"", ""evidence_access"": ""full""}, ""ai_transition"": {""summary"": ""Globes also frames the current strategy around adapting work processes to the AI era, without specifying those processes. The separate GenAI division and investment statements later in the article refer to 2025 and are not transferred to this round."", ""source_url"": ""https://en.globes.co.il/en/article-amdocs-to-lay-off-3000-employees-1001544263"", ""attribution"": ""press_reported"", ""scope"": ""event"", ""specificity"": ""generic"", ""evidence_access"": ""full""}}",[],[],"{""date"": ""2026-09-17"", ""status"": ""source_reviewed"", ""note"": ""Generic-explanation follow-up: concrete attributed detail recovered; see cause_details for speaker, event/subset scope and access limits. Existing count and overlap caveats remain."", ""sources"": [""https://www.calcalistech.com/ctechnews/article/u4qmp07cv"", ""https://en.globes.co.il/en/article-amdocs-to-lay-off-3000-employees-1001544263""], ""issues"": []}",specified,"Globes attributes the May round to a strategy that includes a less hierarchical organization. It does not quantify layers or assign individual positions. Globes also frames the current strategy around adapting work processes to the AI era, without specifying those processes. The separate GenAI division and investment statements later in the article refer to 2025 and are not transferred to this round.",2,"{""status"": ""not_identified"", ""functions"": [], ""details"": [], ""units"": [], ""levels"": [], ""review"": {""date"": ""2026-09-17"", ""method"": ""manual_review_of_retrieved_sources_and_existing_evidence"", ""note"": ""No explicit affected occupation identified in the material reviewed. This does not mean none were affected or that no other source can identify them."", ""sources"": [""https://www.calcalistech.com/ctechnews/article/u4qmp07cv""]}}",,"{""date"": ""2026-09-17"", ""outcome"": ""concrete"", ""note"": ""Further source review identifies a concrete attributed mechanism; this is not independent causal verification.""}","{""review_date"": ""2026-09-17"", ""outcome"": ""mechanism_recovered"", ""note_es"": ""Globes vincula la ronda actual con reducir jerarquías y adaptar procesos a la era de IA. Se registra consolidación organizacional y una atribución genérica de IA a la prensa; la división de GenAI y las declaraciones de inversión citadas después son de 2025."", ""open_question_es"": ""¿Cuántas capas se eliminan y qué responsabilidades cambian?"", ""sources"": [""https://www.calcalistech.com/ctechnews/article/u4qmp07cv"", ""https://en.globes.co.il/en/article-amdocs-to-lay-off-3000-employees-1001544263""], ""search_scope"": ""Individual reread of event sources and search by company, announcement date and stated rationale; targeted primary-document checks where a relevant lead was found.""}",,"{""tracker"": ""layoffs.fyi"", ""retrieved"": ""2026-09-17"", ""tracker_date"": ""2026-05-28""}",
layoff-2026-215,BenchSci,2026-05-28,68,0.3,Unknown,Unknown,Unknown,[],,https://thelogic.co/briefing/benchsci-lays-off-another-30-of-staff-as-it-embraces-ai-agents/,https://www.linkedin.com/posts/liranbelenzon_the-company-were-building-at-benchsci-activity-7465420965041139714-rYRF,announcement,announced_reduction,"[""ai_work_redesign""]","{""ai_work_redesign"": {""summary"": ""CEO links the reduction to a model in which scoped AI agents and employees operate as one team."", ""attribution"": ""company_stated"", ""scope"": ""event"", ""source_url"": ""https://www.linkedin.com/posts/liranbelenzon_the-company-were-building-at-benchsci-activity-7465420965041139714-rYRF"", ""specificity"": ""concrete""}}",[],[],"{""date"": ""2026-09-17"", ""status"": ""source_reviewed"", ""note"": ""CEO statement directly connects the 30% reduction to redesigning teams around human–agent collaboration. Listed workflows are not an explicit inventory of terminated roles."", ""sources"": [""https://thelogic.co/briefing/benchsci-lays-off-another-30-of-staff-as-it-embraces-ai-agents/"", ""https://www.linkedin.com/posts/liranbelenzon_the-company-were-building-at-benchsci-activity-7465420965041139714-rYRF""], ""issues"": []}",specified,CEO statement directly connects the 30% reduction to redesigning teams around human–agent collaboration. Listed workflows are not an explicit inventory of terminated roles.,2,"{""status"": ""not_identified"", ""functions"": [], ""details"": [], ""units"": [], ""levels"": [], ""review"": {""date"": ""2026-09-17"", ""method"": ""manual_review_of_retrieved_sources_and_existing_evidence"", ""note"": ""Engineering, operations and science describe where agents are used. The CEO does not explicitly identify the occupations eliminated."", ""sources"": [""https://thelogic.co/briefing/benchsci-lays-off-another-30-of-staff-as-it-embraces-ai-agents/"", ""https://www.linkedin.com/posts/liranbelenzon_the-company-were-building-at-benchsci-activity-7465420965041139714-rYRF""]}}",,,,,"{""tracker"": ""layoffs.fyi"", ""retrieved"": ""2026-09-17"", ""tracker_date"": ""2026-05-28""}",
layoff-2026-216,Webflow,2026-05-27,,,Unknown,Unknown,Unknown,[],,https://webflow.com/blog/evolving-webflow-for-the-agentic-web,,announcement,announced_reduction,"[""ai_market_disruption"", ""strategic_pivot"", ""organizational_consolidation""]","{""ai_market_disruption"": {""summary"": ""AI builders change the market for simple website requirements."", ""attribution"": ""company_stated"", ""scope"": ""event"", ""source_url"": ""https://webflow.com/blog/evolving-webflow-for-the-agentic-web"", ""specificity"": ""concrete""}, ""strategic_pivot"": {""summary"": ""Company shifts toward an agentic web marketing platform for more complex customer needs."", ""attribution"": ""company_stated"", ""scope"": ""event"", ""source_url"": ""https://webflow.com/blog/evolving-webflow-for-the-agentic-web"", ""specificity"": ""concrete""}, ""organizational_consolidation"": {""summary"": ""Simpler structure reduces handoffs and approvals."", ""attribution"": ""company_stated"", ""scope"": ""event"", ""source_url"": ""https://webflow.com/blog/evolving-webflow-for-the-agentic-web"", ""specificity"": ""concrete""}}",[],[],"{""date"": ""2026-09-17"", ""status"": ""source_reviewed"", ""note"": ""CEO describes AI disruption of simple website building, a shift toward an agentic marketing platform, and fewer handoffs and approvals."", ""sources"": [""https://webflow.com/blog/evolving-webflow-for-the-agentic-web""], ""issues"": []}",specified,"CEO describes AI disruption of simple website building, a shift toward an agentic marketing platform, and fewer handoffs and approvals.",2,"{""status"": ""not_identified"", ""functions"": [], ""details"": [], ""units"": [], ""levels"": [], ""review"": {""date"": ""2026-09-17"", ""method"": ""manual_review_of_retrieved_sources_and_existing_evidence"", ""note"": ""No explicit affected occupation identified in the material reviewed. This does not mean none were affected or that no other source can identify them."", ""sources"": [""https://webflow.com/blog/evolving-webflow-for-the-agentic-web""]}}",,,,,"{""tracker"": ""layoffs.fyi"", ""retrieved"": ""2026-09-17"", ""tracker_date"": ""2026-05-27""}",
layoff-2026-217,NetApp,2026-05-27,77,,Unknown,Unknown,Unknown,[],,https://hoodline.com/2026/05/san-jose-mainstay-netapp-axes-77-jobs-as-bay-area-tech-cuts-deepen/,,announcement,announced_reduction,"[""strategic_priorities"", ""strategic_pivot""]","{""strategic_priorities"": {""summary"": ""NetApp’s statement to CRN links the reduction to aligning investment and staffing with evolving customer priorities and growth opportunities. It does not specify which operating change removes these roles."", ""source_url"": ""https://www.crn.com/news/storage/2026/netapp-layoffs-will-impact-77-in-california-amid-strategic-realignment"", ""specificity"": ""generic"", ""attribution"": ""company_stated"", ""scope"": ""event"", ""evidence_access"": ""full""}, ""strategic_pivot"": {""summary"": ""CRN reports a support manager’s account that cancellation of his project led to his layoff. This is a worker-reported explanation for part of the event, not a reason established for all 77 positions."", ""source_url"": ""https://www.crn.com/news/storage/2026/netapp-layoffs-will-impact-77-in-california-amid-strategic-realignment"", ""attribution"": ""worker_reported"", ""scope"": ""reported_worker_subset"", ""specificity"": ""concrete"", ""evidence_access"": ""full""}}",[],[],"{""date"": ""2026-09-17"", ""status"": ""source_reviewed"", ""note"": ""Generic-explanation follow-up: concrete attributed detail recovered; see cause_details for speaker, event/subset scope and access limits. Existing count and overlap caveats remain."", ""sources"": [""https://hoodline.com/2026/05/san-jose-mainstay-netapp-axes-77-jobs-as-bay-area-tech-cuts-deepen/"", ""https://www.crn.com/news/storage/2026/netapp-layoffs-will-impact-77-in-california-amid-strategic-realignment""], ""issues"": []}",specified,"NetApp’s statement to CRN links the reduction to aligning investment and staffing with evolving customer priorities and growth opportunities. It does not specify which operating change removes these roles. CRN reports a support manager’s account that cancellation of his project led to his layoff. This is a worker-reported explanation for part of the event, not a reason established for all 77 positions.",2,"{""status"": ""identified"", ""functions"": [""engineering"", ""product_design"", ""sales""], ""details"": [{""functions"": [""engineering"", ""product_design"", ""sales""], ""summary"": ""Report identifies software engineering, product management and sales."", ""attribution"": ""press_reported"", ""source_url"": ""https://hoodline.com/2026/05/san-jose-mainstay-netapp-axes-77-jobs-as-bay-area-tech-cuts-deepen/"", ""evidence_access"": ""full""}], ""units"": [], ""levels"": [], ""review"": {""date"": ""2026-09-17"", ""method"": ""manual_review_of_retrieved_sources_and_existing_evidence"", ""note"": ""Functions explicitly identified for this event; the list is not necessarily exhaustive."", ""sources"": [""https://hoodline.com/2026/05/san-jose-mainstay-netapp-axes-77-jobs-as-bay-area-tech-cuts-deepen/""]}}",,"{""date"": ""2026-09-17"", ""outcome"": ""concrete"", ""method"": ""individual_source_reread_and_alternative_source_search"", ""note"": ""Further source review identifies a concrete attributed mechanism; this is not independent causal verification.""}","{""review_date"": ""2026-09-17"", ""outcome"": ""mechanism_recovered"", ""note_es"": ""CRN recoge a un responsable de soporte que atribuye su despido a la cancelación de su proyecto. Se registra un cambio de actividad limitado a ese testimonio; no se generaliza a los 77 puestos ni se adopta la conjetura de un socio comercial."", ""open_question_es"": ""¿Qué proyecto se canceló y a cuántos de los 77 puestos afecta esa decisión?"", ""sources"": [""https://hoodline.com/2026/05/san-jose-mainstay-netapp-axes-77-jobs-as-bay-area-tech-cuts-deepen/"", ""https://www.crn.com/news/storage/2026/netapp-layoffs-will-impact-77-in-california-amid-strategic-realignment""], ""search_scope"": ""Individual reread of event sources and search by company, announcement date and stated rationale; targeted primary-document checks where a relevant lead was found.""}",,"{""tracker"": ""layoffs.fyi"", ""retrieved"": ""2026-09-17"", ""tracker_date"": ""2026-05-27""}",
layoff-2026-218,Picnic,2026-05-26,,1,Unknown,Unknown,Unknown,[],,https://www.bizjournals.com/seattle/news/2026/05/26/picnic-works-cmbg-advisors-abc-baer-inting-bridges.html,https://www.nrn.com/restaurant-technology/pizza-robot-company-picnic-shuts-down,announcement,announced_reduction,"[""shutdown"", ""financial_distress""]","{""shutdown"": {""summary"": ""Company shut down and assets were assigned for liquidation."", ""attribution"": ""press_reported"", ""scope"": ""event"", ""source_url"": ""https://www.nrn.com/restaurant-technology/pizza-robot-company-picnic-shuts-down"", ""specificity"": ""concrete""}, ""financial_distress"": {""summary"": ""Assets were transferred to an assignee to liquidate and repay creditors."", ""attribution"": ""press_reported"", ""scope"": ""event"", ""source_url"": ""https://www.nrn.com/restaurant-technology/pizza-robot-company-picnic-shuts-down"", ""specificity"": ""concrete""}}",[],[],"{""date"": ""2026-09-17"", ""status"": ""source_reviewed"", ""note"": ""Restaurant Business reporting confirms closure and an assignment of assets for creditor repayment on May 11. The public announcement is in May; functions are not broken down."", ""sources"": [""https://www.bizjournals.com/seattle/news/2026/05/26/picnic-works-cmbg-advisors-abc-baer-inting-bridges.html"", ""https://www.nrn.com/restaurant-technology/pizza-robot-company-picnic-shuts-down""], ""issues"": []}",specified,Restaurant Business reporting confirms closure and an assignment of assets for creditor repayment on May 11. The public announcement is in May; functions are not broken down.,2,"{""status"": ""not_identified"", ""functions"": [], ""details"": [], ""units"": [], ""levels"": [], ""review"": {""date"": ""2026-09-17"", ""method"": ""manual_review_of_retrieved_sources_and_existing_evidence"", ""note"": ""No explicit affected occupation identified in the material reviewed. This does not mean none were affected or that no other source can identify them."", ""sources"": [""https://www.bizjournals.com/seattle/news/2026/05/26/picnic-works-cmbg-advisors-abc-baer-inting-bridges.html"", ""https://www.nrn.com/restaurant-technology/pizza-robot-company-picnic-shuts-down""]}}",,,,,"{""tracker"": ""layoffs.fyi"", ""retrieved"": ""2026-09-17"", ""tracker_date"": ""2026-05-26""}",
layoff-2026-219,Groupon,2026-05-26,400,0.25,Unknown,Unknown,Unknown,[],,https://www.wsj.com/business/groupon-to-cut-nearly-a-quarter-of-workforce-in-restructuring-a286bcd5,https://www.sec.gov/Archives/edgar/data/1490281/000149028126000013/grpn-20260521.htm,announcement,announced_plan,"[""cost_cutting"", ""ai_investment_reallocation""]","{""cost_cutting"": {""summary"": ""Restructuring plan targets annualized cost savings."", ""attribution"": ""company_stated"", ""scope"": ""announced_plan"", ""source_url"": ""https://www.sec.gov/Archives/edgar/data/1490281/000149028126000013/grpn-20260521.htm"", ""specificity"": ""concrete""}, ""ai_investment_reallocation"": {""summary"": ""Company plans to reinvest part of restructuring savings into marketing, AI infrastructure and talent."", ""attribution"": ""company_stated"", ""scope"": ""announced_plan"", ""source_url"": ""https://www.sec.gov/Archives/edgar/data/1490281/000149028126000013/grpn-20260521.htm"", ""specificity"": ""concrete""}}",[],[],"{""date"": ""2026-09-17"", ""status"": ""source_reviewed"", ""note"": ""Company filing specifies savings and reinvestment in AI infrastructure among other destinations. It does not establish specific task replacement."", ""sources"": [""https://www.wsj.com/business/groupon-to-cut-nearly-a-quarter-of-workforce-in-restructuring-a286bcd5"", ""https://www.sec.gov/Archives/edgar/data/1490281/000149028126000013/grpn-20260521.htm""], ""issues"": []}",specified,Company filing specifies savings and reinvestment in AI infrastructure among other destinations. It does not establish specific task replacement.,2,"{""status"": ""not_identified"", ""functions"": [], ""details"": [], ""units"": [], ""levels"": [], ""review"": {""date"": ""2026-09-17"", ""method"": ""manual_review_of_retrieved_sources_and_existing_evidence"", ""note"": ""No explicit affected occupation identified in the material reviewed. This does not mean none were affected or that no other source can identify them."", ""sources"": [""https://www.wsj.com/business/groupon-to-cut-nearly-a-quarter-of-workforce-in-restructuring-a286bcd5"", ""https://www.sec.gov/Archives/edgar/data/1490281/000149028126000013/grpn-20260521.htm""]}}",,,,,"{""tracker"": ""layoffs.fyi"", ""retrieved"": ""2026-09-17"", ""tracker_date"": ""2026-05-26""}",
layoff-2026-220,BigID,2026-05-26,,0.2,Unknown,Unknown,Unknown,[],,https://www.calcalistech.com/ctechnews/article/b1lzc87ezl,,announcement,announced_reduction,"[""ai_transition""]","{""ai_transition"": {""summary"": ""Founder attributes workforce adjustments to a transition toward AI-first software development and operations."", ""attribution"": ""company_stated"", ""scope"": ""event"", ""source_url"": ""https://www.calcalistech.com/ctechnews/article/b1lzc87ezl"", ""specificity"": ""generic"", ""evidence_access"": ""full""}}",[],[],"{""date"": ""2026-09-17"", ""status"": ""source_reviewed"", ""note"": ""Founder invokes AI-first development and operations but does not describe which tasks or roles change sufficiently to assign an AI mechanism. Explanation review: attributed reasons are recorded below with explicit specificity."", ""sources"": [""https://www.calcalistech.com/ctechnews/article/b1lzc87ezl""], ""issues"": []}",generic,Generic attributed reason: Founder attributes workforce adjustments to a transition toward AI-first software development and operations.,2,"{""status"": ""not_identified"", ""functions"": [], ""details"": [], ""units"": [], ""levels"": [], ""review"": {""date"": ""2026-09-17"", ""method"": ""manual_review_of_retrieved_sources_and_existing_evidence"", ""note"": ""No explicit affected occupation identified in the material reviewed. This does not mean none were affected or that no other source can identify them."", ""sources"": [""https://www.calcalistech.com/ctechnews/article/b1lzc87ezl""]}}",,"{""date"": ""2026-09-17"", ""outcome"": ""generic"", ""note"": ""Event-specific attributed explanation retained at its stated level of detail. Generic language does not establish a concrete operating mechanism or verified causal effect.""}","{""review_date"": ""2026-09-17"", ""outcome"": ""published_reason_remains_general"", ""note_es"": ""El fundador nombra desarrollo y operaciones como ámbitos de adopción AI-first, pero no describe el cambio en tareas o dotación. El producto de gobernanza de datos no demuestra sustitución interna."", ""open_question_es"": ""¿Qué tareas cambian con IA y cómo modifica eso la necesidad de personal en esta ronda?"", ""sources"": [""https://www.calcalistech.com/ctechnews/article/b1lzc87ezl""], ""search_scope"": ""Individual reread of event sources and search by company, announcement date and stated rationale; targeted primary-document checks where a relevant lead was found.""}",,"{""tracker"": ""layoffs.fyi"", ""retrieved"": ""2026-09-17"", ""tracker_date"": ""2026-05-26""}",
layoff-2026-221,Trend Micro,2026-05-12,45,,Unknown,Unknown,Unknown,[],,https://www.itnews.com.au/news/trend-micros-enterprise-unit-shuts-sydney-engineering-team-625788,,announcement,announced_reduction,"[""organizational_consolidation"", ""work_relocation"", ""unit_closure""]","{""organizational_consolidation"": {""summary"": ""R&D locations are consolidated across global sites."", ""attribution"": ""company_stated"", ""scope"": ""event"", ""source_url"": ""https://www.itnews.com.au/news/trend-micros-enterprise-unit-shuts-sydney-engineering-team-625788"", ""specificity"": ""concrete""}, ""work_relocation"": {""summary"": ""Sydney engineering work moves to Taipei."", ""attribution"": ""press_reported"", ""scope"": ""event"", ""source_url"": ""https://www.itnews.com.au/news/trend-micros-enterprise-unit-shuts-sydney-engineering-team-625788"", ""specificity"": ""concrete""}, ""unit_closure"": {""summary"": ""Sydney R&D function is closed while other local functions continue."", ""attribution"": ""press_reported"", ""scope"": ""event"", ""source_url"": ""https://www.itnews.com.au/news/trend-micros-enterprise-unit-shuts-sydney-engineering-team-625788"", ""specificity"": ""concrete""}}",[],"[{""target"": ""ai_cause_broadly"", ""speaker"": ""anonymous_source"", ""summary"": ""Unnamed TrendAI source says the R&D closure is not due to AI."", ""source_url"": ""https://www.itnews.com.au/news/trend-micros-enterprise-unit-shuts-sydney-engineering-team-625788""}]","{""date"": ""2026-09-17"", ""status"": ""source_reviewed"", ""note"": ""Company confirms R&D-location consolidation; reporting specifies work moving from Sydney to Taipei. AI denial is from an anonymous source, not the company spokesperson."", ""sources"": [""https://www.itnews.com.au/news/trend-micros-enterprise-unit-shuts-sydney-engineering-team-625788""], ""issues"": []}",specified,"Company confirms R&D-location consolidation; reporting specifies work moving from Sydney to Taipei. AI denial is from an anonymous source, not the company spokesperson.",2,"{""status"": ""identified"", ""functions"": [""engineering""], ""details"": [{""functions"": [""engineering""], ""summary"": ""Report identifies all positions in the Sydney R&D/engineering team."", ""attribution"": ""press_reported"", ""source_url"": ""https://www.itnews.com.au/news/trend-micros-enterprise-unit-shuts-sydney-engineering-team-625788"", ""evidence_access"": ""full""}], ""units"": [], ""levels"": [], ""review"": {""date"": ""2026-09-17"", ""method"": ""manual_review_of_retrieved_sources_and_existing_evidence"", ""note"": ""Functions explicitly identified for this event; the list is not necessarily exhaustive."", ""sources"": [""https://www.itnews.com.au/news/trend-micros-enterprise-unit-shuts-sydney-engineering-team-625788""]}}",,,,,"{""tracker"": ""layoffs.fyi"", ""retrieved"": ""2026-09-17"", ""tracker_date"": ""2026-05-12""}",
layoff-2026-222,Noa Technologies,2026-04-22,69,,Unknown,Unknown,Unknown,[],,https://www.bizjournals.com/sanjose/news/2026/04/22/noa-technologies-gbike-layoffs.html,,announcement,announced_reduction,[],{},[],[],"{""date"": ""2026-09-17"", ""status"": ""partial"", ""note"": ""Tracker identifies the event, but the linked source could not be read in full during this review. A specific mechanism remains unverified."", ""sources"": [""https://www.bizjournals.com/sanjose/news/2026/04/22/noa-technologies-gbike-layoffs.html""], ""issues"": [""limited_source_access""]}",unresolved,"Tracker identifies the event, but the linked source could not be read in full during this review. A specific mechanism remains unverified.",2,"{""status"": ""unit_only"", ""functions"": [], ""details"": [], ""units"": [{""name"": ""Google GBike service"", ""summary"": ""Accessible original reporting identifies the bike-service site; it does not establish whether workers are mechanics, drivers or other occupations."", ""source_url"": ""https://www.bizjournals.com/sanjose/news/2026/04/22/noa-technologies-gbike-layoffs.html""}], ""levels"": [], ""review"": {""date"": ""2026-09-17"", ""method"": ""manual_review_of_retrieved_sources_and_existing_evidence"", ""note"": ""A business unit or broad scope is named; this does not supply a complete occupation breakdown."", ""sources"": [""https://www.bizjournals.com/sanjose/news/2026/04/22/noa-technologies-gbike-layoffs.html""]}}",,,,,"{""tracker"": ""layoffs.fyi"", ""retrieved"": ""2026-09-17"", ""tracker_date"": ""2026-04-22""}",
layoff-2026-223,Zondacrypto,2026-04-21,,,Unknown,Unknown,Unknown,[],,https://tvpworld.com/92834466/zonadcrypto-staff-report-chaos-and-mass-layoffs,https://2digital.news/zondacrypto-chief-disappears-employees-receive-termination-emails-as-company-descends-into-chaos/,announcement,announced_reduction,"[""unit_closure""]","{""unit_closure"": {""summary"": ""Termination-agreement templates reported by Polish media cite liquidation of employer Orion Software, a Zondacrypto group company. This supports closure of that employing entity, not a claim that the entire exchange formally entered bankruptcy."", ""source_url"": ""https://www.bankier.pl/wiadomosc/To-oficjalny-koniec-Zondacrypto-Rozwiazane-umowy-oswiadczenie-prezesa-i-zarzuty-do-sledczych-9120791.html"", ""specificity"": ""concrete"", ""attribution"": ""company_stated"", ""scope"": ""named_employing_entity"", ""evidence_access"": ""full""}}",[],[],"{""date"": ""2026-09-17"", ""status"": ""source_reviewed"", ""note"": ""Termination-agreement templates reported by Polish media cite liquidation of employer Orion Software, a Zondacrypto group company. This supports closure of that employing entity, not a claim that the entire exchange formally entered bankruptcy. Existing overlap, count and plan-scope caveats remain applicable."", ""sources"": [""https://tvpworld.com/92834466/zonadcrypto-staff-report-chaos-and-mass-layoffs"", ""https://2digital.news/zondacrypto-chief-disappears-employees-receive-termination-emails-as-company-descends-into-chaos/"", ""https://www.bankier.pl/wiadomosc/To-oficjalny-koniec-Zondacrypto-Rozwiazane-umowy-oswiadczenie-prezesa-i-zarzuty-do-sledczych-9120791.html""], ""issues"": []}",specified,"Termination-agreement templates reported by Polish media cite liquidation of employer Orion Software, a Zondacrypto group company. This supports closure of that employing entity, not a claim that the entire exchange formally entered bankruptcy.",2,"{""status"": ""not_identified"", ""functions"": [], ""details"": [], ""units"": [], ""levels"": [], ""review"": {""date"": ""2026-09-17"", ""method"": ""manual_review_of_retrieved_sources_and_existing_evidence"", ""note"": ""No explicit affected occupation identified in the material reviewed. This does not mean none were affected or that no other source can identify them."", ""sources"": [""https://tvpworld.com/92834466/zonadcrypto-staff-report-chaos-and-mass-layoffs"", ""https://2digital.news/zondacrypto-chief-disappears-employees-receive-termination-emails-as-company-descends-into-chaos/""]}}",,"{""date"": ""2026-09-17"", ""outcome"": ""concrete"", ""method"": ""individual_source_reread_and_alternative_source_search"", ""note"": ""Termination-agreement templates reported by Polish media cite liquidation of employer Orion Software, a Zondacrypto group company. This supports closure of that employing entity, not a claim that the entire exchange formally entered bankruptcy.""}",,,"{""tracker"": ""layoffs.fyi"", ""retrieved"": ""2026-09-17"", ""tracker_date"": ""2026-04-21""}",
layoff-2026-224,Qt Company,2026-04-20,200,,Unknown,Unknown,Unknown,[],,https://www.qt.io/releases/release?slug=insider-information-qt-group-launches-operational-reorganization-to-improve-efficiency,https://view.news.eu.nasdaq.com/view?id=b3a0b3291dabad356568650e5787e33ff&lang=en&src=micro,announcement,announced_plan,"[""cost_cutting"", ""m_and_a""]","{""cost_cutting"": {""summary"": ""Company targets approximately EUR20 million in annual savings."", ""attribution"": ""company_stated"", ""scope"": ""announced_plan"", ""source_url"": ""https://view.news.eu.nasdaq.com/view?id=b3a0b3291dabad356568650e5787e33ff&lang=en&src=micro"", ""specificity"": ""concrete""}, ""m_and_a"": {""summary"": ""Reorganization is explicitly intended to realize acquisition synergies."", ""attribution"": ""company_stated"", ""scope"": ""announced_plan"", ""source_url"": ""https://view.news.eu.nasdaq.com/view?id=b3a0b3291dabad356568650e5787e33ff&lang=en&src=micro"", ""specificity"": ""concrete""}}",[],[],"{""date"": ""2026-09-17"", ""status"": ""source_reviewed"", ""note"": ""Company notice explicitly links reorganization to acquisition synergies and annual cost savings."", ""sources"": [""https://www.qt.io/releases/release?slug=insider-information-qt-group-launches-operational-reorganization-to-improve-efficiency"", ""https://view.news.eu.nasdaq.com/view?id=b3a0b3291dabad356568650e5787e33ff&lang=en&src=micro""], ""issues"": []}",specified,Company notice explicitly links reorganization to acquisition synergies and annual cost savings.,2,"{""status"": ""not_identified"", ""functions"": [], ""details"": [], ""units"": [], ""levels"": [], ""review"": {""date"": ""2026-09-17"", ""method"": ""manual_review_of_retrieved_sources_and_existing_evidence"", ""note"": ""No explicit affected occupation identified in the material reviewed. This does not mean none were affected or that no other source can identify them."", ""sources"": [""https://www.qt.io/releases/release?slug=insider-information-qt-group-launches-operational-reorganization-to-improve-efficiency"", ""https://view.news.eu.nasdaq.com/view?id=b3a0b3291dabad356568650e5787e33ff&lang=en&src=micro""]}}",,,,,"{""tracker"": ""layoffs.fyi"", ""retrieved"": ""2026-09-17"", ""tracker_date"": ""2026-04-20""}",
layoff-2026-225,Qualcomm,2026-04-09,,,Unknown,Unknown,Unknown,[],,https://www.sandiegouniontribune.com/2026/04/09/qualcomm-lays-off-dozens-of-senior-positions-in-san-diego/,https://www.sandiegouniontribune.com/2026/04/09/qualcomm-lays-off-dozens-of-senior-positions-in-san-diego/,announcement,multi_round_period,[],{},[],[],"{""date"": ""2026-09-17"", ""status"": ""source_reviewed"", ""note"": ""Original article recovered, but its April 17 update combines April 2 and April 15 notices: headline/caption and body totals conflict. Functions are reported; a single event headcount cannot be reconciled."", ""sources"": [""https://www.sandiegouniontribune.com/2026/04/09/qualcomm-lays-off-dozens-of-senior-positions-in-san-diego/""], ""issues"": [""updated_article_combines_notices""]}",unspecified,"Original article recovered, but its April 17 update combines April 2 and April 15 notices: headline/caption and body totals conflict. Functions are reported; a single event headcount cannot be reconciled.",2,"{""status"": ""identified"", ""functions"": [""it_security"", ""engineering"", ""marketing"", ""support""], ""details"": [{""functions"": [""it_security"", ""engineering"", ""marketing"", ""support""], ""summary"": ""Updated article names IT, engineering, cybersecurity, marketing and customer service. Scope spans two April notices."", ""attribution"": ""press_reported"", ""source_url"": ""https://www.sandiegouniontribune.com/2026/04/09/qualcomm-lays-off-dozens-of-senior-positions-in-san-diego/"", ""evidence_access"": ""full""}], ""units"": [], ""levels"": [""senior"", ""leadership""], ""review"": {""date"": ""2026-09-17"", ""method"": ""manual_review_of_retrieved_sources_and_existing_evidence"", ""note"": ""Functions explicitly identified for this event; the list is not necessarily exhaustive."", ""sources"": [""https://www.sandiegouniontribune.com/2026/04/09/qualcomm-lays-off-dozens-of-senior-positions-in-san-diego/""]}}",,"{""date"": ""2026-09-17"", ""outcome"": ""no_explanation_identified"", ""method"": ""individual_source_reread_and_alternative_source_search"", ""note"": ""April San Diego reporting confirms cuts but reuses an older company statement. The 2024 explanation and broader quarterly results cannot be assigned to this round; the headcount discrepancy remains flagged.""}",,,"{""tracker"": ""layoffs.fyi"", ""retrieved"": ""2026-09-17"", ""tracker_date"": ""2026-04-09""}","[{""value"": 104, ""attribution"": ""press_reported"", ""source_url"": ""https://www.sandiegouniontribune.com/2026/04/09/qualcomm-lays-off-dozens-of-senior-positions-in-san-diego/"", ""note"": ""Updated body combines April 2 and April 15 notices; original caption says 66; tracker value was 60. Do not assign the combined total to one April 9 event.""}]"
layoff-2026-227,Flex AI,2026-03-24,,1,Unknown,Unknown,Unknown,[],,https://betakit.com/personal-training-app-flex-ai-is-shutting-down/,,announcement,announced_reduction,"[""shutdown"", ""financial_distress""]","{""shutdown"": {""summary"": ""Company ended active operations and dismissed its team."", ""attribution"": ""company_stated"", ""scope"": ""event"", ""source_url"": ""https://betakit.com/personal-training-app-flex-ai-is-shutting-down/"", ""specificity"": ""concrete""}, ""financial_distress"": {""summary"": ""Funding was exhausted after an attempted acquisition failed."", ""attribution"": ""company_stated"", ""scope"": ""event"", ""source_url"": ""https://betakit.com/personal-training-app-flex-ai-is-shutting-down/"", ""specificity"": ""concrete""}}",[],[],"{""date"": ""2026-09-17"", ""status"": ""source_reviewed"", ""note"": ""CEO confirms closure after financing was exhausted and an attempted sale failed. Selling an AI product does not make the closure AI-caused."", ""sources"": [""https://betakit.com/personal-training-app-flex-ai-is-shutting-down/""], ""issues"": []}",specified,CEO confirms closure after financing was exhausted and an attempted sale failed. Selling an AI product does not make the closure AI-caused.,2,"{""status"": ""not_identified"", ""functions"": [], ""details"": [], ""units"": [], ""levels"": [], ""review"": {""date"": ""2026-09-17"", ""method"": ""manual_review_of_retrieved_sources_and_existing_evidence"", ""note"": ""No explicit affected occupation identified in the material reviewed. This does not mean none were affected or that no other source can identify them."", ""sources"": [""https://betakit.com/personal-training-app-flex-ai-is-shutting-down/""]}}",,,,,"{""tracker"": ""layoffs.fyi"", ""retrieved"": ""2026-09-17"", ""tracker_date"": ""2026-03-24""}",
layoff-2026-228,Algorand Foundation,2026-03-18,,0.25,Unknown,Unknown,Unknown,[],,https://x.com/AlgoFoundation/status/2034298850878652616,,announcement,announced_reduction,"[""market_conditions""]","{""market_conditions"": {""summary"": ""Foundation attributes the reduction to macroeconomic uncertainty and the broader crypto-market downturn."", ""attribution"": ""company_stated"", ""scope"": ""event"", ""source_url"": ""https://x.com/AlgoFoundation/status/2034298850878652616"", ""specificity"": ""generic"", ""evidence_access"": ""full""}}",[],[],"{""date"": ""2026-09-17"", ""status"": ""source_reviewed"", ""note"": ""Foundation cites broad macro uncertainty and a crypto-market downturn without specifying lost demand, funding constraints or another operating mechanism. Explanation review: attributed reasons are recorded below with explicit specificity."", ""sources"": [""https://x.com/AlgoFoundation/status/2034298850878652616""], ""issues"": []}",generic,Generic attributed reason: Foundation attributes the reduction to macroeconomic uncertainty and the broader crypto-market downturn.,2,"{""status"": ""not_identified"", ""functions"": [], ""details"": [], ""units"": [], ""levels"": [], ""review"": {""date"": ""2026-09-17"", ""method"": ""manual_review_of_retrieved_sources_and_existing_evidence"", ""note"": ""No explicit affected occupation identified in the material reviewed. This does not mean none were affected or that no other source can identify them."", ""sources"": [""https://x.com/AlgoFoundation/status/2034298850878652616""]}}",,"{""date"": ""2026-09-17"", ""outcome"": ""generic"", ""note"": ""Event-specific attributed explanation retained at its stated level of detail. Generic language does not establish a concrete operating mechanism or verified causal effect.""}","{""review_date"": ""2026-09-17"", ""outcome"": ""published_reason_remains_general"", ""note_es"": ""El comunicado y el informe trimestral permiten confirmar el recorte. La unificación de actividades y los activos del informe no se presentan como razones de los despidos; no se infiere insolvencia a partir del precio del token."", ""open_question_es"": ""¿Qué proceso, actividad o criterio conecta la explicación publicada con estos puestos concretos?"", ""sources"": [""https://x.com/AlgoFoundation/status/2034298850878652616"", ""https://algorand.co/hubfs/Algorand%20Transparency%20Report%20Q1-2026.pdf""], ""search_scope"": ""Individual reread of event sources and search by company, announcement date and stated rationale; targeted primary-document checks where a relevant lead was found.""}",,"{""tracker"": ""layoffs.fyi"", ""retrieved"": ""2026-09-17"", ""tracker_date"": ""2026-03-18""}",
layoff-2026-229,OP Labs,2026-03-12,20,,Unknown,Unknown,Unknown,[],,https://www.cryptotimes.io/2026/03/12/op-labs-lays-off-employees/,,announcement,announced_reduction,"[""strategic_pivot""]","{""strategic_pivot"": {""summary"": ""CEO explicitly says the company will stop workstreams and do fewer things, rather than redistribute the same workload across fewer staff."", ""attribution"": ""company_stated"", ""scope"": ""event"", ""source_url"": ""https://www.cryptotimes.io/2026/03/12/op-labs-lays-off-employees/"", ""specificity"": ""concrete"", ""evidence_access"": ""full""}}",[],[],"{""date"": ""2026-09-17"", ""status"": ""source_reviewed"", ""note"": ""CEO describes stopping workstreams rather than distributing the same work among fewer staff. This supports a strategic narrowing of activities; financial pressure is explicitly denied. Explanation review: attributed reasons are recorded below with explicit specificity."", ""sources"": [""https://www.cryptotimes.io/2026/03/12/op-labs-lays-off-employees/""], ""issues"": []}",specified,"Concrete attributed mechanism: CEO explicitly says the company will stop workstreams and do fewer things, rather than redistribute the same workload across fewer staff.",2,"{""status"": ""identified"", ""functions"": [""engineering"", ""operations""], ""details"": [{""functions"": [""engineering"", ""operations""], ""summary"": ""CEO describes departing staff as engineers and operators, among other builders."", ""attribution"": ""company_stated"", ""source_url"": ""https://www.cryptotimes.io/2026/03/12/op-labs-lays-off-employees/"", ""evidence_access"": ""full""}], ""units"": [], ""levels"": [], ""review"": {""date"": ""2026-09-17"", ""method"": ""manual_review_of_retrieved_sources_and_existing_evidence"", ""note"": ""Functions explicitly identified for this event; the list is not necessarily exhaustive."", ""sources"": [""https://www.cryptotimes.io/2026/03/12/op-labs-lays-off-employees/""]}}",,"{""date"": ""2026-09-17"", ""outcome"": ""concrete"", ""note"": ""Event-specific attributed explanation retained at its stated level of detail. Generic language does not establish a concrete operating mechanism or verified causal effect.""}",,,"{""tracker"": ""layoffs.fyi"", ""retrieved"": ""2026-09-17"", ""tracker_date"": ""2026-03-12""}",
layoff-2026-230,Marketsource,2026-03-05,57,0.11,Unknown,Unknown,Unknown,[],,https://www.bizjournals.com/atlanta/news/2026/03/05/sales-accelerator-to-lay-off-dozens.html,,announcement,announced_reduction,[],{},[],[],"{""date"": ""2026-09-17"", ""status"": ""partial"", ""note"": ""Tracker identifies the event, but the linked source could not be read in full during this review. A specific mechanism remains unverified."", ""sources"": [""https://www.bizjournals.com/atlanta/news/2026/03/05/sales-accelerator-to-lay-off-dozens.html""], ""issues"": [""limited_source_access""]}",unresolved,"Tracker identifies the event, but the linked source could not be read in full during this review. A specific mechanism remains unverified.",2,"{""status"": ""not_identified"", ""functions"": [], ""details"": [], ""units"": [], ""levels"": [], ""review"": {""date"": ""2026-09-17"", ""method"": ""manual_review_of_retrieved_sources_and_existing_evidence"", ""note"": ""No explicit affected occupation identified in the material reviewed. This does not mean none were affected or that no other source can identify them."", ""sources"": [""https://www.bizjournals.com/atlanta/news/2026/03/05/sales-accelerator-to-lay-off-dozens.html""]}}",,,,,"{""tracker"": ""layoffs.fyi"", ""retrieved"": ""2026-09-17"", ""tracker_date"": ""2026-03-05""}",
layoff-2026-231,Xero,2026-02-18,250,,Unknown,Unknown,Unknown,[],,https://businessdesk.co.nz/article/markets/xero-restructures-with-250-jobs-on-the-line,,announcement,announced_reduction,[],{},[],[],"{""date"": ""2026-09-17"", ""status"": ""partial"", ""note"": ""Accessible preview confirms a proposed restructure and general simplification language; full article is restricted, and a concrete mechanism is not established."", ""sources"": [""https://businessdesk.co.nz/article/markets/xero-restructures-with-250-jobs-on-the-line""], ""issues"": [""limited_source_access""]}",unresolved,"Accessible preview confirms a proposed restructure and general simplification language; full article is restricted, and a concrete mechanism is not established.",2,"{""status"": ""not_identified"", ""functions"": [], ""details"": [], ""units"": [], ""levels"": [], ""review"": {""date"": ""2026-09-17"", ""method"": ""manual_review_of_retrieved_sources_and_existing_evidence"", ""note"": ""No explicit affected occupation identified in the material reviewed. This does not mean none were affected or that no other source can identify them."", ""sources"": [""https://businessdesk.co.nz/article/markets/xero-restructures-with-250-jobs-on-the-line""]}}",,,,,"{""tracker"": ""layoffs.fyi"", ""retrieved"": ""2026-09-17"", ""tracker_date"": ""2026-02-18""}",
layoff-2026-232,Riot Games,2026-02-09,80,,Unknown,Unknown,Unknown,[],,https://www.gamedeveloper.com/business/riot-games-lays-off-roughly-80-employees-from-2xko-team,,announcement,announced_reduction,"[""demand_decline""]","{""demand_decline"": {""summary"": ""Player engagement and momentum did not support the existing team size."", ""attribution"": ""company_stated"", ""scope"": ""event"", ""source_url"": ""https://www.gamedeveloper.com/business/riot-games-lays-off-roughly-80-employees-from-2xko-team"", ""specificity"": ""concrete""}}",[],[],"{""date"": ""2026-09-17"", ""status"": ""source_reviewed"", ""note"": ""Executive producer links cuts to player engagement below the level needed to support the development-team size."", ""sources"": [""https://www.gamedeveloper.com/business/riot-games-lays-off-roughly-80-employees-from-2xko-team""], ""issues"": []}",specified,Executive producer links cuts to player engagement below the level needed to support the development-team size.,2,"{""status"": ""unit_only"", ""functions"": [], ""details"": [], ""units"": [{""name"": ""2XKO development team"", ""summary"": ""Game-development team is identified but not an occupational split between code, art, production and other work."", ""source_url"": ""https://www.gamedeveloper.com/business/riot-games-lays-off-roughly-80-employees-from-2xko-team""}], ""levels"": [], ""review"": {""date"": ""2026-09-17"", ""method"": ""manual_review_of_retrieved_sources_and_existing_evidence"", ""note"": ""A business unit or broad scope is named; this does not supply a complete occupation breakdown."", ""sources"": [""https://www.gamedeveloper.com/business/riot-games-lays-off-roughly-80-employees-from-2xko-team""]}}",,,,,"{""tracker"": ""layoffs.fyi"", ""retrieved"": ""2026-09-17"", ""tracker_date"": ""2026-02-09""}",
layoff-2026-233,Informatica,2026-01-15,35,,Unknown,Unknown,Unknown,[],,https://www.bizjournals.com/sanjose/news/2026/01/15/informatica-acquisition-layoffs-redwood-ity-salesf.html,,announcement,announced_reduction,[],{},[],[],"{""date"": ""2026-09-17"", ""status"": ""partial"", ""note"": ""Tracker identifies the event, but the linked source could not be read in full during this review. A specific mechanism remains unverified."", ""sources"": [""https://www.bizjournals.com/sanjose/news/2026/01/15/informatica-acquisition-layoffs-redwood-ity-salesf.html""], ""issues"": [""limited_source_access""]}",unresolved,"Tracker identifies the event, but the linked source could not be read in full during this review. A specific mechanism remains unverified.",2,"{""status"": ""identified"", ""functions"": [""people"", ""corporate"", ""product_design""], ""details"": [{""functions"": [""people"", ""corporate"", ""product_design""], ""summary"": ""Accessible original caption names executives in HR, corporate development, product development, legal and procurement; full causal report remains restricted."", ""attribution"": ""press_reported"", ""source_url"": ""https://www.bizjournals.com/sanjose/news/2026/01/15/informatica-acquisition-layoffs-redwood-ity-salesf.html"", ""evidence_access"": ""partial""}], ""units"": [], ""levels"": [""leadership""], ""review"": {""date"": ""2026-09-17"", ""method"": ""manual_review_of_retrieved_sources_and_existing_evidence"", ""note"": ""Functions explicitly identified for this event; the list is not necessarily exhaustive."", ""sources"": [""https://www.bizjournals.com/sanjose/news/2026/01/15/informatica-acquisition-layoffs-redwood-ity-salesf.html""]}}",,,,,"{""tracker"": ""layoffs.fyi"", ""retrieved"": ""2026-09-17"", ""tracker_date"": ""2026-01-15""}",
layoff-2026-234,Alle,2026-01-13,,1,Unknown,Unknown,Unknown,[],,https://yourstory.com/2026/01/elevation-capital-backed-ai-stylist-alle-shuts-shop,https://yourstory.com/2026/01/elevation-capital-backed-ai-stylist-alle-shuts-shop,announcement,announced_reduction,"[""shutdown""]","{""shutdown"": {""summary"": ""Founder announces the business closed after repeated unsuccessful pivots."", ""attribution"": ""company_stated"", ""scope"": ""event"", ""source_url"": ""https://yourstory.com/2026/01/elevation-capital-backed-ai-stylist-alle-shuts-shop"", ""specificity"": ""concrete""}}","[{""kind"": ""event_timing"", ""summary"": ""Founder says the closure decision was made in October 2025; January 2026 is the public reporting date."", ""source_url"": ""https://yourstory.com/2026/01/elevation-capital-backed-ai-stylist-alle-shuts-shop""}]",[],"{""date"": ""2026-09-17"", ""status"": ""source_reviewed"", ""note"": ""Full reporting of founder’s announcement confirms closure after unsuccessful product-market-fit attempts. The public announcement is January 2026, but the decision was made in October 2025."", ""sources"": [""https://yourstory.com/2026/01/elevation-capital-backed-ai-stylist-alle-shuts-shop""], ""issues"": [""closure_decision_in_2025""]}",specified,"Full reporting of founder’s announcement confirms closure after unsuccessful product-market-fit attempts. The public announcement is January 2026, but the decision was made in October 2025.",2,"{""status"": ""not_identified"", ""functions"": [], ""details"": [], ""units"": [], ""levels"": [], ""review"": {""date"": ""2026-09-17"", ""method"": ""manual_review_of_retrieved_sources_and_existing_evidence"", ""note"": ""The public announcement is in 2026 but the closure decision was in 2025; no occupational breakdown is given."", ""sources"": [""https://yourstory.com/2026/01/elevation-capital-backed-ai-stylist-alle-shuts-shop""]}}",,,,,"{""tracker"": ""layoffs.fyi"", ""retrieved"": ""2026-09-17"", ""tracker_date"": ""2026-01-13""}",
layoff-2026-235,Dandy,2026-06-03,160,,Unknown,Unknown,Unknown,[],,Internal memo,,announcement,announced_reduction,[],{},[],[],"{""date"": ""2026-09-17"", ""status"": ""unavailable"", ""note"": ""Tracker cites an internal memo. Search found general third-party commentary, but no usable event-specific causal source."", ""sources"": [], ""issues"": [""missing_source""]}",unavailable,"Tracker cites an internal memo. Search found general third-party commentary, but no usable event-specific causal source.",2,"{""status"": ""not_identified"", ""functions"": [], ""details"": [], ""units"": [], ""levels"": [], ""review"": {""date"": ""2026-09-17"", ""method"": ""manual_review_of_retrieved_sources_and_existing_evidence"", ""note"": ""No explicit affected occupation identified in the material reviewed. This does not mean none were affected or that no other source can identify them."", ""sources"": []}}",,,,,"{""tracker"": ""layoffs.fyi"", ""retrieved"": ""2026-09-17"", ""tracker_date"": ""2026-06-03""}",
