record_id,company_id,record_date,record_type,in_report,exclusion_reason,laid_off,workforce_fraction,raised_millions,industry,funding_stage,country,headcount_scope,source_id,source_used_id,review_date,review_status,review_note,cause_status,affected_work_status,work_review_date,work_review_method,work_review_note,schema_version,company_label,reason_count,has_ai_reason,function_count
layoff-2026-002,co_9f25b2fca4e0e7dc33b6,2026-01-07,announcement,1,,350,,180.0,Consumer,Post-IPO,United States,announced_reduction,src_2afcf43cc5c8bf45b0dc,src_675423b86ccab12c3d7a,2026-09-16,source_reviewed,The filing links cuts to AI efficiency and lower operating expenses; it does not identify specific jobs replaced by AI.,specified,not_identified,2026-09-17,manual_review_of_retrieved_sources_and_existing_evidence,No explicit affected occupation identified in the material reviewed. This does not mean none were affected or that no other source can identify them.,2,Angi,2,1,0
layoff-2026-003,co_b839ac795f4853bf5533,2026-01-08,announcement,1,,29,0.18,132.0,Transportation,Series C,Israel,announced_reduction,src_843a8f2ca1378b5eddce,,2026-09-16,source_reviewed,Company-attributed AI productivity; retained from the earlier source review.,specified,not_identified,2026-09-17,manual_review_of_retrieved_sources_and_existing_evidence,No explicit affected occupation identified in the material reviewed. This does not mean none were affected or that no other source can identify them.,2,Foretellix,1,1,0
layoff-2026-004,co_0626e4c636221bf01801,2026-01-08,announcement,1,,30,0.1,344.0,Manufacturing,Series C,Israel,announced_reduction,src_21678cbe75c11f754beb,,2026-09-16,source_reviewed,"Company redirects effort toward robotics and Physical AI; this is a product-market pivot, not employee replacement.",specified,not_identified,2026-09-17,manual_review_of_retrieved_sources_and_existing_evidence,No explicit affected occupation identified in the material reviewed. This does not mean none were affected or that no other source can identify them.,2,Hailo,1,0,0
layoff-2026-005,co_42893599b21c47a9d303,2026-01-08,announcement,1,,250,0.05,547.0,Security,Private Equity,United States,announced_reduction,src_011cc36042e70db29457,src_5dc19f42157b3dd423e5,2026-09-16,source_reviewed,Company reorganizes go-to-market teams around customer segments and account management.,specified,identified,2026-09-17,manual_review_of_retrieved_sources_and_existing_evidence,Functions explicitly identified for this event; the list is not necessarily exhaustive.,2,Kaseya,1,0,1
layoff-2026-006,co_adf040fe0f12f722a813,2026-01-08,announcement,1,,3,,,Product,,United States,announced_reduction,src_a1f9637478ae489e6a2d,,2026-09-16,source_reviewed,Founder links AI-driven traffic and revenue losses to insufficient future payroll funding; three of four engineers is not 75% of the entire company.,specified,identified,2026-09-17,manual_review_of_retrieved_sources_and_existing_evidence,Functions explicitly identified for this event; the list is not necessarily exhaustive.,2,Tailwind Labs,2,1,1
layoff-2026-007,co_089d3f3338c4cb8251ff,2026-01-09,announcement,1,,,,15.0,Manufacturing,Post-IPO,United States,affected_roles_not_gross_layoffs,src_b88f06b42cd315645592,src_0192f963683e2dc43f9c,2026-09-16,source_reviewed,Filing describes facility consolidation and margin improvement. Prior regulatory attribution is unsupported.,specified,identified,2026-09-17,manual_review_of_retrieved_sources_and_existing_evidence,Functions explicitly identified for this event; the list is not necessarily exhaustive.,2,FormFactor,2,0,1
layoff-2026-008,co_877d321dc548da2a58e8,2026-01-12,announcement,1,,119,,5100.0,Retail,Post-IPO,Brazil,announced_reduction,src_6445a5ba8894d693386a,src_65ec8191d5f8a27c21c1,2026-09-16,source_reviewed,Correction explicitly attributes AI-enabled reassignment of UX writing to the reporter; company confirms integration of design and content.,specified,identified,2026-09-17,manual_review_of_retrieved_sources_and_existing_evidence,Functions explicitly identified for this event; the list is not necessarily exhaustive.,2,MercadoLibre,2,1,2
layoff-2026-009,co_4f749de7c24fe9679697,2026-01-13,announcement,1,,1500,0.02,26000.0,Consumer,Post-IPO,United States,announced_reduction,src_5b75d6889750be937394,src_b13e19e4dea6a96dd401,2026-09-16,source_reviewed,Company shifts Reality Labs resources from VR toward wearables.,specified,unit_only,2026-09-17,manual_review_of_retrieved_sources_and_existing_evidence,A business unit or broad scope is named; this does not supply a complete occupation breakdown.,2,Meta,2,0,0
layoff-2026-010,co_bd1530f9ec9362a639da,2026-01-13,announcement,1,,,,184.0,Other,Series D,Israel,announced_reduction,src_0e1a5c0ec4f83b879a1a,,2026-09-16,source_reviewed,Company declined comment. A possible SPAC transaction does not establish a layoff cause.,unspecified,not_identified,2026-09-17,manual_review_of_retrieved_sources_and_existing_evidence,No explicit affected occupation identified in the material reviewed. This does not mean none were affected or that no other source can identify them.,2,StoreDot,0,0,0
layoff-2026-011,co_34f703b1e8a65fe43bd7,2026-01-13,announcement,1,,105,0.07,322.0,Finance,,Israel,announced_reduction,src_2f54aaecd1989a5e319a,,2026-09-16,source_reviewed,Company describes organizational alignment without a specific mechanism. Explanation review: attributed reasons are recorded below with explicit specificity.,generic,not_identified,2026-09-17,manual_review_of_retrieved_sources_and_existing_evidence,No explicit affected occupation identified in the material reviewed. This does not mean none were affected or that no other source can identify them.,2,eToro,1,0,0
layoff-2026-012,co_59a077ff1a430148b137,2026-01-14,announcement,1,,50,0.16,534.0,AI,Series B,Germany,announced_reduction,src_2ab9990d09cd71eb2955,src_7025b4c16af50c477f9d,2026-09-16,source_reviewed,Customer focus and resources for growth remain too general to identify the mechanism. Explanation review: attributed reasons are recorded below with explicit specificity.,generic,not_identified,2026-09-17,manual_review_of_retrieved_sources_and_existing_evidence,No explicit affected occupation identified in the material reviewed. This does not mean none were affected or that no other source can identify them.,2,Aleph Alpha,1,0,0
layoff-2026-013,co_8e385e3cd6c06c046eba,2026-01-14,announcement,1,,500,0.15,,Consumer,Post-IPO,Israel,announced_reduction,src_6d3787c7a8b2a420f2c4,,2026-09-16,source_reviewed,CEO links smaller teams to AI-enabled work and concentration on fewer games.,specified,not_identified,2026-09-17,manual_review_of_retrieved_sources_and_existing_evidence,No explicit affected occupation identified in the material reviewed. This does not mean none were affected or that no other source can identify them.,2,Playtika,2,1,0
layoff-2026-014,co_99b6fa43ea905b2c0f26,2026-01-15,announcement,1,,1600,,663.0,Other,Post-IPO,Sweden,announced_reduction,src_b11343d5be9c9845c12d,src_ff1600eb016dec79ea62,2026-09-16,source_reviewed,"Company release explicitly names cost position. Market stagnation is context, not evidence of collapsing demand.",specified,not_identified,2026-09-17,manual_review_of_retrieved_sources_and_existing_evidence,No explicit affected occupation identified in the material reviewed. This does not mean none were affected or that no other source can identify them.,2,Ericsson,1,0,0
layoff-2026-015,co_6d3a2634f5ac364b36a1,2026-01-15,announcement,1,,100,,565.0,Finance,Series F,United States,announced_reduction,src_b7c1a988d427f63d2af0,src_bb15daf6933140109bf9,2026-09-16,source_reviewed,CEO describes shifting toward mid-market customers and changing development priorities; the previous cost-cutting tag lacked support.,specified,identified,2026-09-17,manual_review_of_retrieved_sources_and_existing_evidence,Functions explicitly identified for this event; the list is not necessarily exhaustive.,2,Tipalti,1,0,2
layoff-2026-016,co_0ef705dd99da0ae4b601,2026-01-16,announcement,1,,60,,451.0,Crypto,,Cayman Islands,announced_reduction,src_ab00aa4aa4013147da72,,2026-09-16,source_reviewed,Company links eliminated duplicate roles to acquisitions; reported percentage and net staffing are disputed.,specified,not_identified,2026-09-17,manual_review_of_retrieved_sources_and_existing_evidence,No explicit affected occupation identified in the material reviewed. This does not mean none were affected or that no other source can identify them.,2,Polygon,1,0,0
layoff-2026-017,co_a7a93fd1930a610f099b,2026-01-21,announcement,1,,,,450.0,Consumer,Acquired,United States,announced_reduction,src_4a5fbe16ca7aba7c16d4,src_8d34e20228570d0f67c7,2026-09-16,source_reviewed,Acquisition timing does not identify an integration mechanism in the cited report.,unspecified,not_identified,2026-09-17,manual_review_of_retrieved_sources_and_existing_evidence,No explicit affected occupation identified in the material reviewed. This does not mean none were affected or that no other source can identify them.,2,Vimeo,0,0,0
layoff-2026-018,co_d1d87744c691e95de450,2026-01-22,announcement,1,,1000,0.07,,Other,Post-IPO,United States,announced_reduction,src_265ff9357fe7a5434216,src_4828391f332e6f02a96d,2026-09-16,source_reviewed,Company names go-to-market consolidation and reinvestment including AI; denies replacement specifically.,specified,identified,2026-09-17,manual_review_of_retrieved_sources_and_existing_evidence,Functions explicitly identified for this event; the list is not necessarily exhaustive.,2,Autodesk,2,1,1
layoff-2026-019,co_5e875bc90a3601477b5e,2026-01-22,announcement,1,,,,122.0,Retail,Post-IPO,Canada,announced_reduction,src_34ff43ba7842985f4104,,2026-09-16,source_reviewed,Reporting connects partnership cuts with changed commerce priorities; this does not describe AI doing employees' work.,specified,identified,2026-09-17,manual_review_of_retrieved_sources_and_existing_evidence,Functions explicitly identified for this event; the list is not necessarily exhaustive.,2,Shopify,1,0,1
layoff-2026-020,co_b6b5734c1220c826746d,2026-01-24,announcement,1,,220,,1.0,Consumer,Seed,Turkey,announced_reduction,src_9f4bb4516c19da0fa0e9,,2026-09-16,source_reviewed,Employees report management described closing loss-making units. Separate meeting attendance and layoff estimates should not be conflated.,specified,unit_only,2026-09-17,manual_review_of_retrieved_sources_and_existing_evidence,A business unit or broad scope is named; this does not supply a complete occupation breakdown.,2,Roof Stacks,1,0,0
layoff-2026-021,co_bb846881f6a5075c967b,2026-01-25,announcement,1,,,1.0,27.0,Crypto,Seed,United States,announced_reduction,src_9c9f1310a069501a599b,,2026-09-16,source_reviewed,Founder closes the business after finding its model unsuitable for venture-scale growth.,specified,not_identified,2026-09-17,manual_review_of_retrieved_sources_and_existing_evidence,No explicit affected occupation identified in the material reviewed. This does not mean none were affected or that no other source can identify them.,2,Entropy,1,0,0
layoff-2026-022,co_c5c37308cf077a06880f,2026-01-26,announcement,1,,162,,3300.0,Travel,Post-IPO,United States,announced_reduction,src_e471051f3f5cb7e173ac,src_f4b411b12eedfd1a4184,2026-09-16,source_reviewed,Company describes fewer layers; AI comments concern earlier earnings commentary.,specified,not_identified,2026-09-17,manual_review_of_retrieved_sources_and_existing_evidence,No explicit affected occupation identified in the material reviewed. This does not mean none were affected or that no other source can identify them.,2,Expedia,1,0,0
layoff-2026-023,co_63d808f63c2390883c2a,2026-01-27,announcement,1,,110,0.05,425.0,Consumer,,Israel,announced_reduction,src_3413bd0fd5ef5c9b8d47,,2026-09-16,source_reviewed,"The source identifies affected units and broad streamlining, but does not establish cost-cutting as the specific mechanism. Explanation review: attributed reasons are recorded below with explicit specificity.",generic,not_identified,2026-09-17,manual_review_of_retrieved_sources_and_existing_evidence,No explicit affected occupation identified in the material reviewed. This does not mean none were affected or that no other source can identify them.,2,Moon Active,1,0,0
layoff-2026-024,co_78dfd4d79bda7ef82048,2026-01-27,announcement,1,,700,0.15,1500.0,Consumer,Post-IPO,United States,announced_reduction,src_7f52bcbd04dce32798b5,src_8e0def7de1651a7ddcfe,2026-09-16,source_reviewed,Resources redirected toward AI capabilities and AI-focused roles.,specified,not_identified,2026-09-17,manual_review_of_retrieved_sources_and_existing_evidence,No explicit affected occupation identified in the material reviewed. This does not mean none were affected or that no other source can identify them.,2,Pinterest,1,1,0
layoff-2026-025,co_c908d13f30325965c725,2026-01-28,announcement,1,,,,,Hardware,Post-IPO,Netherlands,announced_reduction,src_36171da3c2e2b8cdbf13,,2026-09-16,source_reviewed,"Company replaces matrix structures with dedicated product and module teams; the 1,700 figure is a planned net reduction.",specified,identified,2026-09-17,manual_review_of_retrieved_sources_and_existing_evidence,Functions explicitly identified for this event; the list is not necessarily exhaustive.,2,ASML,1,0,2
layoff-2026-026,co_49d2dc07acd9eff540de,2026-01-28,announcement,1,,16000,,8100.0,Retail,Post-IPO,United States,announced_reduction,src_1570434e8c7820b93266,,2026-09-16,source_reviewed,Current company memo identifies management layers and bureaucracy. AI attribution cannot be imported from another round.,specified,not_identified,2026-09-17,manual_review_of_retrieved_sources_and_existing_evidence,No explicit affected occupation identified in the material reviewed. This does not mean none were affected or that no other source can identify them.,2,Amazon,1,0,0
layoff-2026-027,co_a17f95315268995769c9,2026-01-29,announcement,1,,,,152.0,Consumer,Post-IPO,United States,announced_reduction,src_c9822a1ea25e746a4345,src_02f5b6e9493c5a8479b2,2026-09-17,source_reviewed,"Investor letter directly links targeted workforce reductions to acquisition efficiencies, AI workflows and removing duplication. IT/marketing savings are described, but the letter does not identify the terminated occupations.",specified,not_identified,2026-09-17,manual_review_of_retrieved_sources_and_existing_evidence,"IT and marketing efficiencies are described, but terminated roles are not identified. Do not equate the savings functions with the occupations cut.",2,Gloo,4,1,0
layoff-2026-028,co_400011d6f54f322820e7,2026-01-29,announcement,1,,250,0.36,107.0,Travel,,Czech Republic,announced_reduction,src_5d4eab28c88a4c8d272f,src_114a222a9fa01676cd35,2026-09-17,source_reviewed,"Official January 29 statement reviewed in full: it describes rightsizing teams, agility and faster decisions, without identifying a specific operational mechanism. The statement does not substantiate the reported headcount. Explanation review: attributed reasons are recorded below with explicit specificity.",generic,not_identified,2026-09-17,manual_review_of_retrieved_sources_and_existing_evidence,No explicit affected occupation identified in the material reviewed. This does not mean none were affected or that no other source can identify them.,2,Kiwi.com,1,0,0
layoff-2026-029,co_ff98d8a1e29266f6ad01,2026-01-30,announcement,1,,,0.11,1900.0,Fitness,Post-IPO,United States,announced_reduction,src_d6aab830d998f59640c3,src_ac1213bc7efe6b81b75f,2026-09-16,source_reviewed,Reporting connects the reduction with the existing savings and profitability plan.,specified,identified,2026-09-17,manual_review_of_retrieved_sources_and_existing_evidence,Functions explicitly identified for this event; the list is not necessarily exhaustive.,2,Peloton,1,0,1
layoff-2026-030,co_f08991e36c9780c84de3,2026-01-30,announcement,1,,200,,121.0,Consumer,Series B,India,announced_reduction,src_a5b84722ce31233aa969,src_dd01a855c1651fa6be5b,2026-09-16,source_reviewed,Reporting links cuts to the real-money-gaming ban and lower costs; company describes moving toward other games and content.,specified,not_identified,2026-09-17,manual_review_of_retrieved_sources_and_existing_evidence,No explicit affected occupation identified in the material reviewed. This does not mean none were affected or that no other source can identify them.,2,Zupee,3,0,0
layoff-2026-031,co_c5c37308cf077a06880f,2026-02-01,announcement,1,,100,,3300.0,Travel,Post-IPO,United States,announced_reduction,src_84ea000bbfa9f51b1617,src_9f1b376a9299d310873c,2026-09-16,partial,Austin notice is accessible only in limited coverage. The January company-wide explanation is not automatically evidence for this record.,unresolved,not_identified,2026-09-17,manual_review_of_retrieved_sources_and_existing_evidence,No explicit affected occupation identified in the material reviewed. This does not mean none were affected or that no other source can identify them.,2,Expedia,0,0,0
layoff-2026-032,co_476654f3db72ca0763db,2026-02-02,announcement,1,,200,,97.0,Real Estate,Post-IPO,United States,announced_reduction,src_a5b671f31e86e556b946,src_a57c3f7ddaf14c0c389e,2026-09-16,source_reviewed,Company explicitly describes its regular performance-review process.,specified,not_identified,2026-09-17,manual_review_of_retrieved_sources_and_existing_evidence,No explicit affected occupation identified in the material reviewed. This does not mean none were affected or that no other source can identify them.,2,Zillow,1,0,0
layoff-2026-033,co_cca2be3c517203653330,2026-02-02,announcement,1,,126,,107.0,Transportation,Acquired,United States,announced_reduction,src_7bb4affbb4b48590e84e,,2026-09-16,source_reviewed,Company consolidates office operations in New Jersey.,specified,not_identified,2026-09-17,manual_review_of_retrieved_sources_and_existing_evidence,No explicit affected occupation identified in the material reviewed. This does not mean none were affected or that no other source can identify them.,2,Zipcar,1,0,0
layoff-2026-034,co_2c5185a0d6b8fd2ea352,2026-02-04,announcement,1,,110,,57.0,Finance,Acquired,Israel,announced_reduction,src_921f15a1a841b788f477,,2026-09-16,source_reviewed,Company transfers R&D work to other development centers.,specified,identified,2026-09-17,manual_review_of_retrieved_sources_and_existing_evidence,Functions explicitly identified for this event; the list is not necessarily exhaustive.,2,Rewire,1,0,1
layoff-2026-035,co_bbc323fb4c8234bba43e,2026-02-04,announcement,1,,,,152.0,Other,Post-IPO,United States,announced_reduction,src_b88e8a8181c50424e186,,2026-09-16,source_reviewed,Company statement names organizational priorities without identifying a specific mechanism. Explanation review: attributed reasons are recorded below with explicit specificity.,generic,not_identified,2026-09-17,manual_review_of_retrieved_sources_and_existing_evidence,No explicit affected occupation identified in the material reviewed. This does not mean none were affected or that no other source can identify them.,2,Smartsheet,1,0,0
layoff-2026-036,co_e35c40edf9819dd4f14d,2026-02-04,announcement,1,,400,0.02,230.0,HR,Post-IPO,United States,announced_reduction,src_4283257ce2ce5bdaaeb9,src_3e73a3a62029148bd200,2026-09-16,source_reviewed,High-priority investment and alignment language does not identify why these particular roles disappear. Explanation review: attributed reasons are recorded below with explicit specificity.,generic,identified,2026-09-17,manual_review_of_retrieved_sources_and_existing_evidence,Functions explicitly identified for this event; the list is not necessarily exhaustive.,2,Workday,1,0,1
layoff-2026-037,co_33a7935db79df2a3bf5a,2026-02-09,announcement,1,,,,65.0,Sales,Post-IPO,United States,announced_reduction,src_46036ab4f5f0b1d34bf6,src_d21b69d2d71b0dfab628,2026-09-16,source_reviewed,"Forrester analyst Charlie Dai interprets this fresh round as AI/automation replacing workers. This is an external analyst inference, not a company admission or independently established displacement; the company response discusses support staffing over the preceding year. Existing overlap, count and plan-scope caveats remain applicable.",specified,identified,2026-09-17,manual_review_of_retrieved_sources_and_existing_evidence,Functions explicitly identified for this event; the list is not necessarily exhaustive.,2,Salesforce,1,1,3
layoff-2026-038,co_b3e68ca297051f8c07fe,2026-02-10,announcement,1,,,0.4,,Finance,Series C,India,announced_reduction,src_16c7640bd4c526efe631,src_96fc3b725c56813ed44f,2026-09-16,source_reviewed,Founder explains a shift away from consumer products toward B2B offerings.,specified,unit_only,2026-09-17,manual_review_of_retrieved_sources_and_existing_evidence,A business unit or broad scope is named; this does not supply a complete occupation breakdown.,2,Fi.Money,1,0,0
layoff-2026-039,co_a2a9dd017eddcdfd6aeb,2026-02-11,announcement,1,,,0.05,40.0,HR,Post-IPO,Canada,announced_reduction,src_db18adfd2a5e7d7eb0c1,,2026-09-16,unavailable,The listed internal memo is unavailable; searches did not recover event-specific causal evidence.,unavailable,not_identified,2026-09-17,manual_review_of_retrieved_sources_and_existing_evidence,No explicit affected occupation identified in the material reviewed. This does not mean none were affected or that no other source can identify them.,2,Dayforce,0,0,0
layoff-2026-040,co_48f6de3758908a870063,2026-02-11,announcement,1,,54,0.33,266.0,Retail,Series E,United States,announced_reduction,src_7a8454f9820089a84f67,src_075dc0dcdc200ab806ce,2026-09-17,source_reviewed,"Generic-explanation follow-up: concrete attributed detail recovered; see cause_details for speaker, event/subset scope and access limits. Existing count and overlap caveats remain.",specified,not_identified,2026-09-17,manual_review_of_retrieved_sources_and_existing_evidence,No explicit affected occupation identified in the material reviewed. This does not mean none were affected or that no other source can identify them.,2,Glossier,2,0,0
layoff-2026-041,co_a7d87239b1892a91e516,2026-02-12,announcement,1,,76,,496.0,Sales,Acquired,United States,announced_reduction,src_326e8c9218ec8afa5a33,,2026-09-16,partial,A merger and AI-investment headline is insufficient to verify the previously asserted duplicate roles.,unresolved,not_identified,2026-09-17,manual_review_of_retrieved_sources_and_existing_evidence,No explicit affected occupation identified in the material reviewed. This does not mean none were affected or that no other source can identify them.,2,Clari,0,0,0
layoff-2026-042,co_f2697f5ff5f8bd9ca6ea,2026-02-15,announcement,1,,40,0.04,865.0,Security,Series E,United States,announced_reduction,src_41435b45d764e14ac2e1,,2026-09-16,source_reviewed,"IPO explanation in the article describes the previous November round, not these February cuts.",unspecified,identified,2026-09-17,manual_review_of_retrieved_sources_and_existing_evidence,Functions explicitly identified for this event; the list is not necessarily exhaustive.,2,Axonius,0,0,2
layoff-2026-043,co_762a4843695f2a16ff1f,2026-02-15,announcement,1,,,,264.0,Data,Series C,Israel,announced_reduction,src_dd660c455e5eb4fbfc46,,2026-09-16,source_reviewed,"AI explanation is explicitly a market estimate, not management testimony. Article and recorded dates differ.",specified,identified,2026-09-17,manual_review_of_retrieved_sources_and_existing_evidence,Functions explicitly identified for this event; the list is not necessarily exhaustive.,2,Firebolt,1,1,1
layoff-2026-044,co_df853f864c74fa85acd3,2026-02-15,announcement,1,,50,,,Hardware,,Israel,announced_reduction,src_644bae172dd33ca77884,,2026-09-16,source_reviewed,Reported integration of staff and work into other organizational units identifies consolidation.,specified,identified,2026-09-17,manual_review_of_retrieved_sources_and_existing_evidence,Functions explicitly identified for this event; the list is not necessarily exhaustive.,2,Huawei,1,0,1
layoff-2026-045,co_6ff3bf046e4a00674acc,2026-02-17,announcement,1,,500,0.12,1700.0,Security,Acquired,United States,announced_reduction,src_75c0e3ddbcd72b5b9953,,2026-09-16,source_reviewed,Article infers elimination of overlapping roles after acquisition; this is an attributed inference.,specified,not_identified,2026-09-17,manual_review_of_retrieved_sources_and_existing_evidence,No explicit affected occupation identified in the material reviewed. This does not mean none were affected or that no other source can identify them.,2,Cyberark,1,0,0
layoff-2026-046,co_d0453d627595b632db6c,2026-02-19,announcement,1,,,,87.0,Education,Acquired,United States,announced_reduction,src_a8adb8d4c879bf194c33,,2026-09-16,source_reviewed,"Layoffs affect curriculum work, but the company gives no causal explanation establishing AI replacement.",unspecified,identified,2026-09-17,manual_review_of_retrieved_sources_and_existing_evidence,Functions explicitly identified for this event; the list is not necessarily exhaustive.,2,Codecademy,0,0,1
layoff-2026-047,co_36cd94365abf877999af,2026-02-20,announcement,1,,1000,0.12,482.0,Consumer,Series F,India,multi_round_period,src_742535d001dc0091b706,,2026-09-16,source_reviewed,"Company links agents across functions to cuts; reporting spans six months, not a single-day round.",specified,identified,2026-09-17,manual_review_of_retrieved_sources_and_existing_evidence,Functions explicitly identified for this event; the list is not necessarily exhaustive.,2,Livspace,1,1,4
layoff-2026-048,co_3034195b7be6c820da52,2026-02-20,announcement,1,,,0.12,8300.0,Transportation,Post-IPO,United States,announced_reduction,src_552fa56ec14458a4acb3,,2026-09-16,source_reviewed,Company memo ties cuts to profitability.,specified,unit_only,2026-09-17,manual_review_of_retrieved_sources_and_existing_evidence,A business unit or broad scope is named; this does not supply a complete occupation breakdown.,2,Lucid Motors,1,0,0
layoff-2026-049,co_96a23dd49fb0e856a2c7,2026-02-24,announcement,1,,,,719.0,Consumer,Post-IPO,United States,announced_reduction,src_54164919725949b8ef86,,2026-09-16,source_reviewed,Company statement is general. Analyst savings estimates and earlier AI-use examples do not establish replacement in this round. Explanation review: attributed reasons are recorded below with explicit specificity.,generic,identified,2026-09-17,manual_review_of_retrieved_sources_and_existing_evidence,Functions explicitly identified for this event; the list is not necessarily exhaustive.,2,DraftKings,1,0,2
layoff-2026-050,co_7e1f499c1ad890439453,2026-02-24,announcement,1,,100,0.3,340.0,Transportation,Post-IPO,United States,announced_reduction,src_6f5bded89e5b2e55382a,src_422ed008a01e78116f12,2026-09-16,source_reviewed,Company names profitability and lower operating costs; returning to a core mission is not a specified product pivot.,specified,not_identified,2026-09-17,manual_review_of_retrieved_sources_and_existing_evidence,No explicit affected occupation identified in the material reviewed. This does not mean none were affected or that no other source can identify them.,2,TrueCar,1,0,0
layoff-2026-051,co_9439e50e90ff669e981b,2026-02-24,announcement,1,,2000,0.3,3000.0,Logistics,Post-IPO,Australia,multi_year_plan,src_f1fbe8e8d9355b7f20f5,src_379d0a01b5956f8e2e41,2026-09-16,source_reviewed,Company describes automated work and integration following e2open; announced reductions extend over multiple years.,specified,identified,2026-09-17,manual_review_of_retrieved_sources_and_existing_evidence,Functions explicitly identified for this event; the list is not necessarily exhaustive.,2,WiseTech,2,1,3
layoff-2026-052,co_2c94d7636b7e77c4085a,2026-02-25,announcement,1,,280,0.26,228.0,AI,Post-IPO,United States,announced_reduction,src_b5b589e078221cc969df,src_3f543f3da4fe8e56b6fa,2026-09-16,source_reviewed,"CEO attributes part of the cut to productivity, alongside cost reductions.",specified,not_identified,2026-09-17,manual_review_of_retrieved_sources_and_existing_evidence,No explicit affected occupation identified in the material reviewed. This does not mean none were affected or that no other source can identify them.,2,C3.ai,2,1,0
layoff-2026-053,co_922fd1ec8a1bde5fe65c,2026-02-25,announcement,1,,187,,1700.0,Food,Post-IPO,United Kingdom,announced_reduction,src_a856a1d92d4f151adebb,,2026-09-16,source_reviewed,"Company withdraws from specified markets, eliminating associated operations.",specified,not_identified,2026-09-17,manual_review_of_retrieved_sources_and_existing_evidence,No explicit affected occupation identified in the material reviewed. This does not mean none were affected or that no other source can identify them.,2,Deliveroo,1,0,0
layoff-2026-054,co_211d0bb8cf4f5b5202c2,2026-02-26,announcement,1,,4000,0.4,150.0,Finance,Post-IPO,United States,announced_reduction,src_1be17cbd5eb40044f9e8,src_cc7e8e4fcf08b6389aea,2026-09-16,source_reviewed,Shareholder letter attributes a smaller workforce to intelligence-tool productivity; individual job replacement is not allocated.,specified,not_identified,2026-09-17,manual_review_of_retrieved_sources_and_existing_evidence,No explicit affected occupation identified in the material reviewed. This does not mean none were affected or that no other source can identify them.,2,Block,1,1,0
layoff-2026-055,co_8ffbc1775550471d3323,2026-02-26,announcement,1,,1000,0.05,2000.0,Food,Post-IPO,United Kingdom,announced_reduction,src_e90c74a75c3fe143a348,src_2842ae78b81821a6d8c1,2026-09-16,source_reviewed,"Results identify AI efficiencies, lower technology/support spending and combined operating units.",specified,not_identified,2026-09-17,manual_review_of_retrieved_sources_and_existing_evidence,No explicit affected occupation identified in the material reviewed. This does not mean none were affected or that no other source can identify them.,2,Ocado,3,1,0
layoff-2026-056,co_10c2fec550e262efcc23,2026-02-26,announcement,1,,800,0.06,1200.0,Retail,Post-IPO,Israel,announced_reduction,src_f02582462e1a4cd07b33,src_b73591b7d861bc20b445,2026-09-16,source_reviewed,"Company statement identifies duplication among the current cut criteria. The Depop acquisition is separate context, not the basis for this classification. Explanation review: attributed reasons are recorded below with explicit specificity.",specified,not_identified,2026-09-17,manual_review_of_retrieved_sources_and_existing_evidence,No explicit affected occupation identified in the material reviewed. This does not mean none were affected or that no other source can identify them.,2,eBay,1,0,0
layoff-2026-057,co_816e74e1312a34a2ef36,2026-02-28,announcement,1,,8,0.44,,Finance,Seed,Nigeria,announced_reduction,src_c886730b84a3bd34b5f4,src_c886730b84a3bd34b5f4,2026-09-17,source_reviewed,Full report recovered: CTO attributes the February reduction from 18 to 10 to AI efficiency and cost alignment; former staff separately report support automation making roles redundant.,specified,identified,2026-09-17,manual_review_of_retrieved_sources_and_existing_evidence,Functions explicitly identified for this event; the list is not necessarily exhaustive.,2,Zap Africa,3,1,4
layoff-2026-058,co_e22e35181af3fdb89667,2026-03-02,announcement,1,,,,213.0,Security,Acquired,United States,announced_reduction,src_65c850db2e77f3ac4af3,,2026-09-16,source_reviewed,"Reporting links overlapping functions to the Calabrio combination; company confirms the combination, not each causal detail.",specified,not_identified,2026-09-17,manual_review_of_retrieved_sources_and_existing_evidence,No explicit affected occupation identified in the material reviewed. This does not mean none were affected or that no other source can identify them.,2,Verint Systems,1,0,0
layoff-2026-059,co_fcc4fda748a5ab7a02bd,2026-03-03,announcement,1,,49,,415.0,Other,Post-IPO,United States,announced_reduction,src_c7002512c02c418e8d9c,src_7ac4d2123ea24cfe5c15,2026-09-16,source_reviewed,Filing explicitly links consolidation of Redmond activities into Orlando to lower operating costs.,specified,not_identified,2026-09-17,manual_review_of_retrieved_sources_and_existing_evidence,No explicit affected occupation identified in the material reviewed. This does not mean none were affected or that no other source can identify them.,2,MicroVision,2,0,0
layoff-2026-060,co_49d2dc07acd9eff540de,2026-03-04,announcement,1,,100,,8100.0,Retail,Post-IPO,United States,announced_reduction,src_752617e203d710a1f5b0,src_349fb60f4bfab723b907,2026-09-16,source_reviewed,Company describes routine organizational review; earlier rounds' AI explanations are not event-specific evidence. Explanation review: attributed reasons are recorded below with explicit specificity.,generic,not_identified,2026-09-17,manual_review_of_retrieved_sources_and_existing_evidence,No explicit affected occupation identified in the material reviewed. This does not mean none were affected or that no other source can identify them.,2,Amazon,1,0,0
layoff-2026-061,co_a80d3c2af2fb8afdd2f6,2026-03-04,announcement,1,,25,,296.0,Security,,Israel,announced_reduction,src_0d6531b964054f702222,,2026-09-16,source_reviewed,CEO identifies profitability as the objective of the reduction.,specified,identified,2026-09-17,manual_review_of_retrieved_sources_and_existing_evidence,Functions explicitly identified for this event; the list is not necessarily exhaustive.,2,At-Bay,1,0,1
layoff-2026-062,co_df125aa38b9295e38df7,2026-03-04,announcement,1,,200,0.3,,Marketing,,Australia,announced_reduction,src_98e0b6209502505170d5,,2026-09-16,source_reviewed,"Company links cost reduction and organizational changes to reinvestment, with AI one of several destinations.",specified,not_identified,2026-09-17,manual_review_of_retrieved_sources_and_existing_evidence,No explicit affected occupation identified in the material reviewed. This does not mean none were affected or that no other source can identify them.,2,Envato,3,1,0
layoff-2026-063,co_eb088a2fe645d2a869a0,2026-03-04,announcement,1,,296,0.8,,Transportation,,United States,announced_reduction,src_9e3ac7dd01327183c6f6,,2026-09-16,source_reviewed,Company links cuts to lower costs and consolidation in Irvine.,specified,not_identified,2026-09-17,manual_review_of_retrieved_sources_and_existing_evidence,No explicit affected occupation identified in the material reviewed. This does not mean none were affected or that no other source can identify them.,2,Supernal,2,0,0
layoff-2026-064,co_1eb3ece3958c228c2a93,2026-03-05,announcement,1,,215,,,Retail,Series A,Canada,announced_reduction,src_57b983c28b31b1c17a3e,,2026-09-16,source_reviewed,Reported economic reasons are nonspecific. Insolvency background alone does not establish the mechanism for each cut. Explanation review: attributed reasons are recorded below with explicit specificity.,generic,not_identified,2026-09-17,manual_review_of_retrieved_sources_and_existing_evidence,No explicit affected occupation identified in the material reviewed. This does not mean none were affected or that no other source can identify them.,2,SSense,1,0,0
layoff-2026-065,co_820763ae11ab34ea1158,2026-03-06,announcement,1,,500,,12900.0,Retail,Acquired,India,announced_reduction,src_d3ceb54a730a09b5fdf9,,2026-09-16,source_reviewed,Company attributes cuts to performance reviews.,specified,not_identified,2026-09-17,manual_review_of_retrieved_sources_and_existing_evidence,No explicit affected occupation identified in the material reviewed. This does not mean none were affected or that no other source can identify them.,2,Flipkart,1,0,0
layoff-2026-066,co_c45e764fb05d335c69a5,2026-03-10,announcement,1,,150,,54.0,Finance,Private Equity,United States,announced_reduction,src_ff6e42a7b6a576ceb8da,src_9d9eb1c9b4afa65c97e9,2026-09-17,source_reviewed,"Direct CEO interview and reviewed staff communication connect Digital Wealth cuts to AI productivity, fewer operating centers and a move from bespoke implementations to standardized products.",specified,unit_only,2026-09-17,manual_review_of_retrieved_sources_and_existing_evidence,A business unit or broad scope is named; this does not supply a complete occupation breakdown.,2,InvestCloud,3,1,0
layoff-2026-067,co_b63b20d5b5699a250b11,2026-03-11,announcement,1,,1600,0.1,210.0,Other,Post-IPO,Australia,announced_reduction,src_a942fadaff63e40d6216,src_bbefc935918809022f3d,2026-09-16,source_reviewed,Company links savings to AI and enterprise-sales investment while denying direct replacement.,specified,identified,2026-09-17,manual_review_of_retrieved_sources_and_existing_evidence,Functions explicitly identified for this event; the list is not necessarily exhaustive.,2,Atlassian,2,1,1
layoff-2026-068,co_9a16d16133115e2c81e6,2026-03-13,announcement,1,,,,49.0,Consumer,Acquired,United States,announced_reduction,src_09ab689e89a7088872cb,,2026-09-16,source_reviewed,Founder links shutdown of the current service and redesign to AI-bot disruption.,specified,not_identified,2026-09-17,manual_review_of_retrieved_sources_and_existing_evidence,No explicit affected occupation identified in the material reviewed. This does not mean none were affected or that no other source can identify them.,2,Digg,2,1,0
layoff-2026-069,co_55e635a4ef96770f72c1,2026-03-13,announcement,1,,36,0.12,263.0,Sales,Private Equity,Canada,announced_reduction,src_152929fdae1b31c45186,,2026-09-16,source_reviewed,General market conditions do not establish a measured demand decline or specific mechanism. Explanation review: attributed reasons are recorded below with explicit specificity.,generic,not_identified,2026-09-17,manual_review_of_retrieved_sources_and_existing_evidence,No explicit affected occupation identified in the material reviewed. This does not mean none were affected or that no other source can identify them.,2,Loopio,2,0,0
layoff-2026-070,co_6ffa6b8b1c9fa11cb67a,2026-03-13,announcement,1,,400,0.03,521.0,Finance,Post-IPO,Brazil,announced_reduction,src_626a1a989a983e490ed3,src_bb70227513ccb9f35c6b,2026-09-16,source_reviewed,An anonymous account invokes AI; public company statement does not explain a concrete AI mechanism. Explanation review: attributed reasons are recorded below with explicit specificity.,generic,not_identified,2026-09-17,manual_review_of_retrieved_sources_and_existing_evidence,No explicit affected occupation identified in the material reviewed. This does not mean none were affected or that no other source can identify them.,2,Stone,2,1,0
layoff-2026-072,co_2c0b1284dc4c33be37c9,2026-03-17,announcement,1,,,1.0,6.0,Finance,Seed,United States,announced_reduction,src_079c6f7c0c8bf33a9c11,,2026-09-16,partial,Accessible report quotes founder on insufficient funding and closing the marketplace; full report restricted.,specified,not_identified,2026-09-17,manual_review_of_retrieved_sources_and_existing_evidence,No explicit affected occupation identified in the material reviewed. This does not mean none were affected or that no other source can identify them.,2,FranShares,2,0,0
layoff-2026-073,co_88aaef1316152a78e601,2026-03-19,announcement,1,,,0.12,,Crypto,,Singapore,announced_reduction,src_abafad4f918716278015,src_d0026afec35ac5e46ffc,2026-09-16,source_reviewed,CEO targets roles that cannot adapt to an AI operating model; role redesign is distinct from demonstrated replacement.,specified,not_identified,2026-09-17,manual_review_of_retrieved_sources_and_existing_evidence,No explicit affected occupation identified in the material reviewed. This does not mean none were affected or that no other source can identify them.,2,Crypto.com,1,1,0
layoff-2026-074,co_1dbd59f661d68b90724f,2026-03-19,announcement,1,,,,2900.0,Data,Post-IPO,United States,announced_reduction,src_a80359751eea71d6a200,,2026-09-16,source_reviewed,Company gives a general explanation. Technical-writing cuts plus earlier AI strategy do not establish AI replacement. Explanation review: attributed reasons are recorded below with explicit specificity.,generic,identified,2026-09-17,manual_review_of_retrieved_sources_and_existing_evidence,Functions explicitly identified for this event; the list is not necessarily exhaustive.,2,Snowflake,1,0,1
layoff-2026-075,co_f6ece80b88d6dfbd2f65,2026-03-20,announcement,1,,,0.3,423.0,Crypto,,United States,year_to_date,src_ae74bc76000b0b9f94bb,src_edab231affb8491e5ef8,2026-09-16,source_reviewed,Shareholder letter links a smaller workforce with AI productivity and narrowed markets; reduction is year-to-date.,specified,not_identified,2026-09-17,manual_review_of_retrieved_sources_and_existing_evidence,No explicit affected occupation identified in the material reviewed. This does not mean none were affected or that no other source can identify them.,2,Gemini,3,1,0
layoff-2026-076,co_7005c0064bda4edb7ad7,2026-03-23,announcement,1,,15,,2100.0,Media,Post-IPO,Sweden,announced_reduction,src_1c819682f54b68702e2f,src_6cf274223009e3fd1c3e,2026-09-17,source_reviewed,"Full syndicated Variety report identifies the affected podcast group and editorial staff. Bloomberg separately reports fewer management layers; the mechanism is attributed to reporting, not a company admission.",specified,identified,2026-09-17,manual_review_of_retrieved_sources_and_existing_evidence,Functions explicitly identified for this event; the list is not necessarily exhaustive.,2,Spotify,1,0,1
layoff-2026-077,co_8710257e833cb13e316d,2026-03-24,announcement,1,,1000,,6400.0,Consumer,,United States,announced_reduction,src_9513906047389ea1d637,,2026-09-16,source_reviewed,"Company links lower Fortnite engagement to spending exceeding revenue, and explicitly denies an AI cause.",specified,not_identified,2026-09-17,manual_review_of_retrieved_sources_and_existing_evidence,No explicit affected occupation identified in the material reviewed. This does not mean none were affected or that no other source can identify them.,2,Epic Games,2,0,0
layoff-2026-078,co_4a449f2d804f234ad52b,2026-03-24,announcement,1,,,,1100.0,Data,Post-IPO,Canada,announced_reduction,src_39e1db3f128e3c2a5ff0,,2026-09-16,source_reviewed,Current explanation is general. AI expectations and earlier cost programs are background from other periods. Explanation review: attributed reasons are recorded below with explicit specificity.,generic,identified,2026-09-17,manual_review_of_retrieved_sources_and_existing_evidence,Functions explicitly identified for this event; the list is not necessarily exhaustive.,2,OpenText,1,0,1
layoff-2026-079,co_12e5f2025ea19bfe8f8e,2026-03-24,announcement,1,,100,,85.0,Support,Acquired,United States,announced_reduction,src_db18adfd2a5e7d7eb0c1,src_18e61470c521c3b388aa,2026-09-16,source_reviewed,Alternate report confirms Serbian office closure. Company discusses AI-enabled services but does not identify employee replacement.,specified,not_identified,2026-09-17,manual_review_of_retrieved_sources_and_existing_evidence,No explicit affected occupation identified in the material reviewed. This does not mean none were affected or that no other source can identify them.,2,Zendesk,1,0,0
layoff-2026-080,co_4f749de7c24fe9679697,2026-03-25,announcement,1,,700,0.01,26000.0,Consumer,Post-IPO,United States,announced_reduction,src_8054834567879633f1b8,src_01ffc3e52f8aedf6b7a6,2026-09-16,source_reviewed,Broad organizational language does not establish a mechanism; AI spending is contextual. Explanation review: attributed reasons are recorded below with explicit specificity.,generic,not_identified,2026-09-17,manual_review_of_retrieved_sources_and_existing_evidence,No explicit affected occupation identified in the material reviewed. This does not mean none were affected or that no other source can identify them.,2,Meta,1,0,0
layoff-2026-081,co_3f53f30c2be983ee9e7e,2026-03-26,announcement,1,,,0.3,236.0,Data,Series D,United States,announced_reduction,src_64699b049bbc2d1816c4,,2026-09-16,source_reviewed,CEO describes fewer layers and AI-assisted work enabling a smaller organization.,specified,not_identified,2026-09-17,manual_review_of_retrieved_sources_and_existing_evidence,Examples of staff using AI are not a list of laid-off occupations.,2,Monte Carlo,2,1,0
layoff-2026-082,co_368b523361b14af83dc6,2026-03-26,announcement,1,,,1.0,39.0,Food,Acquired,Germany,announced_reduction,src_e0fe92861eb051ddfc57,src_7ae22d6b47e2b5a0560e,2026-09-16,source_reviewed,Company announces a wind-down expected to finish later in 2026; not a completed closure on the record date.,specified,not_identified,2026-09-17,manual_review_of_retrieved_sources_and_existing_evidence,No explicit affected occupation identified in the material reviewed. This does not mean none were affected or that no other source can identify them.,2,Quandoo,1,0,0
layoff-2026-083,co_28c382368188fec9dccd,2026-03-27,announcement,1,,100,,3500.0,Energy,Series E,Germany,announced_reduction,src_4faa72f4b051b0e7ad94,src_f37690a3525941308d82,2026-09-16,source_reviewed,Reporting identifies closure of the affected customer-services unit; no verified AI mechanism.,specified,not_identified,2026-09-17,manual_review_of_retrieved_sources_and_existing_evidence,No explicit affected occupation identified in the material reviewed. This does not mean none were affected or that no other source can identify them.,2,Enpal,1,0,0
layoff-2026-084,co_806f8c62172abb69e8f4,2026-03-31,announcement,1,,,1.0,,Finance,Seed,India,announced_reduction,src_92e4460c1f4f3f1b4769,,2026-09-16,source_reviewed,Founder describes failed funding/acquisition options preceding closure.,specified,not_identified,2026-09-17,manual_review_of_retrieved_sources_and_existing_evidence,No explicit affected occupation identified in the material reviewed. This does not mean none were affected or that no other source can identify them.,2,Covrzy,2,0,0
layoff-2026-085,co_67831a00b4c103ff747a,2026-03-31,announcement,1,,50,,324.0,Finance,Series F,United Kingdom,announced_reduction,src_047020438b055f6629fe,src_66c1dbdd5adb859d99aa,2026-09-16,source_reviewed,Company announces withdrawal from the US market.,specified,not_identified,2026-09-17,manual_review_of_retrieved_sources_and_existing_evidence,No explicit affected occupation identified in the material reviewed. This does not mean none were affected or that no other source can identify them.,2,Monzo,1,0,0
layoff-2026-086,co_dc7620ebfc35d54ef34e,2026-03-31,announcement,1,,,,,Other,Post-IPO,United States,event_size_unverified,src_dd52464ac3bc47927779,src_399ce87c8e72f98c2a3a,2026-09-16,source_reviewed,"The March termination email attributes role elimination to a broader organizational change following a review of business needs. It does not specify an AI mechanism. Existing overlap, count and plan-scope caveats remain applicable.",generic,not_identified,2026-09-17,manual_review_of_retrieved_sources_and_existing_evidence,No explicit affected occupation identified in the material reviewed. This does not mean none were affected or that no other source can identify them.,2,Oracle,1,0,0
layoff-2026-087,co_4d58644e59b87f74010a,2026-03-31,announcement,1,,,1.0,294.0,Consumer,Series F,United States,announced_reduction,src_7a79581004e721bd338a,,2026-09-16,source_reviewed,Company closes after sustained inability to operate profitably.,specified,not_identified,2026-09-17,manual_review_of_retrieved_sources_and_existing_evidence,No explicit affected occupation identified in the material reviewed. This does not mean none were affected or that no other source can identify them.,2,Rec Room,2,0,0
layoff-2026-088,co_441f83e0c8836570066a,2026-03-31,announcement,1,,,1.0,33.0,AI,Seed,United States,announced_reduction,src_98d512b832b1cc3ae1d1,,2026-09-16,source_reviewed,Founders link closure to AI advances undermining the product's usefulness.,specified,not_identified,2026-09-17,manual_review_of_retrieved_sources_and_existing_evidence,No explicit affected occupation identified in the material reviewed. This does not mean none were affected or that no other source can identify them.,2,Yupp,2,1,0
layoff-2026-089,co_db1119076d568c39d8bc,2026-04-01,announcement,1,,,,455.2,Consumer,Post-IPO,United States,announced_reduction,src_38d620b72652e265b21d,src_5ab96e0322d7e436d131,2026-09-16,source_reviewed,Reporting describes eliminating fragmentation across marketing teams.,specified,identified,2026-09-17,manual_review_of_retrieved_sources_and_existing_evidence,Functions explicitly identified for this event; the list is not necessarily exhaustive.,2,Sonos,1,0,1
layoff-2026-090,co_edafde8d2d88fbb5100a,2026-04-02,announcement,1,,,0.15,4100.0,Crypto,Post-IPO,United States,announced_reduction,src_3b5e1828910a3aa4ddbd,,2026-09-16,source_reviewed,Company shifts from pure Bitcoin mining toward energy and digital infrastructure.,specified,not_identified,2026-09-17,manual_review_of_retrieved_sources_and_existing_evidence,No explicit affected occupation identified in the material reviewed. This does not mean none were affected or that no other source can identify them.,2,MARA,1,0,0
layoff-2026-091,co_4f749de7c24fe9679697,2026-04-02,announcement,1,,200,,26000.0,Consumer,Post-IPO,United States,announced_reduction,src_929b24d9e09d75cad8db,,2026-09-16,source_reviewed,"A Meta spokesperson explains the reported reductions through regular team restructuring to achieve organizational goals; no concrete operating mechanism is given. Existing overlap, count and plan-scope caveats remain applicable.",generic,not_identified,2026-09-17,manual_review_of_retrieved_sources_and_existing_evidence,No explicit affected occupation identified in the material reviewed. This does not mean none were affected or that no other source can identify them.,2,Meta,1,0,0
layoff-2026-092,co_e7b6fd1f0c002c32117c,2026-04-03,announcement,1,,,1.0,1.0,Retail,Seed,India,announced_reduction,src_c14f2afdbe675aa17c62,,2026-09-16,source_reviewed,"Founder cites distribution difficulties, loss of a major client and unpaid dues. Being an AI business does not establish AI disruption.",specified,not_identified,2026-09-17,manual_review_of_retrieved_sources_and_existing_evidence,No explicit affected occupation identified in the material reviewed. This does not mean none were affected or that no other source can identify them.,2,NeuroPixel.AI,3,0,0
layoff-2026-093,co_a7a93fd1930a610f099b,2026-04-03,announcement,1,,132,,450.0,Consumer,Acquired,United States,announced_reduction,src_83b03123c4dbf22c207d,src_880741d9e876a15844b2,2026-09-16,source_reviewed,WARN coverage may overlap the January Vimeo round; keep visible pending deduplication.,unspecified,not_identified,2026-09-17,manual_review_of_retrieved_sources_and_existing_evidence,No explicit affected occupation identified in the material reviewed. This does not mean none were affected or that no other source can identify them.,2,Vimeo,0,0,0
layoff-2026-094,co_0e90fb7954e70b9028d7,2026-04-03,announcement,1,,225,0.3,,Fitness,,Cyprus,announced_reduction,src_33e46c7c9d3e6887de73,,2026-09-16,source_reviewed,Anonymous reporting of layoffs lacks a company explanation and independently confirmed extent. Explanation review: attributed reasons are recorded below with explicit specificity.,generic,identified,2026-09-17,manual_review_of_retrieved_sources_and_existing_evidence,Functions explicitly identified for this event; the list is not necessarily exhaustive.,2,Welltech,1,0,2
layoff-2026-095,co_ea0151c4cf78b351118d,2026-04-05,announcement,1,,,0.33,1300.0,Finance,Series E,United States,announced_reduction,src_696a2ea547268eaf377e,,2026-09-16,source_reviewed,"CEO invokes a leaner, AI-centered organization without describing what work or roles change. Explanation review: attributed reasons are recorded below with explicit specificity.",generic,not_identified,2026-09-17,manual_review_of_retrieved_sources_and_existing_evidence,No explicit affected occupation identified in the material reviewed. This does not mean none were affected or that no other source can identify them.,2,Bolt,1,1,0
layoff-2026-096,co_b8f4e54cebf8bfba30d9,2026-04-07,announcement,1,,145,0.23,288.0,Consumer,Post-IPO,United States,announced_reduction,src_01935cd3a898cdf706f2,src_a2dac0f3f945d45f6f91,2026-09-16,source_reviewed,Company restructuring plan explicitly targets lower operating costs.,specified,not_identified,2026-09-17,manual_review_of_retrieved_sources_and_existing_evidence,No explicit affected occupation identified in the material reviewed. This does not mean none were affected or that no other source can identify them.,2,GoPro,1,0,0
layoff-2026-097,co_6a9e24a59421c94edbbc,2026-04-07,announcement,1,,90,0.1,469.0,Product,Series F,United States,announced_reduction,src_dfe5dd7d499c522e6c5b,,2026-09-16,source_reviewed,CEO describes refocusing the product for customers building AI agents.,specified,not_identified,2026-09-17,manual_review_of_retrieved_sources_and_existing_evidence,No explicit affected occupation identified in the material reviewed. This does not mean none were affected or that no other source can identify them.,2,Pendo,1,0,0
layoff-2026-098,co_cfe512a4e895ab5e9eaf,2026-04-28,announcement,1,,77,0.02,,Consumer,Post-IPO,United States,announced_reduction,src_697c0bc1f9bfdd2b4d42,src_da4bda79776c12ff6fea,2026-09-16,source_reviewed,"Filing describes corporate-function consolidation and savings. Announcement was April 28, not April 8.",specified,identified,2026-09-17,manual_review_of_retrieved_sources_and_existing_evidence,Functions explicitly identified for this event; the list is not necessarily exhaustive.,2,IAC,2,0,1
layoff-2026-099,co_c068323e5e42d4351d41,2026-04-09,announcement,1,,,0.11,,Transportation,Acquired,United States,announced_reduction,src_421c2ecdc6e5437ad792,src_ddf04b1c9ea6ec6db8c7,2026-09-16,source_reviewed,Filing links changes to a simpler organization and lower costs; AI product work is a separate initiative.,specified,not_identified,2026-09-17,manual_review_of_retrieved_sources_and_existing_evidence,No explicit affected occupation identified in the material reviewed. This does not mean none were affected or that no other source can identify them.,2,Cars.com,2,0,0
layoff-2026-100,co_30dd272cfe06aa73c07e,2026-04-09,announcement,1,,,1.0,,Finance,,United States,announced_reduction,src_d13716603d2ca25492dd,,2026-09-16,source_reviewed,Chapter 7 liquidation and business closure establish insolvency and shutdown.,specified,not_identified,2026-09-17,manual_review_of_retrieved_sources_and_existing_evidence,No explicit affected occupation identified in the material reviewed. This does not mean none were affected or that no other source can identify them.,2,Pepper Pay,2,0,0
layoff-2026-101,co_a5387155f8c559d53c4a,2026-04-10,announcement,1,,,,158.0,Consumer,Post-IPO,United States,announced_reduction,src_aa71dc0f628b95761010,src_d316bfe3faf436749304,2026-09-16,source_reviewed,CEO explicitly connects departures with reallocating investment into AI-native capabilities and roles.,specified,not_identified,2026-09-17,manual_review_of_retrieved_sources_and_existing_evidence,No explicit affected occupation identified in the material reviewed. This does not mean none were affected or that no other source can identify them.,2,Life360,1,1,0
layoff-2026-102,co_31f515f69bf4c45b0949,2026-04-12,announcement,1,,,,,Finance,Acquired,Israel,announced_reduction,src_b723ef0d1f4e2a7d6c81,,2026-09-16,source_reviewed,Article offers competing explanations without establishing which caused this round. Explanation review: attributed reasons are recorded below with explicit specificity.,generic,identified,2026-09-17,manual_review_of_retrieved_sources_and_existing_evidence,Functions explicitly identified for this event; the list is not necessarily exhaustive.,2,Esh Group,1,0,1
layoff-2026-103,co_eca504778d397e078857,2026-04-13,announcement,1,,,,290.0,Consumer,Acquired,United States,announced_reduction,src_1539459fd8734dd2efca,src_d64c98214555d98f42e2,2026-09-16,source_reviewed,"Generic-explanation follow-up: concrete attributed detail recovered; see cause_details for speaker, event/subset scope and access limits. Existing count and overlap caveats remain.",specified,not_identified,2026-09-17,manual_review_of_retrieved_sources_and_existing_evidence,No explicit affected occupation identified in the material reviewed. This does not mean none were affected or that no other source can identify them.,2,Eventbrite,1,0,0
layoff-2026-104,co_b7810523dc0d1526a6a7,2026-04-13,announcement,1,,,,273.0,Crypto,Series D,Israel,announced_reduction,src_b1e20cb8919873c96f13,,2026-09-16,source_reviewed,Company shifts from infrastructure research toward revenue-generating products.,specified,not_identified,2026-09-17,manual_review_of_retrieved_sources_and_existing_evidence,No explicit affected occupation identified in the material reviewed. This does not mean none were affected or that no other source can identify them.,2,StarkWare,1,0,0
layoff-2026-106,co_d49141c7a3deed2186c7,2026-04-15,announcement,1,,32,0.03,245.0,Finance,Post-IPO,Israel,announced_reduction,src_1310655b015bc0c2169b,,2026-09-16,source_reviewed,Current statement is general; the prior year's cost-cutting explanation cannot be transferred to this round. Explanation review: attributed reasons are recorded below with explicit specificity.,generic,not_identified,2026-09-17,manual_review_of_retrieved_sources_and_existing_evidence,No explicit affected occupation identified in the material reviewed. This does not mean none were affected or that no other source can identify them.,2,Nayax,1,0,0
layoff-2026-107,co_fe9e1742e08f1560c941,2026-04-15,announcement,1,,,0.3,,Product,Series D,United States,announced_reduction,src_b568905b3bee836b8be0,,2026-09-16,source_reviewed,"CEO links obsolete product-management processes, a Spark product pivot, and smaller AI-enabled teams.",specified,not_identified,2026-09-17,manual_review_of_retrieved_sources_and_existing_evidence,No explicit affected occupation identified in the material reviewed. This does not mean none were affected or that no other source can identify them.,2,Productboard,3,1,0
layoff-2026-108,co_98df9a59f0641d0c4409,2026-04-15,announcement,1,,1000,0.16,4900.0,Consumer,Post-IPO,United States,announced_reduction,src_05f7d8ab7aabc1cac94a,src_ff6e3195b1870dff4d46,2026-09-16,source_reviewed,CEO explicitly links smaller teams to AI productivity and operating-cost savings.,specified,not_identified,2026-09-17,manual_review_of_retrieved_sources_and_existing_evidence,No explicit affected occupation identified in the material reviewed. This does not mean none were affected or that no other source can identify them.,2,Snap,2,1,0
layoff-2026-109,co_0f5e18fd18bd0554a87f,2026-04-15,announcement,1,,37,0.15,,Crypto,,Australia,announced_reduction,src_14a02edb38133c300a92,src_a59d772f41bafb131933,2026-09-16,source_reviewed,Company identifies duplicate roles following acquisitions.,specified,not_identified,2026-09-17,manual_review_of_retrieved_sources_and_existing_evidence,No explicit affected occupation identified in the material reviewed. This does not mean none were affected or that no other source can identify them.,2,Swyftx,1,0,0
layoff-2026-110,co_e85ad4b4e15a1717cf1b,2026-04-15,announcement,1,,100,0.05,445.0,Marketing,Post-IPO,United States,announced_reduction,src_353fba4de173cd9f40a4,,2026-09-16,source_reviewed,Company discusses AI products and broad restructuring without a causal operating mechanism.,unspecified,not_identified,2026-09-17,manual_review_of_retrieved_sources_and_existing_evidence,No explicit affected occupation identified in the material reviewed. This does not mean none were affected or that no other source can identify them.,2,Taboola,0,0,0
layoff-2026-111,co_cd2d0c794ea84f3eacc2,2026-04-15,announcement,1,,950,,,HR,Private Equity,United States,announced_reduction,src_d770fd8d11583f588849,src_d7094cf76dfec7328d28,2026-09-16,source_reviewed,"Company invokes AI-driven market change but does not specify displaced work, investment transfer or lost demand. Explanation review: attributed reasons are recorded below with explicit specificity.",generic,not_identified,2026-09-17,manual_review_of_retrieved_sources_and_existing_evidence,No explicit affected occupation identified in the material reviewed. This does not mean none were affected or that no other source can identify them.,2,UKG,2,1,0
layoff-2026-112,co_df1891814b7ff047cb93,2026-04-16,announcement,1,,,,226.0,Consumer,Series D,United States,announced_reduction,src_6576de5f655c280b210d,src_56c0b778351308d86dee,2026-09-16,source_reviewed,CEO seeks a self-sustaining Quora business rather than continued subsidy of Poe. Product ownership does not establish job automation.,specified,identified,2026-09-17,manual_review_of_retrieved_sources_and_existing_evidence,Functions explicitly identified for this event; the list is not necessarily exhaustive.,2,Quora,1,0,1
layoff-2026-113,co_28def55ef4f0a871f008,2026-04-16,announcement,1,,1108,,85.0,AI,Series B,Kenya,announced_reduction,src_45260470d6b9d566c68d,,2026-09-16,source_reviewed,Termination of a specific Meta workstream eliminates associated work.,specified,not_identified,2026-09-17,manual_review_of_retrieved_sources_and_existing_evidence,No explicit affected occupation identified in the material reviewed. This does not mean none were affected or that no other source can identify them.,2,Sama,1,0,0
layoff-2026-114,co_7488ebcd11bfcd524e13,2026-04-16,announcement,1,,80,,50.0,Manufacturing,Post-IPO,Israel,announced_reduction,src_1289f0f8c6b2b64e5feb,,2026-09-16,source_reviewed,Israeli development center closes; the source does not identify work transferred to a destination.,specified,not_identified,2026-09-17,manual_review_of_retrieved_sources_and_existing_evidence,No explicit affected occupation identified in the material reviewed. This does not mean none were affected or that no other source can identify them.,2,Shutterfly,1,0,0
layoff-2026-115,co_aa3c2ec784902b90f54d,2026-04-20,announcement,1,,60,0.05,143.0,Finance,,India,announced_reduction,src_371b5a14eceac8dafcf4,,2026-09-16,source_reviewed,"Anonymous sources describe reorganizing AI-enabled workflows; IPO proximity is background, not a demonstrated cause.",specified,not_identified,2026-09-17,manual_review_of_retrieved_sources_and_existing_evidence,No explicit affected occupation identified in the material reviewed. This does not mean none were affected or that no other source can identify them.,2,Acko,1,1,0
layoff-2026-116,co_c21405f3c0362490b9e3,2026-04-21,announcement,1,,150,0.33,509.0,Media,Private Equity,Sweden,announced_reduction,src_f2c716d79ad2156b60b0,src_37cae645a0168bcd2873,2026-09-16,source_reviewed,Company changes its creative-product offering; AI business transition is not employee replacement.,specified,not_identified,2026-09-17,manual_review_of_retrieved_sources_and_existing_evidence,No explicit affected occupation identified in the material reviewed. This does not mean none were affected or that no other source can identify them.,2,Epidemic Sound,1,0,0
layoff-2026-117,co_15909497f1b4f7461690,2026-04-21,announcement,1,,68,0.15,,Security,Private Equity,Canada,announced_reduction,src_18228bb7d575ea952c4f,,2026-09-16,source_reviewed,Company invokes AI workflows without sufficiently specifying the staffing mechanism. Explanation review: attributed reasons are recorded below with explicit specificity.,generic,not_identified,2026-09-17,manual_review_of_retrieved_sources_and_existing_evidence,No explicit affected occupation identified in the material reviewed. This does not mean none were affected or that no other source can identify them.,2,GeoComply,2,1,0
layoff-2026-118,co_ba1ad42e320edcc0a0ae,2026-04-22,announcement,1,,200,,104.0,Hardware,,Norway,announced_reduction,src_8c3d004d208fb8195cc4,src_f1829296179365ae7505,2026-09-17,source_reviewed,"Golem reproduces the chairman’s explanation of weaker demand and falling revenue, and obtained a fresh company response about the difficult environment and component costs.",specified,not_identified,2026-09-17,manual_review_of_retrieved_sources_and_existing_evidence,No explicit affected occupation identified in the material reviewed. This does not mean none were affected or that no other source can identify them.,2,Remarkable,1,0,0
layoff-2026-119,co_8a42d37e2ea82b1a9a73,2026-04-24,announcement,1,,60,0.3,54.0,Other,Series C,India,announced_reduction,src_3739c72b0fe9f66345fa,src_bcaf3d8795157fa2ce96,2026-09-16,source_reviewed,"Reporting describes a changed AI product roadmap and organization, not demonstrated internal productivity gains.",specified,not_identified,2026-09-17,manual_review_of_retrieved_sources_and_existing_evidence,No explicit affected occupation identified in the material reviewed. This does not mean none were affected or that no other source can identify them.,2,SuperOps,1,0,0
layoff-2026-120,co_c72701efa68efdfefa26,2026-04-27,announcement,1,,40,0.08,249.0,Security,Series D,United States,announced_reduction,src_4ec39c36255e9760769a,,2026-09-16,source_reviewed,"Generic-explanation follow-up: concrete attributed detail recovered; see cause_details for speaker, event/subset scope and access limits. Existing count and overlap caveats remain.",specified,identified,2026-09-17,manual_review_of_retrieved_sources_and_existing_evidence,Functions explicitly identified for this event; the list is not necessarily exhaustive.,2,Pentera,1,1,2
layoff-2026-121,co_5e875bc90a3601477b5e,2026-05-04,announcement,1,,30,,122.0,Retail,Post-IPO,Canada,announced_reduction,src_237fff67c60240c9353f,,2026-09-16,partial,Revenue-operations report remains restricted; no event-specific explanation recovered.,unresolved,identified,2026-09-17,manual_review_of_retrieved_sources_and_existing_evidence,Functions explicitly identified for this event; the list is not necessarily exhaustive.,2,Shopify,0,0,1
layoff-2026-122,co_8726ef5c42206476b808,2026-05-05,announcement,1,,,0.25,,Crypto,,United States,announced_reduction,src_2152065eccb48cb1b82d,,2026-09-16,source_reviewed,CEO and spokesperson attribute a smaller team to AI-agent productivity; claims are not independently measured.,specified,not_identified,2026-09-17,manual_review_of_retrieved_sources_and_existing_evidence,No explicit affected occupation identified in the material reviewed. This does not mean none were affected or that no other source can identify them.,2,0G,1,1,0
layoff-2026-123,co_f64b116971b42ca8e9e3,2026-05-05,announcement,1,,,,771.0,Transportation,Acquired,United Arab Emirates,announced_reduction,src_3fea76e3b2d9b4582dec,,2026-09-16,source_reviewed,Reporting describes cost reduction. Demand/market withdrawal discussion refers to an earlier round.,specified,identified,2026-09-17,manual_review_of_retrieved_sources_and_existing_evidence,Functions explicitly identified for this event; the list is not necessarily exhaustive.,2,Careem,1,0,1
layoff-2026-124,co_8266deca6c65b39468e6,2026-05-05,announcement,1,,700,0.14,549.0,Crypto,Post-IPO,United States,announced_reduction,src_9c920a278951b10158a8,src_6f6c593f45fbbf7c810c,2026-09-16,source_reviewed,"Company links lower costs, weaker crypto markets, fewer layers and AI productivity.",specified,not_identified,2026-09-17,manual_review_of_retrieved_sources_and_existing_evidence,No explicit affected occupation identified in the material reviewed. This does not mean none were affected or that no other source can identify them.,2,Coinbase,4,1,0
layoff-2026-125,co_e6850d6297dd4a177486,2026-05-05,announcement,1,,500,0.11,484.0,Support,Post-IPO,United States,announced_reduction,src_53d15bcaea00222283b1,src_0132d5177a0e588c9123,2026-09-16,source_reviewed,"CEO describes systems handling work previously requiring multiple teams, overlapping commercial roles and fewer layers. Automation is a mix of AI and other systems.",specified,not_identified,2026-09-17,manual_review_of_retrieved_sources_and_existing_evidence,No explicit affected occupation identified in the material reviewed. This does not mean none were affected or that no other source can identify them.,2,Freshworks,2,1,0
layoff-2026-126,co_ab8a4f6bb84d161b3622,2026-05-05,announcement,1,,4760,0.2,216.0,Finance,Post-IPO,United States,multi_year_plan,src_f9fcb70c6b9bf6ddccf1,src_49dc304ac4559f45a721,2026-09-16,source_reviewed,Company describes a multi-year savings program combining fewer organizational layers and AI-enabled process redesign; no headcount is allocated to each component.,specified,not_identified,2026-09-17,manual_review_of_retrieved_sources_and_existing_evidence,No explicit affected occupation identified in the material reviewed. This does not mean none were affected or that no other source can identify them.,2,PayPal,3,1,0
layoff-2026-127,co_3b58e2dfbea6a4a89f60,2026-05-06,announcement,1,,35,0.1,40.0,Food,Series B,India,announced_reduction,src_aa79b1db79a05f82232d,,2026-09-16,source_reviewed,Company specifically links redundant roles to AI automation alongside work relocation.,specified,not_identified,2026-09-17,manual_review_of_retrieved_sources_and_existing_evidence,No explicit affected occupation identified in the material reviewed. This does not mean none were affected or that no other source can identify them.,2,ApnaMart,2,1,0
layoff-2026-128,co_c158cd694df3b8cfb5c9,2026-05-06,announcement,1,,250,0.1,899.0,Security,,United States,announced_reduction,src_e5e74306d1778e72ff99,,2026-09-16,source_reviewed,"Spokesperson explicitly links the cuts to AI investment. Attribution is company, not reporter inference.",specified,identified,2026-09-17,manual_review_of_retrieved_sources_and_existing_evidence,Functions explicitly identified for this event; the list is not necessarily exhaustive.,2,Arctic Wolf,1,1,4
layoff-2026-129,co_a7b8dbda8d6f69e78190,2026-05-06,announcement,1,,40,0.2,,Data,,Israel,announced_reduction,src_fb7d7506306767173a05,,2026-09-16,source_reviewed,"CEO names AI-enabled work and currency-driven labor costs; says cuts would still be needed without AI, with slower growth.",specified,not_identified,2026-09-17,manual_review_of_retrieved_sources_and_existing_evidence,No explicit affected occupation identified in the material reviewed. This does not mean none were affected or that no other source can identify them.,2,LSports,2,1,0
layoff-2026-130,co_328f62edef589fad428c,2026-05-06,announcement,1,,100,0.1,212.0,Media,Series D,India,announced_reduction,src_2818a4b2506cfd7c6028,,2026-09-16,source_reviewed,Company describes performance reviews; worker accounts dispute the characterization and scope. Payroll transfers are separate from layoffs.,specified,not_identified,2026-09-17,manual_review_of_retrieved_sources_and_existing_evidence,Designers and writers are mentioned in a separate transfer to an external payroll provider; these are not confirmed layoffs in this round.,2,Pocket FM,1,0,0
layoff-2026-131,co_a94c6a282a7b4e3e7b01,2026-05-06,announcement,1,,,0.25,229.0,Real Estate,Post-IPO,United States,announced_reduction,src_0083f955493f078c45f3,,2026-09-16,source_reviewed,"Company links lower costs to AI-enabled operations and moving work. Savings include vendors and contractors, not only employees.",specified,identified,2026-09-17,manual_review_of_retrieved_sources_and_existing_evidence,Functions explicitly identified for this event; the list is not necessarily exhaustive.,2,reAlpha,3,1,4
layoff-2026-132,co_6a79bba959677bb17a50,2026-05-07,announcement,1,,709,0.3,280.0,Finance,Post-IPO,United States,announced_reduction,src_71c2e4cf12a32c4fcf5c,,2026-09-16,source_reviewed,Company states a profitability objective. Broader AI investments alone do not establish which layoffs funded AI.,specified,not_identified,2026-09-17,manual_review_of_retrieved_sources_and_existing_evidence,No explicit affected occupation identified in the material reviewed. This does not mean none were affected or that no other source can identify them.,2,Bill.com,1,0,0
layoff-2026-133,co_f9191531404c401686ab,2026-05-07,announcement,1,,1100,0.2,332.0,Security,Post-IPO,United States,announced_reduction,src_9afd8fa54c15d59ec2ed,,2026-09-16,source_reviewed,Founders describe redesigning roles and processes around agents; usage growth is not independent productivity measurement.,specified,not_identified,2026-09-17,manual_review_of_retrieved_sources_and_existing_evidence,"Engineering, HR, finance and marketing are examples of AI use, not a verified list of affected functions.",2,Cloudflare,1,1,0
layoff-2026-134,co_35d1922b7f8dba991b0a,2026-05-07,announcement,1,,250,0.21,400.0,AI,,Germany,announced_reduction,src_208a08de2ad4add1d426,,2026-09-16,source_reviewed,"Founder identifies AI-assisted routine work, smaller teams and fewer layers.",specified,not_identified,2026-09-17,manual_review_of_retrieved_sources_and_existing_evidence,No explicit affected occupation identified in the material reviewed. This does not mean none were affected or that no other source can identify them.,2,DeepL,2,1,0
layoff-2026-135,co_297c6f0f5d2111cff906,2026-05-07,announcement,1,,350,0.08,,Consumer,Acquired,United States,announced_reduction,src_1dec783de7fa391ac5d8,src_d346324db4d16699f565,2026-09-16,source_reviewed,Company describes fewer management layers and consolidated teams. Earlier AI product strategy is context.,specified,identified,2026-09-17,manual_review_of_retrieved_sources_and_existing_evidence,Functions explicitly identified for this event; the list is not necessarily exhaustive.,2,Ticketmaster,1,0,2
layoff-2026-136,co_951b20ccf1df2eb7b77e,2026-05-07,announcement,1,,70,,101.0,Consumer,Post-IPO,Sweden,announced_reduction,src_1859d7f214fdee49d70a,src_48a94d6dbb2ef413e65d,2026-09-16,source_reviewed,"Correct company release cites weaker advertising/partner revenue, lower costs and organizational simplification. Previous source concerned Toast.",specified,not_identified,2026-09-17,manual_review_of_retrieved_sources_and_existing_evidence,No explicit affected occupation identified in the material reviewed. This does not mean none were affected or that no other source can identify them.,2,Truecaller,3,0,0
layoff-2026-137,co_a4f19bc574254b85fad7,2026-05-07,announcement,1,,151,0.24,168.0,Other,Post-IPO,United States,announced_reduction,src_6f0d903efd942ac0e1cd,,2026-09-16,source_reviewed,CEO links profitability and fewer layers with AI-enabled smaller product teams.,specified,not_identified,2026-09-17,manual_review_of_retrieved_sources_and_existing_evidence,No explicit affected occupation identified in the material reviewed. This does not mean none were affected or that no other source can identify them.,2,Upwork,3,1,0
layoff-2026-138,co_a913f31d5d893ea7c33a,2026-05-08,announcement,1,,176,0.22,306.0,Other,Series E,Germany,announced_reduction,src_663b98fdce552212a506,,2026-09-16,partial,"Previously used alternate source describes 2023, not 2026. Current count appears in trackers; current causal explanation remains unverified.",unresolved,not_identified,2026-09-17,manual_review_of_retrieved_sources_and_existing_evidence,No explicit affected occupation identified in the material reviewed. This does not mean none were affected or that no other source can identify them.,2,Staffbase,0,0,0
layoff-2026-139,co_92039f1a7ad82575787e,2026-05-09,announcement,1,,,1.0,57.0,Finance,Series B,United States,announced_reduction,src_edece7689aff13f714ad,,2026-09-16,source_reviewed,Bankruptcy and closure support financial distress and shutdown.,specified,not_identified,2026-09-17,manual_review_of_retrieved_sources_and_existing_evidence,No explicit affected occupation identified in the material reviewed. This does not mean none were affected or that no other source can identify them.,2,Parker,2,0,0
layoff-2026-140,co_c19a21d383cbd7862cd3,2026-05-10,announcement,1,,200,0.2,61.0,Education,Series B,India,announced_reduction,src_7bba1ca4a02e2e7c0f65,src_b5686f5afca4bae25d18,2026-09-16,source_reviewed,Employee accounts describe cost reduction and shuttered exam verticals; company explanation remains general. IPO timing is context.,specified,identified,2026-09-17,manual_review_of_retrieved_sources_and_existing_evidence,Functions explicitly identified for this event; the list is not necessarily exhaustive.,2,Adda247,2,0,3
layoff-2026-141,co_4b983fefcbc1754e737a,2026-05-11,announcement,1,,200,,16.0,Real Estate,Acquired,United States,announced_reduction,src_ddbdc8a0fdd9599b65a9,,2026-09-16,source_reviewed,Company describes AI adoption and scale without identifying displaced tasks or a concrete workforce mechanism. Explanation review: attributed reasons are recorded below with explicit specificity.,generic,not_identified,2026-09-17,manual_review_of_retrieved_sources_and_existing_evidence,No explicit affected occupation identified in the material reviewed. This does not mean none were affected or that no other source can identify them.,2,MRI Software,1,1,0
layoff-2026-142,co_06b3aed2e1d516bda3ce,2026-05-11,announcement,1,,,0.2,1100.0,Other,Series C,Netherlands,announced_reduction,src_fcf08257ae19de6866c6,,2026-09-16,source_reviewed,CEO explicitly gives relocation and AI eliminating work requiring dedicated headcount as two reasons.,specified,not_identified,2026-09-17,manual_review_of_retrieved_sources_and_existing_evidence,No explicit affected occupation identified in the material reviewed. This does not mean none were affected or that no other source can identify them.,2,MessageBird,2,1,0
layoff-2026-143,co_0d8cf823554dd37daf3c,2026-05-11,announcement,1,,41,,,Security,,Germany,announced_reduction,src_65450c84608c0fc540c1,,2026-09-16,partial,Indexed original report identifies development and support relocation to Budapest. Full page access remains unavailable; retrieved extracts add function detail but do not establish the complete causal account.,specified,identified,2026-09-17,manual_review_of_retrieved_sources_and_existing_evidence,Functions explicitly identified for this event; the list is not necessarily exhaustive.,2,One Identity,1,0,2
layoff-2026-144,co_04b8dc46bee81abaa377,2026-05-11,announcement,1,,600,0.2,7.0,Sales,Post-IPO,United States,announced_reduction,src_cf3cf17704e441c8f696,src_b1a19d370a12d44668e9,2026-09-16,source_reviewed,CEO identifies closing a site and moving upmarket. Reinvestment destination is not explicitly AI in the cited letter.,specified,identified,2026-09-17,manual_review_of_retrieved_sources_and_existing_evidence,Functions explicitly identified for this event; the list is not necessarily exhaustive.,2,ZoomInfo,2,0,3
layoff-2026-145,co_97fc7beb04150537848d,2026-05-12,announcement,1,,58,,89.0,Food,Series C,Egypt,contract_nonrenewals,src_2bd54121c9b7e1e3953e,src_2bd54121c9b7e1e3953e,2026-09-17,source_reviewed,"Full article recovered. Company confirms 58 fixed-term contracts were not renewed in engineering, product and data. It does not answer the questions about an AI-related motive; the explanation remains nonspecific.",unspecified,identified,2026-09-17,manual_review_of_retrieved_sources_and_existing_evidence,Functions explicitly identified for this event; the list is not necessarily exhaustive.,2,Breadfast,0,0,3
layoff-2026-146,co_aa669b285cc133bf8440,2026-05-13,announcement,1,,4000,0.05,2.0,Infrastructure,Post-IPO,United States,announced_reduction,src_fed720a1b05ead7a1256,,2026-09-16,source_reviewed,Company directly links resource reallocation with investment including AI infrastructure.,specified,not_identified,2026-09-17,manual_review_of_retrieved_sources_and_existing_evidence,No explicit affected occupation identified in the material reviewed. This does not mean none were affected or that no other source can identify them.,2,Cisco,1,1,0
layoff-2026-147,co_2d242251b88b1da24b37,2026-05-13,announcement,1,,20,0.02,411.0,Travel,Series F,Israel,announced_reduction,src_c95e7d2061798a4dac8f,,2026-09-16,source_reviewed,Company invokes the AI era and future products without specifying how these roles became unnecessary. Explanation review: attributed reasons are recorded below with explicit specificity.,generic,not_identified,2026-09-17,manual_review_of_retrieved_sources_and_existing_evidence,No explicit affected occupation identified in the material reviewed. This does not mean none were affected or that no other source can identify them.,2,Guesty,1,1,0
layoff-2026-148,co_b10b62b756b3c39af220,2026-05-13,announcement,1,,200,,1200.0,Retail,Post-IPO,Nigeria,announced_reduction,src_a2bbd5939c9b8805f6b3,,2026-09-16,source_reviewed,Company reporting links AI process automation to reduced staffing and costs.,specified,not_identified,2026-09-17,manual_review_of_retrieved_sources_and_existing_evidence,No explicit affected occupation identified in the material reviewed. This does not mean none were affected or that no other source can identify them.,2,Jumia,2,1,0
layoff-2026-149,co_dd84425b72da12c6c828,2026-05-13,announcement,1,,875,0.05,154.0,Recruiting,Acquired,United States,announced_reduction,src_6cd45fd292114f6fe727,src_10964fc555ea7a4fcb0f,2026-09-16,source_reviewed,"Company explanation is general. AI-automation denial is attributed to an anonymous source, not a company spokesperson. Explanation review: attributed reasons are recorded below with explicit specificity.",generic,identified,2026-09-17,manual_review_of_retrieved_sources_and_existing_evidence,Functions explicitly identified for this event; the list is not necessarily exhaustive.,2,LinkedIn,1,0,3
layoff-2026-150,co_baa25eb4ed6ca6eda34b,2026-05-14,announcement,1,,35,0.25,79.0,Crypto,Series B,Norway,announced_reduction,src_6b586e19a3df342f18a4,src_aceebbe54f6a89a2dd9c,2026-09-16,source_reviewed,"CEO describes refocusing on core data products and institutional customers; AI tooling is product strategy, not proven internal job replacement.",specified,not_identified,2026-09-17,manual_review_of_retrieved_sources_and_existing_evidence,No explicit affected occupation identified in the material reviewed. This does not mean none were affected or that no other source can identify them.,2,Dune,1,0,0
layoff-2026-151,co_694999ed23715a44f94a,2026-05-14,announcement,1,,,,276.0,Other,Post-IPO,Ireland,announced_reduction,src_d52891362ca4bbebf003,src_a2892f38a652faed7368,2026-09-16,source_reviewed,Filing explicitly connects AI-based team/workflow redesign with smaller teams and savings.,specified,not_identified,2026-09-17,manual_review_of_retrieved_sources_and_existing_evidence,No explicit affected occupation identified in the material reviewed. This does not mean none were affected or that no other source can identify them.,2,Gambling.com Group,2,1,0
layoff-2026-152,co_8397a9ecd5005f0b26ad,2026-05-14,announcement,1,,340,,379.0,Healthcare,Series E,United States,announced_reduction,src_f44b6893276c837f5c22,src_f44b6893276c837f5c22,2026-09-17,source_reviewed,"Full original report recovered. CEO describes an AI-native transition, but neither the statement nor reporting identifies what work is automated or how AI requires these particular cuts. Explanation review: attributed reasons are recorded below with explicit specificity.",generic,not_identified,2026-09-17,manual_review_of_retrieved_sources_and_existing_evidence,No explicit affected occupation identified in the material reviewed. This does not mean none were affected or that no other source can identify them.,2,Innovaccer,2,1,0
layoff-2026-153,co_b1fdf767738c8a27f327,2026-05-15,announcement,1,,150,,134.0,Crypto,,United States,announced_reduction,src_7ded135f8f1f675873c9,src_4907df9cd761588b48d6,2026-09-16,source_reviewed,Anonymous reporting links AI efficiency and optimization before listing; no official company explanation. Specific job substitution is unverified.,specified,not_identified,2026-09-17,manual_review_of_retrieved_sources_and_existing_evidence,No explicit affected occupation identified in the material reviewed. This does not mean none were affected or that no other source can identify them.,2,Kraken,2,1,0
layoff-2026-154,co_99c1026c856ab0c18b43,2026-05-18,announcement,1,,110,0.61,626.0,AI,Series D,Israel,announced_reduction,src_943d18da3348de8903f8,src_c99d905e7970276bbba8,2026-09-16,source_reviewed,Company describes standalone-model economics changing and a move toward agent optimization.,specified,not_identified,2026-09-17,manual_review_of_retrieved_sources_and_existing_evidence,No explicit affected occupation identified in the material reviewed. This does not mean none were affected or that no other source can identify them.,2,AI21 Labs,2,1,0
layoff-2026-155,co_0bbe3cb1cff7874c3925,2026-05-20,announcement,1,,3000,0.17,18.0,Finance,Post-IPO,United States,announced_reduction,src_3b96aefdc727e8046816,src_f2b6fb6ddc60a115002a,2026-09-16,source_reviewed,Company describes simpler structure and consolidated teams; CEO publicly denies an AI cause.,specified,not_identified,2026-09-17,manual_review_of_retrieved_sources_and_existing_evidence,Removal of management layers and coordination-heavy roles does not identify an occupational function.,2,Intuit,1,0,0
layoff-2026-156,co_4f749de7c24fe9679697,2026-05-20,announcement,1,,8000,0.1,26000.0,Consumer,Post-IPO,United States,announced_reduction,src_37f0fe5d2f9c9eff06ab,src_159cd5a91cb24a1c264d,2026-09-16,source_reviewed,Reporting of CEO memo links workforce reductions and redeployment to AI priorities; no individual-job allocation.,specified,not_identified,2026-09-17,manual_review_of_retrieved_sources_and_existing_evidence,No explicit affected occupation identified in the material reviewed. This does not mean none were affected or that no other source can identify them.,2,Meta,1,1,0
layoff-2026-157,co_95ce1ec7edce8dc7e692,2026-05-21,announcement,1,,290,0.22,537.0,Other,Series C,United States,announced_reduction,src_cdb5554a6a5eadf3d3a4,src_5cb6263507033ac78b90,2026-09-16,source_reviewed,CEO reorganizes jobs around building and managing AI systems; productivity targets are claims.,specified,not_identified,2026-09-17,manual_review_of_retrieved_sources_and_existing_evidence,No explicit affected occupation identified in the material reviewed. This does not mean none were affected or that no other source can identify them.,2,ClickUp,1,1,0
layoff-2026-158,co_5157f45d83c81fd31970,2026-05-25,announcement,1,,1000,0.2,58.0,Marketing,Post-IPO,Israel,announced_reduction,src_dade628ba41cfbfb2e69,,2026-09-16,source_reviewed,"Company declined comment. Cost explanation is attributed to reporting, not company admission.",specified,not_identified,2026-09-17,manual_review_of_retrieved_sources_and_existing_evidence,No explicit affected occupation identified in the material reviewed. This does not mean none were affected or that no other source can identify them.,2,Wix,1,0,0
layoff-2026-159,co_9151a836f996c25ea618,2026-06-03,announcement,1,,350,0.14,413.0,Data,Post-IPO,United States,announced_plan,src_cac1b39f308738ad7b7c,src_64ae35e88aaefe95db70,2026-09-16,source_reviewed,"CEO names reinvestment, fewer layers and a smaller country footprint; serving customers continues, so market exit was the wrong tag.",specified,not_identified,2026-09-17,manual_review_of_retrieved_sources_and_existing_evidence,No explicit affected occupation identified in the material reviewed. This does not mean none were affected or that no other source can identify them.,2,GitLab,3,1,0
layoff-2026-160,co_99ad9b72b56492e96e6c,2026-06-16,announcement,1,,290,0.1,,Finance,Post-IPO,United States,announced_reduction,src_d156faaeacc94650ea63,,2026-09-16,source_reviewed,CEO describes flattening the organization. Frontier-technology language does not by itself specify an AI mechanism; earlier growth does not establish overhiring. Explanation review: attributed reasons are recorded below with explicit specificity.,specified,not_identified,2026-09-17,manual_review_of_retrieved_sources_and_existing_evidence,No explicit affected occupation identified in the material reviewed. This does not mean none were affected or that no other source can identify them.,2,Robinhood,1,0,0
layoff-2026-161,co_d32cd0ea4dfcd4333d4c,2026-06-25,announcement,1,,400,0.5,,Consumer,Acquired,United States,announced_reduction,src_a1f65c76f4dd181f1b58,,2026-09-16,source_reviewed,Company links staffing changes to Destiny 2 performance and changed product priorities; recorded size needs independent confirmation.,specified,not_identified,2026-09-17,manual_review_of_retrieved_sources_and_existing_evidence,No explicit affected occupation identified in the material reviewed. This does not mean none were affected or that no other source can identify them.,2,Bungie,2,0,0
layoff-2026-164,co_2df100dd42f450dbe371,2026-06-30,announcement,1,,80,,,,,,announced_reduction,src_0fd5ade03303f6ef49ca,,2026-09-17,source_reviewed,Parent announces wind-down of PlaxidityX and links the decision to slower-than-expected automotive-market growth.,specified,not_identified,2026-09-17,manual_review_of_retrieved_sources_and_existing_evidence,No explicit affected occupation identified in the material reviewed. This does not mean none were affected or that no other source can identify them.,2,PlaxidityX,2,0,0
layoff-2026-165,co_99866b8889e984810d07,2026-06-29,announcement,1,,100,0.3,,,,,announced_reduction,src_de2da7c2afaac063b6de,,2026-09-17,source_reviewed,CEO connects changes in website creation and consumption caused by AI agents to the reset; company specifies fewer management layers.,specified,not_identified,2026-09-17,manual_review_of_retrieved_sources_and_existing_evidence,"Fewer management layers identify seniority/structure, not a specific occupation.",2,Elementor,2,1,0
layoff-2026-166,co_e5210ed1b0da0e70f194,2026-06-29,announcement,1,,,0.04,,,,,announced_reduction,src_fd3fccc7e5056284d25e,,2026-09-17,partial,Indexed original reporting recovers a company statement about market dynamics and priorities. No specific function or mechanism is established; full article access remains incomplete.,unresolved,not_identified,2026-09-17,manual_review_of_retrieved_sources_and_existing_evidence,No explicit affected occupation identified in the material reviewed. This does not mean none were affected or that no other source can identify them.,2,Equip Health,0,0,0
layoff-2026-167,co_d60cd57ae5bd4fda3c0f,2026-06-26,announcement,1,,76,,,,,,announced_plan,src_9ce6e3b5deff1ba779a6,src_9ce6e3b5deff1ba779a6,2026-09-17,source_reviewed,"State archive lists Automatic Data Processing, Roseland, 76 affected workers, posted in June and effective September 25. It gives no functions or causal explanation.",unspecified,not_identified,2026-09-17,manual_review_of_retrieved_sources_and_existing_evidence,No explicit affected occupation identified in the material reviewed. This does not mean none were affected or that no other source can identify them.,2,ADP,0,0,0
layoff-2026-168,co_a9d35ae9c3c32b5e42dd,2026-06-26,announcement,1,,300,,,,,,announced_reduction,src_1e32500af60d5bb2001b,src_87e93937562249e7fe19,2026-09-17,source_reviewed,"Full syndicated News & Observer report recovered. Company describes resource priorities, including cloud, sales and product development; these are investment destinations, not identified occupations cut. Explanation review: attributed reasons are recorded below with explicit specificity.",generic,not_identified,2026-09-17,manual_review_of_retrieved_sources_and_existing_evidence,"Sales, cloud and product development are investment destinations, not established cut functions.",2,SAS,1,0,0
layoff-2026-169,co_b454ae2cd2323c4a45e9,2026-06-26,announcement,1,,,,,,,,announced_reduction,src_621586208606f9afacb7,src_3236a0dee522ea1ef6c8,2026-09-17,source_reviewed,Employee accounts confirm a marketing reorganization; the source reports no company explanation identifying a specific mechanism. Explanation review: attributed reasons are recorded below with explicit specificity.,generic,identified,2026-09-17,manual_review_of_retrieved_sources_and_existing_evidence,Functions explicitly identified for this event; the list is not necessarily exhaustive.,2,CompanyCam,1,0,1
layoff-2026-170,co_a562d7e19ca05d6a8cb3,2026-06-26,announcement,1,,,1.0,,,,,announced_reduction,src_ec839a5a9829c5f1c92e,src_ec839a5a9829c5f1c92e,2026-09-17,source_reviewed,"Full original report recovered. Sources connect the shutdown to funding and infrastructure-cost pressure, with failed acquisition discussions. Employees were asked to leave as operations wound down.",specified,not_identified,2026-09-17,manual_review_of_retrieved_sources_and_existing_evidence,No explicit affected occupation identified in the material reviewed. This does not mean none were affected or that no other source can identify them.,2,JiviAI,2,0,0
layoff-2026-171,co_05f6b8d2a86e657568bb,2026-06-26,announcement,1,,70,0.09,,,,,announced_reduction,src_aa4cf2a61615c2cc4330,,2026-09-17,partial,Accessible company comments mention strategic priorities and organizational change; the full report is restricted. Reasons for earlier rounds are not transferred.,unresolved,not_identified,2026-09-17,manual_review_of_retrieved_sources_and_existing_evidence,No explicit affected occupation identified in the material reviewed. This does not mean none were affected or that no other source can identify them.,2,Culture Amp,0,0,0
layoff-2026-172,co_623d88ddfa62ad7d8055,2026-06-25,announcement,1,,,,,,,,announced_reduction,src_91cc7f4d29c8cda550a7,,2026-09-17,source_reviewed,"Company links the cuts broadly to using AI across the business, without specifying displaced work, changed roles or the destination of transferred investment. Explanation review: attributed reasons are recorded below with explicit specificity.",generic,not_identified,2026-09-17,manual_review_of_retrieved_sources_and_existing_evidence,No explicit affected occupation identified in the material reviewed. This does not mean none were affected or that no other source can identify them.,2,Amperity,1,1,0
layoff-2026-173,co_db1119076d568c39d8bc,2026-06-25,announcement,1,,,0.03,455.2,Consumer,Post-IPO,United States,announced_reduction,src_1783915e1b5b134b9039,src_e26f62684c1eaf13ca99,2026-09-17,source_reviewed,"MT Newswires reproduces the company response confirming removal of layers and identifies product, design and user-experience teams. April marketing cuts are a separate event.",specified,identified,2026-09-17,manual_review_of_retrieved_sources_and_existing_evidence,Functions explicitly identified for this event; the list is not necessarily exhaustive.,2,Sonos,1,0,1
layoff-2026-174,co_85cf761b66947ea2b97c,2026-06-25,announcement,1,,90,0.15,,,,,announced_reduction,src_51bea092f1229d96c31e,,2026-09-17,source_reviewed,"CEO connects reductions to concentrating resources on specified businesses, including security, trading and stablecoins. Mentioning AI-powered infrastructure does not establish a separate AI mechanism.",specified,not_identified,2026-09-17,manual_review_of_retrieved_sources_and_existing_evidence,No explicit affected occupation identified in the material reviewed. This does not mean none were affected or that no other source can identify them.,2,BitGo,1,0,0
layoff-2026-175,co_d5ad44951723e51dba15,2026-06-24,announcement,1,,,,,,,,announced_reduction,src_f62403133fd4cbeaf6c3,,2026-09-17,source_reviewed,"Company specifies unified R&D leadership, flatter leadership and unified go-to-market. AI security is the product context, not evidence of automated employee tasks.",specified,not_identified,2026-09-17,manual_review_of_retrieved_sources_and_existing_evidence,Product strategy and agent-oriented investment do not supply an occupation inventory.,2,Snyk,1,0,0
layoff-2026-176,co_5e7c4d821aae015726bb,2026-06-24,announcement,1,,,0.07,,,,,announced_reduction,src_e3e12e999088eb55c3fd,,2026-09-17,source_reviewed,"CEO explicitly describes AI-enabled leaner teams and fewer layers, including three engineering areas. Continued hiring does not cancel the announced cuts.",specified,not_identified,2026-09-17,manual_review_of_retrieved_sources_and_existing_evidence,"Engineering reorganization is described, but the statement does not explicitly enumerate terminated engineering occupations.",2,Elastic,2,1,0
layoff-2026-177,co_cc053368683b69b4baac,2026-06-24,announcement,1,,,,,,,,announced_reduction,src_45223d841aeff820c432,,2026-09-17,source_reviewed,"Report identifies closure of the Israeli operation, not the whole company; acquisition history does not establish duplicate-role elimination.",specified,not_identified,2026-09-17,manual_review_of_retrieved_sources_and_existing_evidence,No explicit affected occupation identified in the material reviewed. This does not mean none were affected or that no other source can identify them.,2,Cyberbit,1,0,0
layoff-2026-178,co_f1bd4a5c1cab487a27e0,2026-06-23,announcement,1,,,0.05,,,,,announced_reduction,src_5fa9d790e50b738ecd61,src_81e498bc1021ac3cfc3f,2026-09-17,source_reviewed,Full report includes a direct company response but no concrete mechanism or affected functions. It also relays a report that cuts are unrelated to AI; the original speaker is not identified. Explanation review: attributed reasons are recorded below with explicit specificity.,generic,not_identified,2026-09-17,manual_review_of_retrieved_sources_and_existing_evidence,No explicit affected occupation identified in the material reviewed. This does not mean none were affected or that no other source can identify them.,2,Lazada Group,1,0,0
layoff-2026-179,co_b1cc2e711844d63d9a85,2026-06-23,announcement,1,,54,0.2,,,,,announced_reduction,src_e54a8e4374423c3b0aa4,,2026-09-17,source_reviewed,Report connects the reductions to a specific reorganization into five clusters under an updated mandate.,specified,not_identified,2026-09-17,manual_review_of_retrieved_sources_and_existing_evidence,No explicit affected occupation identified in the material reviewed. This does not mean none were affected or that no other source can identify them.,2,Ethereum Foundation,1,0,0
layoff-2026-181,co_cee2652a1da7abdbe0d8,2026-06-22,announcement,1,,,,,,,,disputed_event_size,src_e3ddd1803a49b0050846,src_e3ddd1803a49b0050846,2026-09-17,source_reviewed,"Updated original report contradicts the tracker’s 70% figure: CEO says approximately 30%, while anonymous sources estimate 100 departures from a 150-person team. Keep both accounts, not a single settled count.",specified,unit_only,2026-09-17,manual_review_of_retrieved_sources_and_existing_evidence,A business unit or broad scope is named; this does not supply a complete occupation breakdown.,2,91Trucks,3,0,0
layoff-2026-182,co_371c4604059075fe4764,2026-06-22,announcement,1,,,,,,,,announced_reduction,src_f03c5f64fc589d109887,,2026-09-17,source_reviewed,"Company cites a leaner organization after acquisition. Neither timing nor general flexibility language specifies integration, duplication or another mechanism. Explanation review: attributed reasons are recorded below with explicit specificity.",generic,not_identified,2026-09-17,manual_review_of_retrieved_sources_and_existing_evidence,No explicit affected occupation identified in the material reviewed. This does not mean none were affected or that no other source can identify them.,2,Tractive,1,0,0
layoff-2026-183,co_3034195b7be6c820da52,2026-06-22,announcement,1,,1500,0.18,8300.0,Transportation,Post-IPO,United States,announced_reduction,src_f3654349be631abb06d7,,2026-09-17,source_reviewed,Filing quoted in reporting targets profitability and lower operating expense; company removes the COO role and ends a factory shift.,specified,identified,2026-09-17,manual_review_of_retrieved_sources_and_existing_evidence,Functions explicitly identified for this event; the list is not necessarily exhaustive.,2,Lucid Motors,2,0,1
layoff-2026-184,co_7cd31df9315014c144dd,2026-06-17,announcement,1,,,0.1,,,,,announced_reduction,src_eb1750fc13288f5bdd86,,2026-09-17,source_reviewed,CEO announces AI training and a faster company but does not identify specific displaced work or changes in roles and workflows. Explanation review: attributed reasons are recorded below with explicit specificity.,generic,not_identified,2026-09-17,manual_review_of_retrieved_sources_and_existing_evidence,No explicit affected occupation identified in the material reviewed. This does not mean none were affected or that no other source can identify them.,2,Optimove,1,1,0
layoff-2026-185,co_4b587327e8a8d608098f,2026-06-17,announcement,1,,400,0.25,,,,,announced_plan,src_0f9da3c39bac4ca0c886,,2026-09-17,source_reviewed,"Company plan ties workforce reductions to AI adoption across core workflows, cost savings and capital reallocation into AI applications, infrastructure and expertise. Completion is expected around year-end.",specified,not_identified,2026-09-17,manual_review_of_retrieved_sources_and_existing_evidence,No explicit affected occupation identified in the material reviewed. This does not mean none were affected or that no other source can identify them.,2,Lastminute,3,1,0
layoff-2026-186,co_713349596e09e13382f3,2026-06-16,announcement,1,,,,,,,,announced_reduction,src_78e1c05b8eca534df09d,,2026-09-17,source_reviewed,CEO links reductions to a different skill mix for Prividium and regulated-financial-institution infrastructure.,specified,not_identified,2026-09-17,manual_review_of_retrieved_sources_and_existing_evidence,No explicit affected occupation identified in the material reviewed. This does not mean none were affected or that no other source can identify them.,2,Matter Labs,1,0,0
layoff-2026-187,co_2bbda5703bf27265b10e,2026-06-16,announcement,1,,200,0.4,,,,,announced_reduction,src_b2f90c5dcbc8f2221cdf,,2026-09-17,source_reviewed,CEO describes AI eliminating entire work chains and making some roles redundant; company also specifies flattening the organization.,specified,not_identified,2026-09-17,manual_review_of_retrieved_sources_and_existing_evidence,No explicit affected occupation identified in the material reviewed. This does not mean none were affected or that no other source can identify them.,2,Artlist,2,1,0
layoff-2026-188,co_97940e58a4948f33a943,2026-06-16,announcement,1,,,,,,,,announced_reduction,src_2de6a045f27f4d9780e1,,2026-09-17,partial,"Tracker identifies the event, but the linked source could not be read in full during this review. A specific mechanism remains unverified.",unresolved,not_identified,2026-09-17,manual_review_of_retrieved_sources_and_existing_evidence,No explicit affected occupation identified in the material reviewed. This does not mean none were affected or that no other source can identify them.,2,FNZ,0,0,0
layoff-2026-189,co_3fc332e131b837b7d424,2026-06-16,announcement,1,,,0.15,,,,,announced_plan,src_53c159b823ed03e98dc0,src_7bdfca1cc0dcf738164b,2026-09-17,source_reviewed,"June 16 filing links a 15% reduction to legacy Public Cloud service delivery, resource reallocation toward enterprise AI and expected annual savings. It does not say all affected workers are replaced by AI.",specified,identified,2026-09-17,manual_review_of_retrieved_sources_and_existing_evidence,Functions explicitly identified for this event; the list is not necessarily exhaustive.,2,Rackspace,3,1,1
layoff-2026-190,co_0555fb466c478c3cae48,2026-06-16,announcement,1,,,0.02,,,,,announced_reduction,src_f4e4a8ce70d839625275,,2026-09-17,source_reviewed,Company connects the restructuring to profitable growth; no specific AI mechanism is established.,specified,not_identified,2026-09-17,manual_review_of_retrieved_sources_and_existing_evidence,No explicit affected occupation identified in the material reviewed. This does not mean none were affected or that no other source can identify them.,2,Rivian,1,0,0
layoff-2026-191,co_73b60284928a37fe534e,2026-06-12,announcement,1,,50,,,,,,announced_reduction,src_59991296728e256cc344,,2026-09-17,source_reviewed,"Company describes focus, simpler decisions and new technology generally, without specifying a staffing mechanism. Explanation review: attributed reasons are recorded below with explicit specificity.",generic,identified,2026-09-17,manual_review_of_retrieved_sources_and_existing_evidence,Functions explicitly identified for this event; the list is not necessarily exhaustive.,2,Pleo,1,0,3
layoff-2026-192,co_a11413b0a4a315c2819e,2026-06-11,announcement,1,,54,,,,,,announced_reduction,src_b0d98017b9560bdc13a5,,2026-09-17,source_reviewed,WARN-based reporting identifies 54 planned August departures but gives no causal explanation for the ServiceNow event.,unspecified,not_identified,2026-09-17,manual_review_of_retrieved_sources_and_existing_evidence,No explicit affected occupation identified in the material reviewed. This does not mean none were affected or that no other source can identify them.,2,ServiceNow,0,0,0
layoff-2026-193,co_2faa8bd0603d45617e25,2026-06-10,announcement,1,,,,,,,,announced_reduction,src_e8d2380fa646607ebb1b,,2026-09-17,source_reviewed,"Report explicitly says a direct AI connection is unclear. The 8% figure concerns developers, not all employees. Explanation review: attributed reasons are recorded below with explicit specificity.",generic,identified,2026-09-17,manual_review_of_retrieved_sources_and_existing_evidence,Functions explicitly identified for this event; the list is not necessarily exhaustive.,2,Shopee,1,0,1
layoff-2026-194,co_5c09ed10c1f490a90b75,2026-06-10,announcement,1,,,,,,,,uncertain,src_f3e47acb4975baeb91bf,,2026-09-17,source_reviewed,"CEO links closure to bringing operational work back to the US and smaller AI-native teams. The cited 250 employees describes 2024 staffing, not confirmed June departures.",specified,identified,2026-09-17,manual_review_of_retrieved_sources_and_existing_evidence,Functions explicitly identified for this event; the list is not necessarily exhaustive.,2,Opendoor,2,0,1
layoff-2026-195,co_c1e8ed658c48f181f559,2026-06-10,announcement,1,,,0.25,,,,,uncertain,src_8202c0206414591b532d,src_56a1e1e9ca042da56c78,2026-09-17,source_reviewed,"June plan targets operating-cost reductions. Later filing links this plan to AI tools and agents, but does not specify what work was displaced. The 111 estimate uses an older workforce denominator.",specified,not_identified,2026-09-17,manual_review_of_retrieved_sources_and_existing_evidence,No explicit affected occupation identified in the material reviewed. This does not mean none were affected or that no other source can identify them.,2,Veritone,1,0,0
layoff-2026-196,co_b2a940b2a2ea3fe619e3,2026-06-09,announcement,1,,400,0.01,,,,,announced_reduction,src_a70f7211d498ea5cccd4,,2026-09-17,source_reviewed,"Company attributes approximately 400 departures to the performance appraisal cycle. AI hiring is separate context, not evidence that AI caused these cuts.",specified,not_identified,2026-09-17,manual_review_of_retrieved_sources_and_existing_evidence,No explicit affected occupation identified in the material reviewed. This does not mean none were affected or that no other source can identify them.,2,Paytm,1,0,0
layoff-2026-197,co_2228d3257dbc94ca94e1,2026-06-09,announcement,1,,58,,,,,,announced_reduction,src_c3ae590700c63e183ae2,src_b0d98017b9560bdc13a5,2026-09-17,source_reviewed,"WARN-based reporting identifies 58 planned August departures at Verily, without a causal explanation.",unspecified,not_identified,2026-09-17,manual_review_of_retrieved_sources_and_existing_evidence,No explicit affected occupation identified in the material reviewed. This does not mean none were affected or that no other source can identify them.,2,Verily,0,0,0
layoff-2026-198,co_33a7935db79df2a3bf5a,2026-06-09,announcement,1,,86,,65.0,Sales,Post-IPO,United States,announced_reduction,src_8039f6966d5361fd7da5,src_b0d98017b9560bdc13a5,2026-09-17,source_reviewed,"Alternative WARN coverage confirms 86 Salesforce departures scheduled for August, but does not specify a mechanism. AI strategy alone does not establish one.",unspecified,not_identified,2026-09-17,manual_review_of_retrieved_sources_and_existing_evidence,No explicit affected occupation identified in the material reviewed. This does not mean none were affected or that no other source can identify them.,2,Salesforce,0,0,0
layoff-2026-199,co_0626e4c636221bf01801,2026-06-08,announcement,1,,110,0.5,344.0,Manufacturing,Series C,Israel,announced_reduction,src_5e33a00d835bdb81a9ed,,2026-09-17,source_reviewed,Company specifies a pivot toward robotics and drones and reliance on distribution partners that reduces internal support needs. Funding problems are context without an explicit event-level attribution.,specified,identified,2026-09-17,manual_review_of_retrieved_sources_and_existing_evidence,Functions explicitly identified for this event; the list is not necessarily exhaustive.,2,Hailo,1,0,2
layoff-2026-200,co_4dc4772adc8b238b3261,2026-06-08,announcement,1,,,,,,,,announced_reduction,src_de2b577f5f8cde2b9ea1,,2026-09-17,source_reviewed,Company email invokes changes in strategy and operating priorities without identifying a concrete mechanism. Explanation review: attributed reasons are recorded below with explicit specificity.,generic,not_identified,2026-09-17,manual_review_of_retrieved_sources_and_existing_evidence,No explicit affected occupation identified in the material reviewed. This does not mean none were affected or that no other source can identify them.,2,Tools for Humanity,1,0,0
layoff-2026-201,co_bfcccea7caaf456c3977,2026-06-07,announcement,1,,15,,,,,,announced_reduction,src_bb141036792f577bd771,,2026-09-17,source_reviewed,"CTech frames the current cuts as an efficiency effort in its headline. The article supplies no company explanation or concrete mechanism; this is the publication’s attribution. Existing overlap, count and plan-scope caveats remain applicable.",generic,identified,2026-09-17,manual_review_of_retrieved_sources_and_existing_evidence,Functions explicitly identified for this event; the list is not necessarily exhaustive.,2,Zencity,1,0,3
layoff-2026-202,co_6a5eff6f5e7c2523ff7c,2026-06-05,announcement,1,,,,,,,,announced_reduction,src_0cda71f0a2b5c176bd48,,2026-09-17,source_reviewed,"Company gives a general explanation. Employees mention AI, competition and the economy, but do not specify an AI staffing mechanism. Explanation review: attributed reasons are recorded below with explicit specificity.",generic,identified,2026-09-17,manual_review_of_retrieved_sources_and_existing_evidence,Functions explicitly identified for this event; the list is not necessarily exhaustive.,2,FanDuel,3,1,3
layoff-2026-203,co_47baa00dd87982edbb38,2026-06-05,announcement,1,,79,,,,,,announced_reduction,src_b0d98017b9560bdc13a5,,2026-09-17,source_reviewed,"WARN-based reporting gives 79 departures on June 5, with no stated mechanism.",unspecified,not_identified,2026-09-17,manual_review_of_retrieved_sources_and_existing_evidence,No explicit affected occupation identified in the material reviewed. This does not mean none were affected or that no other source can identify them.,2,Quizlet,0,0,0
layoff-2026-204,co_ce770667e5f9b0d8f553,2026-06-04,announcement,1,,,,,,,,announced_reduction,src_88888ece26fb39472cf7,,2026-09-17,partial,"Tracker identifies the event, but the linked source could not be read in full during this review. A specific mechanism remains unverified.",unresolved,identified,2026-09-17,manual_review_of_retrieved_sources_and_existing_evidence,Functions explicitly identified for this event; the list is not necessarily exhaustive.,2,Google,0,0,1
layoff-2026-205,co_3cfbdbc3ba7620f9b1c6,2026-06-03,announcement,1,,,,,,Post-IPO,,announced_reduction,src_b344c4c6792b172edfe5,,2026-09-17,source_reviewed,Company identifies overlapping responsibilities and fragmented teams and explicitly denies AI caused these cuts. Company-wide percentage is well under 1%; 23% applies only to the people division.,specified,identified,2026-09-17,manual_review_of_retrieved_sources_and_existing_evidence,Functions explicitly identified for this event; the list is not necessarily exhaustive.,2,Uber,1,0,1
layoff-2026-206,co_224b26457790bfce7140,2026-06-03,announcement,1,,100,0.2,,,,,announced_reduction,src_2ca7fe5be37fabe8dd15,,2026-09-17,source_reviewed,"Company invokes AI and faster workflows, but does not specify changed tasks, displaced roles or transferred investment. AI-first language alone is insufficient. Explanation review: attributed reasons are recorded below with explicit specificity.",generic,not_identified,2026-09-17,manual_review_of_retrieved_sources_and_existing_evidence,No explicit affected occupation identified in the material reviewed. This does not mean none were affected or that no other source can identify them.,2,Skai,1,1,0
layoff-2026-207,co_41be4a26ae36b4dc00ac,2026-06-02,announcement,1,,10,,,,,,announced_reduction,src_ad556b70cea39cf96004,,2026-09-17,source_reviewed,"Report links additional cuts to cost reduction and an outsourcing-based operating model. Financing difficulties are documented, but the prior-year near-collapse is not this event.",specified,not_identified,2026-09-17,manual_review_of_retrieved_sources_and_existing_evidence,No explicit affected occupation identified in the material reviewed. This does not mean none were affected or that no other source can identify them.,2,Aleph Farms,2,0,0
layoff-2026-208,co_55d5f29cd94ac4d969bd,2026-06-02,announcement,1,,,0.06,,,,,announced_plan,src_b0b91083a693951c1f5b,src_adef04e9298f4e6c7c84,2026-09-17,source_reviewed,"Company filing specifies 6% planned cuts and general efficiency and investment priorities, without identifying the concrete mechanism. Explanation review: attributed reasons are recorded below with explicit specificity.",generic,not_identified,2026-09-17,manual_review_of_retrieved_sources_and_existing_evidence,No explicit affected occupation identified in the material reviewed. This does not mean none were affected or that no other source can identify them.,2,Manhattan Associates,1,0,0
layoff-2026-209,co_ea4a89f1080dddd8c2d2,2026-06-01,announcement,1,,75,0.17,,,,,announced_reduction,src_20ec1377074925cc83ff,,2026-09-17,source_reviewed,"CEO ties the workforce change to a move into AI-model development requiring different technical expertise. AI competition and funding from Facetune are context, not separate causal assignments.",specified,identified,2026-09-17,manual_review_of_retrieved_sources_and_existing_evidence,Functions explicitly identified for this event; the list is not necessarily exhaustive.,2,Lightricks,2,1,2
layoff-2026-210,co_52b22789c4c6e72b4c48,2026-05-30,announcement,1,,117,,,,,,announced_reduction,src_334a299883f524484dce,src_3d54d761b791dbb9abc9,2026-09-17,source_reviewed,"Intuit’s May 20 employee letter explicitly identifies elimination of overlapping TurboTax and Credit Karma roles following integration. Local reporting places this notice within that plan; it does not show that each of the 117 positions had the same rationale. Existing overlap, count and plan-scope caveats remain applicable.",specified,identified,2026-09-17,manual_review_of_retrieved_sources_and_existing_evidence,Functions explicitly identified for this event; the list is not necessarily exhaustive.,2,Credit Karma,1,0,8
layoff-2026-211,co_dd2ab88fd55761022915,2026-05-29,announcement,1,,,,,,,,uncertain,src_9f492205427844806603,,2026-09-17,source_reviewed,Anonymous accounts attribute restructuring to AI automation and weaker enrollment; cofounder disputes the enrollment claim and reports fewer than 50 affected. The source does not identify the tasks automated.,specified,not_identified,2026-09-17,manual_review_of_retrieved_sources_and_existing_evidence,No explicit affected occupation identified in the material reviewed. This does not mean none were affected or that no other source can identify them.,2,Interview Kickstart,1,0,0
layoff-2026-212,co_d5d196453d76412891c0,2026-05-29,announcement,1,,230,0.08,,,,,announced_reduction,src_c45ad1243f44b0e94623,,2026-09-17,source_reviewed,"CEO links cuts to concentrating on more profitable AI and data operations, a specified change in business focus; no employee replacement mechanism is established.",specified,not_identified,2026-09-17,manual_review_of_retrieved_sources_and_existing_evidence,No explicit affected occupation identified in the material reviewed. This does not mean none were affected or that no other source can identify them.,2,SentinelOne,1,0,0
layoff-2026-213,co_e05580206209d3abf028,2026-05-28,announcement,1,,,,,,,,announced_reduction,src_4c2ea64cc9fb154ec60f,,2026-09-17,source_reviewed,CEO explicitly connects a smaller organization with AI-enabled speed and performance and redirects resources to AI investment; reporting also identifies an entire department closure.,specified,not_identified,2026-09-17,manual_review_of_retrieved_sources_and_existing_evidence,No explicit affected occupation identified in the material reviewed. This does not mean none were affected or that no other source can identify them.,2,Rapyd,3,1,0
layoff-2026-214,co_22c09a6dfc9f10446012,2026-05-28,announcement,1,,,0.07,,,,,announced_reduction,src_b6af4515698daf631e19,,2026-09-17,source_reviewed,"Generic-explanation follow-up: concrete attributed detail recovered; see cause_details for speaker, event/subset scope and access limits. Existing count and overlap caveats remain.",specified,not_identified,2026-09-17,manual_review_of_retrieved_sources_and_existing_evidence,No explicit affected occupation identified in the material reviewed. This does not mean none were affected or that no other source can identify them.,2,Amdocs,2,1,0
layoff-2026-215,co_3c58565b51d3216de663,2026-05-28,announcement,1,,68,0.3,,,,,announced_reduction,src_feaf74b58b099da7a593,src_57f2c604904fd40ecf9c,2026-09-17,source_reviewed,CEO statement directly connects the 30% reduction to redesigning teams around human–agent collaboration. Listed workflows are not an explicit inventory of terminated roles.,specified,not_identified,2026-09-17,manual_review_of_retrieved_sources_and_existing_evidence,"Engineering, operations and science describe where agents are used. The CEO does not explicitly identify the occupations eliminated.",2,BenchSci,1,1,0
layoff-2026-216,co_e4459b69f687af779ac1,2026-05-27,announcement,1,,,,,,,,announced_reduction,src_72b6a7a45017360950ee,,2026-09-17,source_reviewed,"CEO describes AI disruption of simple website building, a shift toward an agentic marketing platform, and fewer handoffs and approvals.",specified,not_identified,2026-09-17,manual_review_of_retrieved_sources_and_existing_evidence,No explicit affected occupation identified in the material reviewed. This does not mean none were affected or that no other source can identify them.,2,Webflow,3,1,0
layoff-2026-217,co_35b1a7722289e1b6d51c,2026-05-27,announcement,1,,77,,,,,,announced_reduction,src_243088ba6f62abcd317a,,2026-09-17,source_reviewed,"Generic-explanation follow-up: concrete attributed detail recovered; see cause_details for speaker, event/subset scope and access limits. Existing count and overlap caveats remain.",specified,identified,2026-09-17,manual_review_of_retrieved_sources_and_existing_evidence,Functions explicitly identified for this event; the list is not necessarily exhaustive.,2,NetApp,2,0,3
layoff-2026-218,co_924075d9b4e2991cf17f,2026-05-26,announcement,1,,,1.0,,,,,announced_reduction,src_03a5cc59b07266bba7be,src_2fb653d10fdf224a33aa,2026-09-17,source_reviewed,Restaurant Business reporting confirms closure and an assignment of assets for creditor repayment on May 11. The public announcement is in May; functions are not broken down.,specified,not_identified,2026-09-17,manual_review_of_retrieved_sources_and_existing_evidence,No explicit affected occupation identified in the material reviewed. This does not mean none were affected or that no other source can identify them.,2,Picnic,2,0,0
layoff-2026-219,co_e6b8d9474f34a7eb96cb,2026-05-26,announcement,1,,400,0.25,,,,,announced_plan,src_9a51f91e9b77c00f7b91,src_d3e3ad1a6200de1fbbe1,2026-09-17,source_reviewed,Company filing specifies savings and reinvestment in AI infrastructure among other destinations. It does not establish specific task replacement.,specified,not_identified,2026-09-17,manual_review_of_retrieved_sources_and_existing_evidence,No explicit affected occupation identified in the material reviewed. This does not mean none were affected or that no other source can identify them.,2,Groupon,2,1,0
layoff-2026-220,co_20d8d52197bf275562d4,2026-05-26,announcement,1,,,0.2,,,,,announced_reduction,src_d0eaaaf08a7e8fbbb06b,,2026-09-17,source_reviewed,Founder invokes AI-first development and operations but does not describe which tasks or roles change sufficiently to assign an AI mechanism. Explanation review: attributed reasons are recorded below with explicit specificity.,generic,not_identified,2026-09-17,manual_review_of_retrieved_sources_and_existing_evidence,No explicit affected occupation identified in the material reviewed. This does not mean none were affected or that no other source can identify them.,2,BigID,1,1,0
layoff-2026-221,co_ddb8e439b1bf0bc95a8e,2026-05-12,announcement,1,,45,,,,,,announced_reduction,src_5333ae047537a0071339,,2026-09-17,source_reviewed,"Company confirms R&D-location consolidation; reporting specifies work moving from Sydney to Taipei. AI denial is from an anonymous source, not the company spokesperson.",specified,identified,2026-09-17,manual_review_of_retrieved_sources_and_existing_evidence,Functions explicitly identified for this event; the list is not necessarily exhaustive.,2,Trend Micro,3,0,1
layoff-2026-222,co_c3d69acfd67b67d0d639,2026-04-22,announcement,1,,69,,,,,,announced_reduction,src_e442fef5c3b7bb14baea,,2026-09-17,partial,"Tracker identifies the event, but the linked source could not be read in full during this review. A specific mechanism remains unverified.",unresolved,unit_only,2026-09-17,manual_review_of_retrieved_sources_and_existing_evidence,A business unit or broad scope is named; this does not supply a complete occupation breakdown.,2,Noa Technologies,0,0,0
layoff-2026-223,co_5ba7da704f71c213f760,2026-04-21,announcement,1,,,,,,,,announced_reduction,src_e30480c2e37510e2c3f9,src_7848c7293b00d8f99309,2026-09-17,source_reviewed,"Termination-agreement templates reported by Polish media cite liquidation of employer Orion Software, a Zondacrypto group company. This supports closure of that employing entity, not a claim that the entire exchange formally entered bankruptcy. Existing overlap, count and plan-scope caveats remain applicable.",specified,not_identified,2026-09-17,manual_review_of_retrieved_sources_and_existing_evidence,No explicit affected occupation identified in the material reviewed. This does not mean none were affected or that no other source can identify them.,2,Zondacrypto,1,0,0
layoff-2026-224,co_76cbe82b9e4cd5544d38,2026-04-20,announcement,1,,200,,,,,,announced_plan,src_23f84846006477acee7a,src_38d0d6b51268276ae106,2026-09-17,source_reviewed,Company notice explicitly links reorganization to acquisition synergies and annual cost savings.,specified,not_identified,2026-09-17,manual_review_of_retrieved_sources_and_existing_evidence,No explicit affected occupation identified in the material reviewed. This does not mean none were affected or that no other source can identify them.,2,Qt Company,2,0,0
layoff-2026-225,co_36b77757d7b99f879dd7,2026-04-09,announcement,1,,,,,,,,multi_round_period,src_46c5757bb0ed92d2dd8c,src_46c5757bb0ed92d2dd8c,2026-09-17,source_reviewed,"Original article recovered, but its April 17 update combines April 2 and April 15 notices: headline/caption and body totals conflict. Functions are reported; a single event headcount cannot be reconciled.",unspecified,identified,2026-09-17,manual_review_of_retrieved_sources_and_existing_evidence,Functions explicitly identified for this event; the list is not necessarily exhaustive.,2,Qualcomm,0,0,4
layoff-2026-227,co_51f271e1d1947f5f6b10,2026-03-24,announcement,1,,,1.0,,,,,announced_reduction,src_671dcf50049871a7f6c4,,2026-09-17,source_reviewed,CEO confirms closure after financing was exhausted and an attempted sale failed. Selling an AI product does not make the closure AI-caused.,specified,not_identified,2026-09-17,manual_review_of_retrieved_sources_and_existing_evidence,No explicit affected occupation identified in the material reviewed. This does not mean none were affected or that no other source can identify them.,2,Flex AI,2,0,0
layoff-2026-228,co_c65ad3c6664316849936,2026-03-18,announcement,1,,,0.25,,,,,announced_reduction,src_4ae7232751648ea91bac,,2026-09-17,source_reviewed,"Foundation cites broad macro uncertainty and a crypto-market downturn without specifying lost demand, funding constraints or another operating mechanism. Explanation review: attributed reasons are recorded below with explicit specificity.",generic,not_identified,2026-09-17,manual_review_of_retrieved_sources_and_existing_evidence,No explicit affected occupation identified in the material reviewed. This does not mean none were affected or that no other source can identify them.,2,Algorand Foundation,1,0,0
layoff-2026-229,co_0f2fac89f62fb4a264b0,2026-03-12,announcement,1,,20,,,,,,announced_reduction,src_6b908a863b572c9dda2d,,2026-09-17,source_reviewed,CEO describes stopping workstreams rather than distributing the same work among fewer staff. This supports a strategic narrowing of activities; financial pressure is explicitly denied. Explanation review: attributed reasons are recorded below with explicit specificity.,specified,identified,2026-09-17,manual_review_of_retrieved_sources_and_existing_evidence,Functions explicitly identified for this event; the list is not necessarily exhaustive.,2,OP Labs,1,0,2
layoff-2026-230,co_c709e228ccedb37230d7,2026-03-05,announcement,1,,57,0.11,,,,,announced_reduction,src_7eadd17b4293ef0f906e,,2026-09-17,partial,"Tracker identifies the event, but the linked source could not be read in full during this review. A specific mechanism remains unverified.",unresolved,not_identified,2026-09-17,manual_review_of_retrieved_sources_and_existing_evidence,No explicit affected occupation identified in the material reviewed. This does not mean none were affected or that no other source can identify them.,2,Marketsource,0,0,0
layoff-2026-231,co_0d27788ae76d059e23de,2026-02-18,announcement,1,,250,,,,,,announced_reduction,src_618b4f6967c44101d426,,2026-09-17,partial,"Accessible preview confirms a proposed restructure and general simplification language; full article is restricted, and a concrete mechanism is not established.",unresolved,not_identified,2026-09-17,manual_review_of_retrieved_sources_and_existing_evidence,No explicit affected occupation identified in the material reviewed. This does not mean none were affected or that no other source can identify them.,2,Xero,0,0,0
layoff-2026-232,co_7e250c1fb76bb96f3f47,2026-02-09,announcement,1,,80,,,,,,announced_reduction,src_531add8a2d93bce798f7,,2026-09-17,source_reviewed,Executive producer links cuts to player engagement below the level needed to support the development-team size.,specified,unit_only,2026-09-17,manual_review_of_retrieved_sources_and_existing_evidence,A business unit or broad scope is named; this does not supply a complete occupation breakdown.,2,Riot Games,1,0,0
layoff-2026-233,co_23d27a7d9854b6ce10d3,2026-01-15,announcement,1,,35,,,,,,announced_reduction,src_7f186b4a35766c1190a2,,2026-09-17,partial,"Tracker identifies the event, but the linked source could not be read in full during this review. A specific mechanism remains unverified.",unresolved,identified,2026-09-17,manual_review_of_retrieved_sources_and_existing_evidence,Functions explicitly identified for this event; the list is not necessarily exhaustive.,2,Informatica,0,0,3
layoff-2026-234,co_3801a35c5182283990f6,2026-01-13,announcement,1,,,1.0,,,,,announced_reduction,src_94c01df2210aebf91746,src_94c01df2210aebf91746,2026-09-17,source_reviewed,"Full reporting of founder’s announcement confirms closure after unsuccessful product-market-fit attempts. The public announcement is January 2026, but the decision was made in October 2025.",specified,not_identified,2026-09-17,manual_review_of_retrieved_sources_and_existing_evidence,The public announcement is in 2026 but the closure decision was in 2025; no occupational breakdown is given.,2,Alle,1,0,0
layoff-2026-235,co_ac933c4a1a00d7cfd140,2026-06-03,announcement,1,,160,,,,,,announced_reduction,src_db18adfd2a5e7d7eb0c1,,2026-09-17,unavailable,"Tracker cites an internal memo. Search found general third-party commentary, but no usable event-specific causal source.",unavailable,not_identified,2026-09-17,manual_review_of_retrieved_sources_and_existing_evidence,No explicit affected occupation identified in the material reviewed. This does not mean none were affected or that no other source can identify them.,2,Dandy,0,0,0
